# Blender 4.4.0
# www.blender.org
mtllib Meshy_AI_I_would_like_a_textur_0510164104_texture.mtl
o Meshy_AI_I_would_like_a_textur_0510164104_texture
v -0.601215 0.165248 -0.459263
v -0.595507 0.149107 -0.451328
v -0.604729 0.144449 -0.450009
v -0.601709 0.235098 -0.459145
v -0.596587 0.250608 -0.450917
v -0.607810 0.250187 -0.453096
v -0.602652 0.140928 -0.443072
v -0.635787 0.150477 -0.419528
v -0.640509 0.238511 -0.417623
v -0.602731 0.258167 -0.443830
v -0.616031 0.253695 -0.404010
v -0.633148 0.140091 -0.403063
v -0.617670 0.257896 -0.415110
v -0.648991 0.156756 -0.417857
v -0.615567 0.142293 -0.400235
v -0.648710 0.180796 -0.412189
v -0.643298 0.226987 -0.411987
v -0.624183 0.249267 -0.397161
v -0.647306 0.100364 -0.384703
v -0.630065 0.099409 -0.375166
v -0.656066 0.114449 -0.385124
v -0.662448 0.101781 -0.360643
v -0.626301 0.164713 -0.391229
v -0.353325 0.082554 -0.382239
v -0.346477 0.091842 -0.383005
v -0.327108 0.082464 -0.388274
v -0.308627 0.085500 -0.382701
v -0.351604 0.070154 -0.371475
v -0.307276 0.095719 -0.374134
v -0.480737 -0.155721 -0.381348
v -0.514149 -0.110353 -0.381186
v -0.482995 -0.140828 -0.379201
v -0.532107 -0.086836 -0.380044
v -0.568183 -0.068260 -0.381209
v 0.616134 -0.062389 -0.376400
v 0.601187 -0.045803 -0.378068
v 0.647268 -0.077420 -0.377157
v -0.626351 -0.052131 -0.375309
v -0.593747 -0.052592 -0.380543
v -0.675929 -0.041804 -0.374206
v -0.639374 -0.034297 -0.374298
v 0.564804 -0.036477 -0.379897
v 0.565375 -0.043592 -0.375668
v 0.498114 -0.045645 -0.379523
v -0.355337 0.096547 -0.372360
v -0.647132 0.115495 -0.363851
v -0.466966 -0.164960 -0.374810
v -0.467128 -0.182876 -0.363679
v -0.559123 -0.078776 -0.375931
v -0.255186 -0.087902 -0.374509
v -0.248624 -0.073410 -0.376732
v -0.248774 -0.104904 -0.358171
v -0.257840 -0.077444 -0.374868
v -0.545026 -0.062839 -0.366052
v -0.747704 -0.089021 -0.374104
v -0.686599 -0.059407 -0.372179
v 0.466922 -0.065741 -0.375511
v 0.465251 -0.061028 -0.378882
v 0.496898 -0.050809 -0.375636
v 0.444756 -0.036473 -0.356364
v -0.614592 -0.029513 -0.365214
v -0.267669 0.048448 -0.371782
v -0.018822 0.116946 -0.369861
v 0.260668 0.056608 -0.372542
v 0.418916 0.048607 -0.371177
v -0.267219 0.113129 -0.371085
v -0.523501 -0.106826 -0.372757
v 0.713483 -0.156152 -0.366582
v 0.672069 -0.102601 -0.374521
v -0.770186 -0.116769 -0.366590
v -0.803786 -0.148399 -0.365408
v -0.737317 -0.086864 -0.368275
v -0.502628 -0.089866 -0.358896
v 0.424331 -0.094004 -0.375403
v 0.420553 -0.103963 -0.371308
v -0.750317 -0.062123 -0.351597
v 0.618470 -0.027449 -0.352040
v -0.636280 0.085625 -0.366331
v 0.934516 0.105877 -0.370611
v 0.926605 0.048693 -0.367948
v 0.957853 0.039096 -0.349011
v -0.654854 0.082112 -0.361651
v -0.368508 0.133770 -0.354356
v -0.905893 -0.183916 -0.365336
v -0.918293 -0.127613 -0.369429
v -0.865534 -0.124191 -0.363142
v -0.942470 -0.184179 -0.359236
v -0.959210 -0.124774 -0.357689
v 0.370033 -0.172071 -0.356939
v -0.770716 -0.091565 -0.366227
v 0.647496 -0.044082 -0.349199
v -0.267765 -0.068809 -0.359567
v 0.403106 -0.073467 -0.352655
v -0.692427 -0.033085 -0.358512
v 0.490072 -0.014779 -0.355733
v 0.572798 -0.021316 -0.360880
v -0.236432 -0.076691 -0.358153
v -0.700750 0.031109 -0.354370
v -0.618205 0.023000 -0.364207
v -0.628141 0.105237 -0.366905
v 0.941944 0.113462 -0.365812
v -0.555279 0.141962 -0.352666
v 0.539886 0.137694 -0.353928
v 0.915719 -0.213005 -0.357965
v 0.940205 -0.161704 -0.362092
v 0.944606 -0.212700 -0.361430
v -0.449040 -0.200372 -0.344825
v 0.955188 -0.161653 -0.359909
v -0.817118 -0.179346 -0.356727
v -0.812089 -0.181322 -0.354559
v -0.466488 -0.140458 -0.353289
v -0.445419 -0.169160 -0.347138
v -0.862043 -0.184203 -0.357160
v 0.725204 -0.179445 -0.355131
v 0.734727 -0.152450 -0.338311
v -0.498115 -0.060273 -0.358532
v -0.664760 -0.048572 -0.348199
v 0.586820 -0.047108 -0.348267
v -0.072697 -0.156159 -0.347014
v 0.323071 -0.089080 -0.352566
v 0.573583 -0.010381 -0.355740
v -0.551389 0.154686 -0.344849
v 0.934743 0.137892 -0.351958
v 0.878450 -0.209808 -0.349960
v -0.881346 -0.189178 -0.359039
v -0.433981 -0.201045 -0.334532
v 0.728107 -0.175836 -0.357685
v 0.871262 -0.154467 -0.359023
v 0.868043 -0.183779 -0.357937
v 0.850714 -0.180358 -0.357563
v 0.854829 -0.158368 -0.358508
v 0.709005 -0.111564 -0.340910
v -0.809623 -0.128073 -0.345320
v 0.860048 -0.082455 -0.361590
v 0.866685 -0.108534 -0.358674
v 0.841012 -0.108654 -0.357331
v -0.518460 -0.112363 -0.316445
v 0.811590 -0.089429 -0.346898
v 0.629463 -0.067095 -0.344205
v -0.708284 0.126400 -0.348938
v -0.256248 0.137412 -0.345136
v -0.035009 0.141937 -0.344656
v -0.975297 -0.188395 -0.334343
v -0.839514 -0.180579 -0.336157
v 0.874076 -0.191920 -0.349565
v 0.843990 -0.188502 -0.346759
v 0.974855 -0.201624 -0.347356
v 0.889548 -0.152479 -0.345376
v -0.973380 -0.139411 -0.348553
v 0.931425 -0.136114 -0.350503
v 0.921927 -0.127173 -0.343845
v -0.251609 -0.159376 -0.348515
v 0.366765 -0.144129 -0.345130
v 0.875229 -0.093077 -0.349995
v 0.868810 -0.068784 -0.350863
v 0.955723 0.113782 -0.350237
v -0.680916 0.135216 -0.351442
v -0.648465 -0.268695 -0.342026
v -0.631951 -0.261866 -0.348617
v -0.631701 -0.275247 -0.346523
v 0.841484 -0.175392 -0.344403
v 0.872584 -0.150427 -0.349195
v 0.367310 -0.184782 -0.346327
v 0.962873 -0.153608 -0.345860
v 0.954694 -0.141257 -0.347731
v 0.823945 -0.117277 -0.345725
v 0.864436 -0.117446 -0.347684
v -0.763483 -0.048395 -0.343875
v 0.954950 -0.042345 -0.334907
v 0.970979 -0.038006 -0.333444
v 0.978010 0.014384 -0.334562
v -0.734286 0.089098 -0.342378
v 0.967219 0.047826 -0.334042
v -0.688542 0.151598 -0.351057
v -0.657484 0.169017 -0.350736
v -0.340614 0.155558 -0.346233
v -0.540695 0.188604 -0.350293
v -0.532535 0.154793 -0.346109
v -0.547135 0.184614 -0.349915
v 0.516728 -0.279894 -0.338989
v 0.535531 -0.258114 -0.341776
v 0.547857 -0.283236 -0.341896
v 0.553836 -0.269583 -0.338350
v -0.621220 -0.272276 -0.341643
v -0.631604 -0.255214 -0.342216
v 0.992770 -0.217238 -0.310350
v 0.836149 -0.181957 -0.347367
v 0.839740 -0.197330 -0.343255
v -0.849009 -0.188064 -0.331400
v -0.819564 -0.189001 -0.342858
v 0.359392 -0.195137 -0.335274
v -0.252199 -0.198772 -0.335365
v -0.102103 -0.196408 -0.335284
v 0.998317 -0.165291 -0.321872
v -0.824043 -0.192048 -0.301999
v -0.847341 -0.115942 -0.332661
v -0.762882 -0.089009 -0.324267
v -0.884478 -0.118069 -0.328524
v -0.727769 -0.059216 -0.329396
v 0.971086 0.033924 -0.341931
v -0.286667 0.230807 -0.334834
v 0.364804 0.164270 -0.341449
v -0.594282 0.163880 -0.341806
v -0.349867 0.180805 -0.345252
v 0.698092 0.176217 -0.340919
v -0.619521 0.214916 -0.338251
v 0.556423 0.234580 -0.329507
v -0.548892 0.201635 -0.340424
v -0.625301 0.293584 -0.332593
v -0.616565 0.235706 -0.341948
v -0.641827 -0.284178 -0.334156
v 0.516543 -0.261618 -0.339019
v 0.923552 -0.215456 -0.340933
v 0.882493 -0.212467 -0.341372
v 0.983570 -0.214533 -0.333751
v -0.437401 -0.235324 -0.341282
v -0.442992 -0.230958 -0.341630
v 0.870311 -0.199064 -0.332889
v 0.828048 -0.193068 -0.334586
v -0.456730 -0.200253 -0.328519
v 0.742162 -0.181019 -0.337679
v 0.106674 -0.197112 -0.334116
v 0.378935 -0.158982 -0.328855
v 0.384166 -0.139934 -0.318445
v 0.943632 -0.132238 -0.325771
v -0.990510 -0.124077 -0.325621
v 0.401832 -0.111379 -0.310917
v 0.593034 -0.131003 -0.340167
v 0.580421 -0.107310 -0.335154
v 0.627212 -0.119636 -0.338182
v -0.995988 -0.117291 -0.239731
v -0.830500 0.030381 -0.333456
v 0.268139 0.175815 -0.334950
v -0.539328 0.242268 -0.333085
v -0.544774 0.234051 -0.342095
v -0.545041 0.214610 -0.344960
v -0.595802 0.269105 -0.334325
v -0.585540 -0.417476 -0.331706
v -0.560633 -0.385867 -0.336423
v -0.560833 -0.400930 -0.335147
v 0.532098 -0.290716 -0.337913
v -0.618884 -0.296657 -0.314227
v -0.433353 -0.297940 -0.337617
v -0.437526 -0.325293 -0.328824
v 0.741206 -0.330418 -0.330417
v 0.738026 -0.239482 -0.339923
v 0.751513 -0.322885 -0.329840
v 0.692241 -0.280913 -0.330074
v 0.686240 -0.268149 -0.334429
v 0.696609 -0.230234 -0.337454
v 0.527319 -0.249996 -0.333820
v 0.697003 -0.202032 -0.340331
v 0.723507 -0.180415 -0.331338
v 0.736305 -0.198119 -0.333579
v 0.704268 -0.195052 -0.334104
v 0.684849 -0.190543 -0.332232
v 0.672581 -0.173203 -0.341930
v 0.705114 -0.175709 -0.321994
v 0.674700 -0.150372 -0.328917
v 0.647775 -0.140009 -0.341029
v 0.705089 -0.154851 -0.305458
v -0.488060 -0.147990 -0.316863
v 0.658303 -0.126716 -0.329163
v 0.506625 -0.106321 -0.334951
v 0.548244 -0.099424 -0.336173
v 0.564667 -0.102556 -0.339342
v 0.965913 -0.051245 -0.309461
v -0.680254 -0.037413 -0.330393
v 0.898530 0.273520 -0.323978
v -0.625636 0.350340 -0.288179
v 0.910438 0.300069 -0.316220
v -0.672587 -0.381799 -0.331476
v -0.605487 -0.390183 -0.336985
v -0.660425 -0.417046 -0.325038
v -0.515018 -0.363969 -0.331190
v -0.519835 -0.376958 -0.335685
v -0.506239 -0.340077 -0.334486
v -0.485243 -0.297753 -0.334452
v 0.750254 -0.340741 -0.325905
v -0.427452 -0.333626 -0.317573
v -0.648168 -0.292806 -0.311124
v -0.603672 -0.280872 -0.315502
v 0.688620 -0.297136 -0.334405
v -0.474096 -0.264021 -0.332492
v -0.470520 -0.276447 -0.332529
v 0.506130 -0.272591 -0.326558
v -0.477200 -0.251965 -0.336507
v 0.510996 -0.258366 -0.330456
v -0.461543 -0.246832 -0.334420
v 0.707423 -0.260201 -0.329022
v -0.634246 -0.247726 -0.316599
v 0.550446 -0.254319 -0.313222
v -0.468065 -0.235383 -0.330974
v 0.712099 -0.226991 -0.321585
v -0.459239 -0.223312 -0.337730
v 0.953273 -0.216668 -0.311162
v -0.567226 -0.196574 -0.316333
v -0.510597 -0.185229 -0.335632
v -0.473689 -0.206248 -0.339258
v 0.661763 -0.209661 -0.333141
v 0.711302 -0.209661 -0.313274
v 0.997869 -0.213099 -0.310318
v -0.483073 -0.182432 -0.324641
v 0.628967 -0.222190 -0.313459
v 0.737902 -0.191492 -0.333063
v 0.373034 -0.178140 -0.329770
v -0.514835 -0.165584 -0.336029
v -0.495297 -0.166066 -0.330700
v 0.712099 -0.174467 -0.321036
v -0.531731 -0.147749 -0.335935
v -0.555546 -0.148097 -0.333072
v 0.978058 -0.141688 -0.325359
v -0.499096 -0.131787 -0.316787
v 0.953875 -0.141422 -0.326140
v 0.424356 -0.124353 -0.331026
v 0.453240 -0.115917 -0.333371
v 0.477130 -0.117970 -0.335673
v 0.646355 -0.121278 -0.328568
v 0.491675 -0.102740 -0.335076
v 0.474112 -0.092316 -0.321032
v 0.415701 -0.086811 -0.256573
v 0.614247 -0.096823 -0.326121
v 0.635008 -0.103610 -0.314089
v 0.494032 -0.084590 -0.321450
v 0.526896 -0.089910 -0.328483
v 0.597446 -0.098657 -0.325242
v -0.871776 -0.114782 -0.327371
v 0.515305 -0.079357 -0.321733
v 0.572423 -0.083741 -0.325925
v 0.540078 -0.080503 -0.322459
v -0.758719 0.110280 -0.324880
v 0.365660 0.179802 -0.334231
v 0.015049 0.343707 -0.305657
v -0.551914 0.314771 -0.320901
v -0.591186 0.264622 -0.329153
v -0.631498 -0.418137 -0.333629
v -0.627838 -0.424752 -0.329164
v -0.646135 -0.424970 -0.328552
v -0.614135 -0.417472 -0.325621
v -0.601315 -0.424603 -0.328740
v -0.669036 -0.417071 -0.328677
v -0.578311 -0.423985 -0.321935
v -0.544703 -0.407901 -0.316661
v -0.516399 -0.383646 -0.331228
v -0.508685 -0.371202 -0.324994
v -0.721168 -0.384639 -0.327769
v -0.738902 -0.352187 -0.329963
v 0.615004 -0.376877 -0.322664
v 0.643167 -0.360199 -0.325569
v 0.649450 -0.375351 -0.324645
v -0.487923 -0.346525 -0.325160
v -0.578013 -0.317967 -0.306958
v 0.664360 -0.338180 -0.333326
v 0.671689 -0.323551 -0.329154
v 0.676002 -0.338231 -0.329077
v -0.478927 -0.321304 -0.326906
v -0.470745 -0.297689 -0.329028
v 0.551392 -0.292523 -0.309457
v 0.699651 -0.296989 -0.325518
v -0.440966 -0.253736 -0.300505
v -0.612133 -0.253829 -0.316042
v -0.449014 -0.267917 -0.307783
v -0.437025 -0.189134 -0.290609
v -0.445966 -0.195800 -0.325251
v 0.931457 -0.193333 -0.329764
v -0.456044 -0.200477 -0.326064
v -0.423903 -0.195267 -0.327733
v 0.894898 -0.197023 -0.333313
v -0.463473 -0.190731 -0.318764
v 0.702130 -0.190891 -0.321725
v -0.763202 -0.193106 -0.326894
v -0.766342 -0.162490 -0.320633
v -0.739193 -0.164414 -0.328110
v -0.460908 -0.184287 -0.321690
v -0.474287 -0.164192 -0.321090
v 0.384747 -0.149146 -0.324695
v -0.733952 -0.132561 -0.327979
v -0.701677 -0.135215 -0.328418
v -0.626452 -0.150556 -0.322997
v -0.576519 -0.115732 -0.332412
v -0.514299 -0.123124 -0.313640
v -0.639576 -0.103724 -0.328368
v -0.530774 -0.111591 -0.310093
v -0.618095 -0.099592 -0.323775
v -0.588090 -0.111473 -0.324718
v -0.569590 -0.108551 -0.325647
v -0.892220 -0.087886 -0.326834
v -0.538115 -0.096679 -0.296702
v 0.502628 -0.088301 -0.324671
v -0.896558 -0.069271 -0.332365
v -0.876513 -0.061977 -0.325604
v -0.906284 -0.069603 -0.324977
v -0.900222 -0.062577 -0.325694
v 0.505809 -0.040677 -0.306471
v -0.903397 0.022628 -0.311906
v 0.985663 0.030577 -0.256256
v -0.846275 0.078730 -0.316598
v -0.716437 0.140942 -0.321870
v -0.702767 0.163373 -0.317184
v -0.352262 0.319864 -0.324053
v -0.592384 0.351026 -0.321325
v -0.573526 0.326631 -0.325040
v -0.531101 0.331114 -0.322977
v -0.327470 0.342027 -0.327379
v -0.553874 0.363526 -0.328818
v -0.531063 0.360470 -0.332450
v -0.558431 0.356651 -0.323314
v -0.494826 0.360607 -0.329338
v -0.494314 0.347789 -0.320002
v -0.531184 0.375137 -0.322011
v -0.642785 -0.432236 -0.318359
v -0.705058 -0.409055 -0.316667
v 0.585073 -0.401693 -0.320031
v 0.579901 -0.413816 -0.324940
v 0.556367 -0.405795 -0.326495
v -0.614359 -0.348757 -0.312412
v 0.560478 -0.344044 -0.308373
v 0.658268 -0.362537 -0.320147
v -0.656179 -0.344243 -0.312588
v -0.761572 -0.352351 -0.320091
v -0.767500 -0.322419 -0.325007
v -0.764053 -0.305464 -0.327275
v 0.682836 -0.326501 -0.320469
v -0.782082 -0.322028 -0.316764
v -0.564260 -0.302310 -0.306708
v -0.768527 -0.243357 -0.327930
v 0.504088 -0.280878 -0.303323
v -0.787807 -0.267593 -0.324532
v -0.653086 -0.272648 -0.315154
v -0.556125 -0.260451 -0.304648
v 0.563389 -0.273388 -0.307002
v -0.783324 -0.253112 -0.321512
v -0.787338 -0.235814 -0.323376
v -0.782837 -0.209902 -0.323586
v -0.429210 -0.183571 -0.316826
v -0.790682 -0.203243 -0.313581
v 0.917903 -0.198346 -0.327146
v -0.870056 -0.188302 -0.282218
v 0.370276 -0.181027 -0.318507
v 0.363101 -0.182585 -0.319844
v -0.482138 -0.169702 -0.319898
v 0.599013 -0.192469 -0.311184
v 0.720620 -0.183873 -0.313930
v -0.757016 -0.141721 -0.315736
v -0.782304 -0.114988 -0.305132
v -0.685965 -0.188543 -0.307290
v -0.505614 -0.131820 -0.308135
v 0.970303 -0.141628 -0.313241
v -0.718333 -0.129453 -0.324181
v -0.696029 -0.111666 -0.329070
v -0.679261 -0.093713 -0.313671
v 0.457318 -0.092539 -0.305255
v -0.893805 -0.113564 -0.317368
v -0.903504 -0.087107 -0.321460
v 0.555547 -0.076622 -0.305728
v 0.458747 -0.057022 -0.285727
v 0.980572 -0.041859 -0.305629
v 0.966948 0.109876 -0.322225
v 0.380449 0.334420 -0.315917
v 0.128666 0.259901 -0.321971
v 0.140872 0.329871 -0.317736
v -0.264799 0.355868 -0.307974
v 0.219053 0.337353 -0.318624
v 0.387897 0.266701 -0.324076
v 0.905313 0.289357 -0.333053
v 0.895631 0.296176 -0.329059
v -0.295327 0.337499 -0.319448
v -0.495343 0.368578 -0.323060
v 0.515281 -0.410703 -0.325577
v 0.543630 -0.413110 -0.320727
v 0.515589 -0.427473 -0.314227
v 0.493742 -0.424045 -0.316905
v 0.494251 -0.402711 -0.319260
v -0.716645 -0.411578 -0.304820
v 0.519047 -0.374055 -0.317776
v 0.602176 -0.386135 -0.325928
v 0.617292 -0.412043 -0.316964
v -0.734455 -0.385113 -0.317477
v 0.469274 -0.405924 -0.320164
v 0.630095 -0.392132 -0.317049
v -0.746223 -0.368992 -0.312354
v 0.598974 -0.319438 -0.309531
v -0.776830 -0.338437 -0.300686
v -0.462988 -0.289162 -0.316252
v 0.504712 -0.261242 -0.305670
v 0.616599 -0.264693 -0.307718
v -0.706057 -0.218673 -0.306214
v -0.397058 -0.187311 -0.318880
v 0.378379 -0.202290 -0.317956
v 0.401694 -0.205476 -0.319121
v 0.895809 -0.190979 -0.320287
v -0.256265 -0.193614 -0.323688
v -0.005954 -0.190415 -0.324722
v 0.210923 -0.185049 -0.320397
v 0.936301 -0.184841 -0.325532
v -0.775937 -0.165684 -0.309709
v 0.465018 -0.193630 -0.305287
v -0.467038 -0.180111 -0.313068
v 0.709494 -0.166138 -0.308680
v -0.489358 -0.151817 -0.312480
v -0.476969 -0.162200 -0.320716
v 0.702465 -0.168253 -0.305156
v 0.540256 -0.163330 -0.311098
v 0.947532 -0.158179 -0.323843
v 0.390202 -0.143218 -0.313010
v -0.713039 -0.108678 -0.313001
v -0.656040 -0.093467 -0.309287
v -0.614672 -0.088698 -0.313148
v 0.672604 -0.107292 -0.264594
v -0.735831 -0.039236 -0.329232
v -0.677065 -0.033295 -0.324352
v -0.688666 -0.017478 -0.327819
v 0.656465 0.343477 -0.305629
v 0.908569 0.356453 -0.302984
v -0.291536 0.343015 -0.311274
v -0.614372 -0.431967 -0.312954
v 0.543600 -0.423711 -0.308685
v 0.502248 -0.420050 -0.316668
v 0.577240 -0.424558 -0.314018
v 0.483403 -0.416567 -0.313469
v 0.592244 -0.415974 -0.309952
v -0.504798 -0.386906 -0.304555
v 0.414927 -0.351542 -0.319239
v 0.399137 -0.355293 -0.316598
v 0.399470 -0.330600 -0.312049
v -0.577712 -0.296991 -0.319790
v 0.752593 -0.329433 -0.245327
v -0.467661 -0.313563 -0.304640
v 0.362495 -0.296909 -0.315649
v 0.385034 -0.293726 -0.318645
v 0.369857 -0.317035 -0.312485
v 0.524226 -0.295485 -0.307746
v 0.368576 -0.281359 -0.311240
v -0.797158 -0.264837 -0.317252
v -0.448894 -0.255326 -0.300483
v -0.794385 -0.252886 -0.309557
v 0.519901 -0.241417 -0.308663
v 0.365001 -0.251351 -0.318075
v 0.367080 -0.236035 -0.314351
v 0.385337 -0.243163 -0.317390
v -0.564606 -0.240490 -0.306699
v 0.357011 -0.203550 -0.305219
v -0.453550 -0.188938 -0.313230
v 0.375673 -0.188252 -0.317426
v -0.447201 -0.188319 -0.316713
v 0.353093 -0.190216 -0.302584
v 0.010295 -0.184646 -0.319803
v -0.475210 -0.187511 -0.316829
v -0.995281 -0.184380 -0.289192
v -0.626294 -0.185986 -0.305928
v 0.983745 -0.160224 -0.298579
v 0.691703 -0.152001 -0.274619
v 0.983956 -0.145818 -0.308560
v -0.900690 -0.121737 -0.314389
v -0.584796 -0.100267 -0.309094
v 0.593090 -0.084970 -0.294590
v -0.776639 -0.082357 -0.320230
v -0.801383 -0.102695 -0.323065
v -0.753372 -0.018639 -0.317704
v -0.678650 -0.013306 -0.315823
v 0.932714 0.292818 -0.304056
v 0.381403 0.359114 -0.309628
v 0.252334 0.347308 -0.311558
v -0.314392 0.345308 -0.314821
v -0.486949 0.362049 -0.312394
v -0.523238 0.369995 -0.309677
v -0.679492 -0.427451 -0.302339
v 0.450020 -0.403063 -0.305200
v 0.469157 -0.420227 -0.309179
v 0.429209 -0.391803 -0.311762
v 0.637689 -0.400442 -0.304878
v 0.665890 -0.374845 -0.304542
v 0.420507 -0.371263 -0.309058
v 0.489860 -0.340115 -0.305670
v 0.672398 -0.362418 -0.297937
v -0.639793 -0.340430 -0.314284
v -0.437451 -0.346166 -0.284738
v 0.389309 -0.350115 -0.301831
v -0.701419 -0.282316 -0.306649
v -0.621971 -0.332190 -0.307657
v -0.660745 -0.319045 -0.307084
v -0.792647 -0.301404 -0.301245
v 0.364071 -0.309521 -0.301937
v -0.459245 -0.307990 -0.297766
v -0.595257 -0.244190 -0.306955
v -0.584519 -0.235747 -0.312254
v -0.800672 -0.239740 -0.297563
v 0.349200 -0.251492 -0.305256
v 0.535243 -0.236370 -0.307774
v -0.610126 -0.215235 -0.298756
v 0.439326 -0.226701 -0.302900
v 0.920900 -0.196030 -0.265666
v 0.709356 -0.189056 -0.309293
v 0.948127 -0.179628 -0.306501
v 0.944124 -0.176625 -0.306054
v 0.950430 -0.159342 -0.309188
v 0.388684 -0.129583 -0.314746
v 0.402348 -0.125055 -0.301639
v -0.809674 -0.123875 -0.317523
v -0.817197 -0.119074 -0.315749
v -0.537811 -0.104282 -0.300219
v -0.807182 -0.075573 -0.312527
v -0.646806 -0.085627 -0.297150
v -0.787773 -0.045866 -0.312660
v -0.907595 -0.062847 -0.310300
v -0.899050 -0.053918 -0.301307
v 0.591055 -0.054017 -0.208516
v -0.749359 -0.008762 -0.307436
v -0.705764 -0.000677 -0.315339
v -0.683401 -0.007981 -0.315602
v -0.899675 0.046579 -0.306527
v -0.762703 0.126357 -0.284803
v 0.031568 0.359364 -0.308453
v 0.491456 -0.429946 -0.289543
v -0.754144 -0.378703 -0.304799
v 0.559630 -0.334630 -0.312556
v -0.474405 -0.347271 -0.265602
v 0.498480 -0.328682 -0.305498
v 0.372091 -0.335532 -0.296681
v 0.460558 -0.310873 -0.304221
v 0.514953 -0.327324 -0.301590
v 0.365524 -0.320837 -0.301494
v 0.561040 -0.324202 -0.307190
v 0.692699 -0.329660 -0.294272
v 0.585826 -0.307181 -0.312929
v 0.358168 -0.285115 -0.300871
v 0.352680 -0.300114 -0.297039
v -0.693309 -0.281333 -0.311635
v 0.351221 -0.276299 -0.300335
v 0.357627 -0.263310 -0.304120
v 0.569615 -0.247703 -0.302847
v 0.572911 -0.226957 -0.307727
v -0.682209 -0.212922 -0.307275
v -0.656182 -0.224241 -0.305407
v 0.741386 -0.296593 -0.219829
v -0.448425 -0.260413 -0.267847
v -0.591900 -0.209041 -0.304581
v 0.460468 -0.238533 -0.299576
v 0.531992 -0.208553 -0.310615
v 0.357329 -0.223597 -0.305034
v 0.493809 -0.206016 -0.298376
v -0.648224 -0.208838 -0.298739
v -0.626891 -0.195827 -0.310905
v -0.676565 -0.199053 -0.310563
v 0.338840 -0.192138 -0.263696
v 0.364169 -0.193936 -0.301448
v 0.361196 -0.188106 -0.292188
v -0.790320 -0.190369 -0.289341
v 0.569588 -0.188292 -0.311458
v -0.465436 -0.177877 -0.315342
v -0.447131 -0.172663 -0.314983
v -0.434636 -0.175479 -0.303402
v 0.461517 -0.210777 -0.308474
v 0.544622 -0.182868 -0.303918
v -0.810817 -0.155952 -0.296970
v 0.998387 -0.162384 -0.311099
v -0.766044 -0.141299 -0.289124
v 0.389201 -0.136202 -0.301340
v 0.390703 -0.124604 -0.306530
v -0.997909 -0.124422 -0.305701
v -0.805454 -0.136920 -0.301258
v -0.901843 -0.083923 -0.290049
v -0.907622 -0.021811 -0.298975
v -0.085139 0.387823 -0.291022
v -0.555574 0.386576 -0.279793
v -0.577856 -0.431138 -0.278007
v -0.536865 -0.411821 -0.305337
v 0.449656 -0.407808 -0.284050
v -0.770956 -0.358628 -0.304607
v -0.761943 -0.365865 -0.291809
v 0.749720 -0.344755 -0.294537
v 0.481656 -0.315560 -0.298496
v 0.474660 -0.285203 -0.304159
v 0.607501 -0.272508 -0.298860
v 0.701490 -0.321732 -0.272751
v -0.804737 -0.257715 -0.289308
v 0.593701 -0.223002 -0.300522
v 0.716804 -0.231187 -0.297815
v -0.797083 -0.211346 -0.288615
v -0.451698 -0.198175 -0.272324
v 0.578105 -0.205995 -0.301249
v 0.479814 -0.208464 -0.301401
v -0.999751 -0.159757 -0.277109
v -0.469227 -0.154257 -0.297839
v -0.471395 -0.164453 -0.309042
v 0.707878 -0.160036 -0.294013
v -0.816551 -0.137906 -0.300528
v -0.546613 -0.098126 -0.283709
v 0.639739 -0.107447 -0.265325
v 0.987685 -0.002036 -0.248564
v -0.899560 0.062046 -0.288500
v 0.957217 0.223348 -0.287581
v 0.519237 -0.432338 -0.276399
v 0.555600 -0.429707 -0.293861
v -0.737314 -0.398865 -0.288981
v 0.425460 -0.395563 -0.286022
v 0.417037 -0.385247 -0.288485
v -0.491288 -0.375880 -0.261761
v 0.404544 -0.383128 -0.280880
v 0.683507 -0.346301 -0.249526
v 0.707947 -0.279721 -0.253004
v 0.460855 -0.276973 -0.293396
v 0.353768 -0.237558 -0.292335
v -0.430504 -0.195032 -0.292617
v 0.716299 -0.206457 -0.252444
v 0.728437 -0.188173 -0.285926
v 0.273109 -0.191153 -0.275774
v 0.356488 -0.186157 -0.302585
v 0.360991 -0.197273 -0.301475
v -0.434446 -0.182173 -0.304869
v 0.716638 -0.178372 -0.291528
v 0.942765 -0.185101 -0.292003
v 0.992030 -0.169682 -0.300018
v -0.475168 -0.159032 -0.297442
v -0.813633 -0.075270 -0.281591
v -0.626757 -0.090029 -0.289029
v 0.975923 -0.050054 -0.248724
v -0.778511 -0.028429 -0.294286
v -0.608208 0.372483 -0.271710
v -0.639007 -0.435570 -0.281436
v -0.680202 -0.430879 -0.280587
v -0.504288 -0.387302 -0.277952
v 0.392510 -0.371201 -0.272814
v -0.786955 -0.333944 -0.289052
v 0.465073 -0.289301 -0.293800
v 0.459851 -0.251691 -0.295202
v 0.714903 -0.267953 -0.244641
v -0.441816 -0.240235 -0.276496
v -0.248099 -0.191369 -0.212706
v 0.709963 -0.189302 -0.272130
v 0.696027 -0.162151 -0.282319
v 0.388267 -0.129917 -0.290173
v -0.741818 -0.124486 -0.288285
v 0.699997 -0.148123 -0.273214
v -0.683481 -0.000799 -0.253033
v 0.940678 0.320628 -0.268144
v -0.272111 0.394871 -0.279908
v 0.880931 0.394482 -0.286421
v 0.908483 0.379001 -0.287449
v 0.335623 0.410434 -0.267068
v 0.457938 -0.415236 -0.276430
v 0.626297 -0.415412 -0.256734
v 0.649996 -0.400032 -0.280328
v 0.662156 -0.378419 -0.285403
v -0.498940 -0.376742 -0.257914
v 0.375638 -0.342893 -0.280973
v -0.780209 -0.341935 -0.275963
v 0.357790 -0.191740 -0.269640
v 0.813480 -0.191450 -0.245927
v 0.001542 -0.183871 -0.213549
v -0.730279 -0.112267 -0.266478
v -0.830027 -0.131643 -0.278149
v 0.429278 -0.108454 -0.253663
v -0.656159 -0.086301 -0.267327
v -0.602376 -0.086066 -0.288182
v 0.569309 -0.084075 -0.246011
v 0.547548 -0.076670 -0.257218
v -0.773807 -0.028310 -0.200921
v -0.731662 -0.004118 -0.243480
v 0.920633 0.356804 -0.291771
v 0.588651 -0.425238 -0.261061
v -0.540860 -0.417398 -0.280773
v -0.520453 -0.403251 -0.277657
v -0.757406 -0.382966 -0.272950
v -0.463894 -0.318591 -0.266478
v -0.796858 -0.309346 -0.285023
v -0.464676 -0.308098 -0.285085
v 0.366029 -0.320650 -0.276738
v -0.865383 -0.183005 -0.277882
v 0.701769 -0.168428 -0.285670
v 0.702368 -0.153896 -0.281624
v -0.824154 -0.152476 -0.273606
v 0.665954 -0.125293 -0.277773
v -0.688460 -0.098272 -0.252103
v 0.481775 -0.080923 -0.261091
v 0.498788 -0.076736 -0.265051
v -0.905144 -0.060598 -0.268080
v -0.919099 -0.033889 -0.275818
v -0.925517 -0.006285 -0.268290
v -0.872088 0.002403 -0.298177
v -0.883166 0.006581 -0.295081
v -0.876954 -0.012418 -0.291398
v -0.914777 0.046730 -0.276401
v -0.886221 0.036853 -0.278032
v -0.890739 0.031634 -0.275013
v -0.716027 -0.415710 -0.280238
v 0.351916 -0.297788 -0.256731
v 0.354721 -0.284716 -0.257534
v -0.797530 -0.227756 -0.257836
v 0.353708 -0.216695 -0.262799
v -0.444866 -0.218141 -0.264269
v 0.360041 -0.200725 -0.256612
v 0.238658 -0.187431 -0.267714
v 0.214948 -0.183638 -0.201527
v 0.714517 -0.171997 -0.286188
v -0.462567 -0.179008 -0.258929
v -0.786610 -0.173285 -0.257306
v -0.472844 -0.158935 -0.276058
v 1.000000 -0.165963 -0.214699
v 0.394095 -0.134768 -0.281828
v -0.550996 -0.093792 -0.267484
v -0.676425 -0.009323 -0.264812
v 0.961132 0.215884 -0.245104
v 0.954377 0.312213 -0.275501
v 0.958069 0.298345 -0.279352
v 0.900424 0.399342 -0.267454
v -0.444962 0.391569 -0.279021
v -0.458888 0.398578 -0.276217
v 0.856366 0.410660 -0.267044
v 0.445916 -0.415627 -0.264737
v -0.741006 -0.399874 -0.265046
v 0.681086 -0.359353 -0.272934
v -0.427633 -0.342705 -0.273692
v -0.439597 -0.341614 -0.254132
v -0.440434 -0.197291 -0.273069
v -0.205411 -0.191338 -0.209038
v 0.947149 -0.191090 -0.211015
v 0.352246 -0.188574 -0.276669
v 0.720034 -0.182364 -0.275758
v -0.463865 -0.161772 -0.267929
v 0.389693 -0.138564 -0.287862
v 0.396414 -0.133489 -0.281062
v 0.629054 -0.074206 -0.208033
v 0.484770 -0.048760 -0.208759
v 0.985551 -0.041753 -0.248642
v -0.890276 -0.002224 -0.277984
v -0.655346 0.334155 -0.212550
v -0.675643 -0.430250 -0.257114
v 0.438569 -0.403470 -0.265269
v -0.789742 -0.335269 -0.257304
v 0.349860 -0.258516 -0.244049
v 0.746985 -0.207443 -0.224711
v 0.872778 -0.190750 -0.246474
v -0.832092 -0.180226 -0.256660
v 0.691759 -0.162889 -0.244993
v 0.393864 -0.112370 -0.227078
v -0.741207 -0.108825 -0.270091
v -0.558333 -0.096402 -0.262638
v 0.461431 -0.085786 -0.272838
v 0.461403 -0.091879 -0.253011
v 0.519706 -0.076642 -0.257250
v -0.908681 -0.072381 -0.264599
v -0.746081 0.151498 -0.147568
v 0.928109 0.371004 -0.263695
v -0.455621 0.398233 -0.264499
v -0.635486 -0.435563 -0.257117
v 0.477861 -0.424817 -0.241058
v -0.536885 -0.412267 -0.253203
v 0.640587 -0.400225 -0.256796
v 0.411765 -0.383946 -0.253856
v 0.375598 -0.353910 -0.261536
v 0.711756 -0.257650 -0.245438
v 0.241391 -0.208662 -0.263166
v 0.746642 -0.190261 -0.238920
v -0.461022 -0.172610 -0.250535
v 0.709044 -0.165172 -0.255378
v -0.827957 -0.137822 -0.264334
v 0.716758 -0.171608 -0.237424
v 0.385045 -0.140247 -0.278755
v 0.658254 -0.125449 -0.253044
v -0.717197 -0.101165 -0.268346
v 0.629284 -0.112670 -0.253613
v -0.631008 -0.084723 -0.256928
v 0.591506 -0.090045 -0.257257
v -0.893585 0.022745 -0.256421
v 0.960752 0.298280 -0.268967
v 0.935370 0.356635 -0.255642
v -0.600338 0.387284 -0.242968
v -0.773434 -0.358985 -0.253411
v -0.435850 -0.345811 -0.257857
v 0.746293 -0.330727 -0.245600
v -0.788894 -0.310296 -0.254198
v -0.798161 -0.276082 -0.249766
v -0.458977 -0.285264 -0.254112
v -0.797980 -0.260329 -0.258062
v -0.449153 -0.219365 -0.250706
v 0.285006 -0.208443 -0.259196
v -0.438200 -0.200205 -0.253157
v 0.703420 -0.171319 -0.255468
v -0.822248 -0.144767 -0.266055
v 0.962460 -0.155145 -0.260208
v 0.674625 -0.156467 -0.236028
v 0.386022 -0.148293 -0.265731
v -0.834510 -0.122494 -0.250574
v -0.558333 -0.087779 -0.256945
v -0.920147 -0.042088 -0.239969
v -0.907188 0.069574 -0.239321
v 0.983552 0.039092 -0.235762
v 0.977230 0.097504 -0.231479
v -0.721753 0.175251 -0.214063
v 0.966032 0.227647 -0.279789
v 0.951210 0.286075 -0.256807
v -0.525690 0.403790 -0.242546
v 0.534695 -0.424442 -0.238734
v 0.523010 -0.433812 -0.244528
v 0.416685 -0.396029 -0.257489
v -0.750011 -0.384302 -0.241306
v 0.366458 -0.329836 -0.257026
v -0.448031 -0.210674 -0.259070
v 0.289745 -0.200590 -0.258431
v 0.323213 -0.214426 -0.266631
v 0.341420 -0.197183 -0.254251
v 0.731271 -0.187816 -0.227507
v -0.438993 -0.211224 -0.227160
v 0.236475 -0.204674 -0.259653
v -0.392112 -0.184505 -0.205023
v 0.381866 -0.141598 -0.262401
v -0.811192 -0.124555 -0.258626
v -0.812285 -0.139025 -0.262614
v -0.737431 -0.113744 -0.255238
v -0.827654 -0.114053 -0.245131
v -0.643336 -0.091277 -0.256955
v 0.959844 -0.153782 -0.247901
v -0.579634 -0.082328 -0.195720
v -0.664934 -0.047021 -0.182149
v -0.882765 -0.055395 -0.246075
v -0.876932 -0.057252 -0.245242
v -0.754978 0.001723 -0.183715
v 0.970629 0.238241 -0.260393
v -0.647128 0.350414 -0.222528
v 0.453206 -0.415766 -0.249197
v 0.399458 -0.367354 -0.245957
v 0.668571 -0.375779 -0.252692
v 0.674886 -0.354183 -0.251183
v -0.479917 -0.317576 -0.241852
v 0.693665 -0.329403 -0.261546
v 0.362765 -0.312420 -0.256403
v -0.436718 -0.297090 -0.234585
v 0.696288 -0.304971 -0.241399
v 0.296335 -0.220266 -0.257527
v 0.723861 -0.181938 -0.244923
v -0.769276 -0.145786 -0.246399
v -0.756031 -0.133521 -0.255697
v 0.723711 -0.184463 -0.199205
v 0.382258 -0.163168 -0.250085
v -0.903365 -0.063670 -0.219045
v -0.585234 -0.098827 -0.237778
v -0.608012 -0.084538 -0.244497
v -0.883563 0.084531 -0.230937
v 0.960289 0.245849 -0.244745
v 0.953284 0.303302 -0.248914
v -0.280115 0.410093 -0.201900
v 0.568175 -0.428400 -0.240633
v -0.630460 -0.333531 -0.263684
v -0.651108 -0.317017 -0.259110
v -0.668986 -0.319293 -0.259328
v -0.612985 -0.328551 -0.262242
v -0.606111 -0.307902 -0.257020
v -0.444172 -0.246473 -0.219743
v -0.469674 -0.309884 -0.258404
v -0.467014 -0.276567 -0.238709
v 0.350301 -0.200871 -0.246568
v 0.711432 -0.188812 -0.245672
v -0.445820 -0.190063 -0.219986
v -0.383424 -0.187318 -0.212129
v 0.365207 -0.182142 -0.245989
v -0.807652 -0.154781 -0.246121
v -0.781531 -0.166771 -0.246077
v -0.800085 -0.159658 -0.241845
v -0.822232 -0.118669 -0.244818
v 0.667331 -0.108162 -0.208651
v -0.705490 -0.103585 -0.252148
v -0.675533 -0.090218 -0.228156
v -0.649629 -0.086388 -0.224243
v 0.555857 -0.088706 -0.246878
v 0.530114 -0.088139 -0.243863
v -0.842991 0.086333 -0.186941
v 0.884411 0.419154 -0.230771
v 0.185629 0.421158 -0.238586
v -0.616051 -0.421901 -0.232404
v 0.467281 -0.415876 -0.249507
v 0.608912 -0.416131 -0.239209
v 0.432742 -0.391992 -0.238458
v -0.524154 -0.392315 -0.237813
v -0.626654 -0.335842 -0.241339
v 0.373138 -0.329318 -0.241205
v -0.676596 -0.293443 -0.253982
v -0.595473 -0.300784 -0.245757
v -0.678812 -0.302132 -0.257017
v 0.324854 -0.257085 -0.241946
v -0.778662 -0.198848 -0.236386
v -0.786167 -0.217693 -0.241086
v 0.349593 -0.186803 -0.243860
v 0.371706 -0.184245 -0.244947
v 0.704148 -0.166539 -0.245297
v 0.374470 -0.161413 -0.248538
v -0.827463 -0.127403 -0.245993
v -0.808900 -0.121967 -0.244912
v -0.709519 -0.093715 -0.234806
v 0.609189 -0.100880 -0.241353
v 0.593070 -0.096355 -0.245728
v -0.890483 -0.035860 -0.235057
v -0.925642 0.001693 -0.236055
v -0.766940 0.062487 -0.136348
v -0.890680 0.049679 -0.244825
v -0.877992 0.061713 -0.241428
v 0.969891 0.224350 -0.242203
v 0.952395 0.276972 -0.232116
v 0.907734 0.407107 -0.231332
v -0.147328 0.419086 -0.208986
v -0.268051 0.407098 -0.255379
v -0.639450 -0.425198 -0.236313
v -0.574267 -0.421034 -0.238291
v -0.592921 -0.425266 -0.246054
v 0.507570 -0.421013 -0.237898
v -0.677158 -0.417075 -0.235231
v -0.695486 -0.417080 -0.239962
v -0.717416 -0.411435 -0.241754
v 0.629631 -0.407812 -0.241972
v -0.541280 -0.408881 -0.244551
v -0.724730 -0.396798 -0.241085
v -0.512503 -0.375747 -0.241175
v -0.653031 -0.333332 -0.241406
v -0.614109 -0.339078 -0.236944
v 0.544207 -0.328749 -0.250895
v 0.578529 -0.316383 -0.250240
v 0.603957 -0.286221 -0.251076
v -0.474186 -0.298188 -0.232861
v 0.588727 -0.284086 -0.251065
v -0.681463 -0.281387 -0.256566
v -0.686281 -0.263342 -0.250272
v 0.484939 -0.315783 -0.249898
v 0.469645 -0.235685 -0.254523
v 0.463485 -0.290534 -0.251996
v -0.771626 -0.268198 -0.230954
v -0.658842 -0.245146 -0.246779
v 0.459235 -0.243457 -0.253826
v 0.471834 -0.217529 -0.253229
v 0.712095 -0.222447 -0.241021
v -0.436401 -0.238396 -0.205479
v 0.249875 -0.213941 -0.207146
v 0.364974 -0.205077 -0.236907
v 0.918770 -0.193834 -0.222980
v -0.832361 -0.183662 -0.205757
v 0.713545 -0.179700 -0.237987
v -0.834179 -0.167861 -0.231958
v -0.800478 -0.141704 -0.237984
v -0.926419 -0.121647 -0.217659
v -0.754369 -0.109476 -0.241911
v -0.732774 -0.101257 -0.242178
v -0.550045 -0.102340 -0.247352
v -0.597993 -0.100613 -0.238949
v -0.664717 -0.087464 -0.236163
v -0.635563 -0.096348 -0.233273
v -0.813806 -0.083650 -0.197673
v 0.499323 -0.094951 -0.238547
v 0.548445 -0.044451 -0.208837
v -0.916571 0.055309 -0.243920
v -0.271414 0.415513 -0.201545
v -0.659428 -0.421048 -0.241991
v 0.581411 -0.415487 -0.234638
v 0.666845 -0.368312 -0.241535
v 0.683419 -0.314576 -0.241185
v -0.771321 -0.310066 -0.232610
v -0.672720 -0.321160 -0.241046
v 0.480846 -0.332069 -0.234004
v 0.510974 -0.312233 -0.247005
v 0.546762 -0.306415 -0.241020
v -0.650909 -0.306208 -0.236472
v -0.616529 -0.302804 -0.231710
v -0.665637 -0.292381 -0.232167
v 0.484529 -0.292456 -0.246515
v 0.574358 -0.328614 -0.241908
v -0.597933 -0.291544 -0.240680
v 0.365772 -0.298080 -0.233661
v -0.691893 -0.268575 -0.239846
v 0.355951 -0.257430 -0.231601
v 0.592817 -0.248190 -0.245581
v 0.586075 -0.275265 -0.237326
v 0.449631 -0.298747 -0.234731
v -0.644167 -0.216919 -0.244607
v 0.459822 -0.193029 -0.242313
v 0.483371 -0.245058 -0.236158
v 0.503472 -0.233162 -0.238351
v 0.519295 -0.220482 -0.242272
v 0.241876 -0.187236 -0.195766
v 0.773735 -0.204912 -0.239741
v 0.758778 -0.195048 -0.237364
v 0.712043 -0.202554 -0.238270
v 0.885073 -0.192858 -0.226067
v -0.857710 -0.183290 -0.098439
v 0.544225 -0.172073 -0.248256
v 0.531392 -0.146714 -0.235330
v -0.783626 -0.183741 -0.234344
v -0.775008 -0.145779 -0.240095
v 0.373987 -0.180730 -0.240327
v 0.453502 -0.108394 -0.238605
v 0.642192 -0.125164 -0.238586
v -0.546597 -0.102587 -0.240906
v 0.474304 -0.100099 -0.240041
v -0.889269 0.017886 -0.207898
v -0.744359 -0.015897 -0.201013
v 0.946648 0.312406 -0.231588
v -0.624343 0.378361 -0.218288
v 0.802310 0.431630 -0.218072
v 0.481071 -0.414406 -0.232514
v 0.654988 -0.383304 -0.238080
v -0.507069 -0.362598 -0.232525
v 0.655105 -0.351846 -0.236566
v -0.570010 -0.309898 -0.242613
v -0.556206 -0.284774 -0.250217
v -0.568327 -0.289371 -0.238500
v 0.615726 -0.231091 -0.246528
v 0.701112 -0.279322 -0.241870
v 0.370845 -0.290779 -0.233862
v -0.542415 -0.268861 -0.243480
v -0.556439 -0.263579 -0.238745
v 0.484270 -0.269684 -0.232572
v 0.704124 -0.252875 -0.238206
v -0.579296 -0.238599 -0.247197
v -0.580425 -0.244503 -0.247394
v -0.568594 -0.269811 -0.242289
v -0.592900 -0.227353 -0.248709
v -0.685147 -0.237942 -0.236640
v -0.618233 -0.225254 -0.242847
v -0.610019 -0.213054 -0.246558
v 0.284348 -0.222273 -0.208889
v 0.590124 -0.197471 -0.247582
v 0.547649 -0.220906 -0.242738
v -0.593612 -0.201926 -0.234998
v 0.262611 -0.204546 -0.228913
v 0.273203 -0.204961 -0.237302
v 0.280575 -0.209630 -0.236808
v 0.773494 -0.213179 -0.230545
v 0.870951 -0.206492 -0.234026
v -0.445212 -0.177497 -0.223590
v 0.573859 -0.167268 -0.239747
v -0.791419 -0.187915 -0.225344
v -0.804869 -0.151592 -0.233497
v 0.367389 -0.182721 -0.194295
v -0.822367 -0.115175 -0.231574
v 0.378486 -0.147207 -0.200819
v -0.763199 -0.116431 -0.232418
v -0.903971 -0.118478 -0.212507
v 0.522816 -0.098441 -0.233944
v 0.565821 -0.091453 -0.239404
v 0.516078 -0.087617 -0.238700
v 0.974758 -0.050882 -0.244058
v 0.979942 -0.030673 -0.237284
v 0.983182 0.027026 -0.232334
v -0.683578 -0.006948 -0.197357
v 0.959029 0.218382 -0.231681
v 0.956992 0.298511 -0.231963
v -0.222649 0.417549 -0.201888
v 0.539878 0.431087 -0.213940
v -0.626642 -0.417407 -0.237022
v -0.647420 -0.393427 -0.228133
v -0.742345 -0.367975 -0.234775
v -0.490881 -0.330664 -0.230785
v -0.635607 -0.344105 -0.240524
v 0.667853 -0.322899 -0.231130
v -0.598953 -0.343919 -0.239446
v -0.690690 -0.298648 -0.237352
v 0.531370 -0.309772 -0.225864
v 0.545251 -0.303700 -0.223574
v -0.667002 -0.281639 -0.232010
v 0.483999 -0.292052 -0.231034
v 0.328323 -0.259310 -0.224034
v -0.585721 -0.264709 -0.235027
v -0.555729 -0.214786 -0.239461
v -0.773196 -0.234673 -0.233775
v -0.642217 -0.241712 -0.236345
v -0.618226 -0.239768 -0.229614
v -0.603728 -0.241463 -0.228601
v -0.489692 -0.256059 -0.225955
v -0.455059 -0.216994 -0.238278
v 0.551076 -0.227235 -0.236054
v -0.663640 -0.212306 -0.232523
v 0.519214 -0.226369 -0.237041
v -0.781634 -0.200403 -0.215692
v -0.567807 -0.193059 -0.239752
v 0.747009 -0.195489 -0.224435
v -0.059639 -0.191067 -0.207821
v 0.347982 -0.186982 -0.219611
v 0.677486 -0.174916 -0.236759
v -0.774236 -0.142748 -0.228699
v -0.754523 -0.108591 -0.232340
v -0.881839 -0.054324 -0.202932
v 0.934472 0.367234 -0.231560
v -0.560697 -0.393023 -0.230854
v 0.622639 -0.381253 -0.230219
v 0.436434 -0.372153 -0.229473
v -0.664868 -0.335600 -0.235272
v -0.489812 -0.301743 -0.226558
v 0.386143 -0.329411 -0.231413
v -0.623607 -0.305978 -0.191081
v 0.677286 -0.252036 -0.232127
v -0.609244 -0.295131 -0.232652
v -0.603719 -0.272422 -0.237433
v 0.698935 -0.267912 -0.230990
v -0.711233 -0.246573 -0.233221
v 0.562647 -0.233456 -0.224395
v 0.562717 -0.253471 -0.216519
v -0.679571 -0.236455 -0.231068
v -0.670324 -0.241973 -0.225558
v 0.685226 -0.231378 -0.232167
v -0.468682 -0.202144 -0.240933
v -0.452931 -0.207876 -0.214718
v -0.670383 -0.199960 -0.229881
v -0.677340 -0.190679 -0.233422
v 0.693214 -0.189335 -0.233609
v 0.366721 -0.212194 -0.223741
v 0.697881 -0.180681 -0.230395
v 0.481091 -0.155383 -0.235005
v 0.481579 -0.119226 -0.233203
v 0.597809 -0.107172 -0.233471
v -0.624675 -0.102624 -0.233158
v -0.611012 -0.094457 -0.233536
v -0.912845 -0.038083 -0.199792
v 0.294028 0.428312 -0.209956
v 0.397791 -0.280495 -0.227545
v 0.488624 -0.277804 -0.216447
v 0.365553 -0.242567 -0.225382
v 0.742110 -0.209546 -0.220617
v -0.658658 -0.262631 -0.206552
v -0.611563 -0.248502 -0.225566
v 0.565483 -0.264609 -0.224781
v -0.680602 -0.247397 -0.218370
v -0.657846 -0.250225 -0.220379
v -0.707226 -0.240816 -0.220829
v -0.699933 -0.227131 -0.228110
v -0.686906 -0.226468 -0.226226
v 0.677450 -0.202154 -0.227110
v -0.663060 -0.226394 -0.215851
v 0.547223 -0.225128 -0.223914
v -0.504776 -0.151172 -0.230997
v 0.266674 -0.191004 -0.228765
v 0.283269 -0.196342 -0.212979
v 0.664637 -0.156421 -0.230805
v -0.555892 -0.142991 -0.229885
v 0.279268 -0.190598 -0.228441
v 0.342547 -0.193666 -0.212460
v 0.998765 -0.213006 -0.135619
v -0.677397 -0.178417 -0.227339
v -0.480966 -0.179976 -0.235843
v -0.677869 -0.163825 -0.227174
v -0.626870 -0.113440 -0.230064
v -0.564534 -0.126934 -0.226144
v -0.537246 -0.123232 -0.230505
v -0.542352 -0.110202 -0.233436
v -0.532272 -0.120963 -0.224986
v -0.631911 -0.109327 -0.223162
v -0.723866 -0.117009 -0.220778
v -0.656539 -0.085179 -0.205104
v 0.425019 -0.082662 -0.206639
v -0.832151 -0.064914 -0.196779
v -0.501748 0.406084 -0.222967
v 0.581412 -0.397799 -0.227879
v 0.559797 -0.278942 -0.215607
v -0.756104 -0.249179 -0.225678
v 0.498623 -0.266229 -0.215720
v -0.739763 -0.240075 -0.224308
v 0.510893 -0.233841 -0.219329
v -0.693161 -0.229816 -0.220077
v -0.662831 -0.168472 -0.213803
v 0.738405 -0.198863 -0.210735
v -0.301805 -0.199858 -0.211562
v 0.266459 -0.191169 -0.217441
v 0.278259 -0.192433 -0.211950
v -0.459558 -0.193307 -0.210947
v -0.673064 -0.164669 -0.219992
v -0.790644 -0.170108 -0.211436
v -0.490917 -0.162145 -0.224799
v -0.667505 -0.140555 -0.223805
v -0.654721 -0.125817 -0.217726
v -0.755160 -0.116463 -0.224079
v -0.644003 -0.109269 -0.221132
v -0.757490 -0.138211 -0.217518
v -0.682653 -0.088114 -0.206368
v -0.913750 0.002370 -0.194441
v 0.964619 0.147365 -0.168956
v 0.535334 -0.316864 -0.217199
v 0.503487 -0.297629 -0.215179
v 0.743723 -0.280523 -0.214936
v 0.327907 -0.253848 -0.212794
v -0.747387 -0.246142 -0.200384
v -0.726081 -0.248940 -0.210407
v 0.534908 -0.224063 -0.204172
v 0.891700 -0.206813 -0.210025
v -0.475466 -0.183125 -0.207981
v -0.797421 -0.188764 -0.210011
v -0.636090 -0.162521 -0.199079
v -0.537399 -0.120951 -0.195415
v -0.904244 -0.103072 -0.208973
v -0.882039 -0.077188 -0.226533
v -0.882284 -0.069513 -0.220334
v -0.885470 -0.082389 -0.220943
v -0.860973 0.078815 -0.207474
v -0.897372 0.053407 -0.198569
v -0.620513 0.392312 -0.131196
v -0.585098 0.402490 -0.185248
v 0.156543 0.425917 -0.214284
v 0.512561 -0.307853 -0.196680
v 0.489283 -0.290802 -0.201542
v 0.536540 -0.297045 -0.211559
v -0.698121 -0.242862 -0.203346
v -0.631734 -0.248394 -0.198665
v 0.359810 -0.232714 -0.200653
v 0.992754 -0.217554 -0.093751
v -0.359445 -0.220089 -0.209023
v -0.272881 -0.212612 -0.209983
v -0.331035 -0.220280 -0.211891
v 0.818561 -0.214952 -0.180678
v 0.278399 -0.209391 -0.204001
v -0.101895 -0.209520 -0.209166
v -0.176353 -0.200252 -0.210273
v -0.427696 -0.198614 -0.200699
v -0.457628 -0.177074 -0.220141
v -0.460520 -0.166020 -0.210315
v -0.829172 -0.170183 -0.187646
v -0.638288 -0.139900 -0.202732
v -0.977468 -0.120099 -0.076855
v -0.925169 -0.108269 -0.209179
v -0.664005 -0.088784 -0.205460
v -0.870881 -0.081107 -0.212888
v 0.965686 -0.118053 -0.047904
v 0.027337 0.423208 -0.206233
v 0.847765 0.431293 -0.185528
v 0.658073 -0.322583 -0.209846
v 0.654913 -0.299812 -0.204233
v 0.671184 -0.303372 -0.205968
v 0.507574 -0.299458 -0.198716
v 0.495679 -0.299730 -0.195494
v -0.608321 -0.284390 -0.181168
v 0.561524 -0.276490 -0.191939
v 0.350514 -0.242281 -0.207324
v -0.670563 -0.234364 -0.208588
v -0.769181 -0.220323 -0.186324
v 0.765255 -0.216274 -0.184623
v 0.257310 -0.216071 -0.202973
v -0.147736 -0.220081 -0.208565
v -0.424684 -0.216319 -0.195969
v -0.359244 -0.220726 -0.203413
v -0.035457 -0.209414 -0.210662
v -0.463041 -0.205156 -0.207341
v -0.123623 -0.193414 -0.202660
v 0.001792 -0.192956 -0.206748
v 0.079817 -0.208186 -0.203700
v 0.087215 -0.187806 -0.204134
v 0.101349 -0.183484 -0.183404
v -0.489389 -0.158552 -0.203949
v -0.466623 -0.177835 -0.208697
v -0.746007 -0.135946 -0.207271
v -0.881807 -0.095065 -0.212482
v -0.642089 -0.102493 -0.191172
v -0.884978 -0.067361 -0.195778
v -0.867840 -0.072058 -0.196731
v -0.906454 -0.038539 -0.189994
v 0.945625 0.259871 -0.174033
v 0.661399 -0.346692 -0.202804
v 0.658423 -0.329695 -0.203428
v 0.674440 -0.325464 -0.203662
v -0.650767 -0.304885 -0.170291
v 0.551095 -0.309843 -0.180705
v -0.608927 -0.299128 -0.191012
v -0.568117 -0.299916 -0.202165
v -0.571048 -0.290098 -0.203124
v -0.539492 -0.287667 -0.203383
v 0.555095 -0.288072 -0.192139
v -0.666788 -0.281130 -0.194201
v -0.511742 -0.290648 -0.200878
v -0.514456 -0.284404 -0.206833
v 0.491978 -0.273441 -0.193575
v -0.489833 -0.264946 -0.197956
v -0.546148 -0.266375 -0.200017
v -0.514533 -0.257758 -0.201260
v -0.613894 -0.262307 -0.203059
v 0.509134 -0.227065 -0.195694
v -0.773598 -0.228104 -0.199103
v 0.308545 -0.236615 -0.208014
v 0.298316 -0.237465 -0.196498
v -0.442962 -0.242304 -0.194520
v -0.422793 -0.223360 -0.199090
v -0.385722 -0.220032 -0.203511
v -0.398436 -0.238449 -0.203333
v -0.289465 -0.223931 -0.196804
v 0.269051 -0.237227 -0.202707
v 0.553933 -0.235813 -0.199952
v -0.164476 -0.215820 -0.198828
v -0.060087 -0.218824 -0.197951
v -0.497251 -0.209947 -0.199436
v -0.463885 -0.196216 -0.204843
v 0.753911 -0.208329 -0.175640
v -0.383719 -0.199305 -0.202362
v -0.804589 -0.192221 -0.172180
v -0.683481 -0.214493 -0.204984
v -0.675982 -0.187047 -0.203418
v -0.435683 -0.194193 -0.201757
v -0.432575 -0.171009 -0.193341
v -0.494854 -0.162762 -0.195493
v 0.662093 -0.109115 -0.203693
v -0.933270 -0.121178 -0.186500
v 0.649513 -0.096406 -0.203584
v -0.703953 -0.103665 -0.207845
v -0.872053 -0.104450 -0.213989
v -0.906150 -0.115360 -0.178088
v 0.438526 -0.076960 -0.203162
v 0.544036 -0.050858 -0.203911
v -0.765428 -0.031326 -0.199633
v -0.891973 0.094358 0.014394
v 0.657862 -0.352065 -0.196612
v 0.672960 -0.345971 -0.196982
v 0.652911 -0.326471 -0.193842
v 0.535088 -0.318619 -0.178120
v -0.575032 -0.304002 -0.193023
v -0.556453 -0.305231 -0.193142
v -0.578043 -0.294091 -0.196605
v -0.562286 -0.266171 -0.185776
v -0.493078 -0.255609 -0.192350
v 0.562170 -0.253083 -0.194598
v -0.730512 -0.245218 -0.182397
v 0.347553 -0.245938 -0.200221
v 0.344569 -0.252811 -0.192537
v -0.430711 -0.249934 -0.194859
v 0.259108 -0.237264 -0.194732
v 0.664285 -0.264145 -0.193260
v 0.653088 -0.238401 -0.195711
v 0.672870 -0.222387 -0.202827
v 0.539885 -0.215278 -0.198226
v 0.353852 -0.220427 -0.196913
v 0.072815 -0.215980 -0.193469
v 0.614999 -0.238700 -0.198470
v -0.546896 -0.213561 -0.199789
v -0.547731 -0.180914 -0.196549
v -0.571818 -0.214646 -0.188127
v -0.804611 -0.183998 -0.187028
v 0.726877 -0.198887 -0.182776
v 0.330628 -0.192101 -0.198680
v 0.696914 -0.205679 -0.197331
v -0.428800 -0.185650 -0.195300
v -0.770693 -0.156984 -0.179286
v -0.717244 -0.104753 -0.183486
v 0.516268 -0.115537 -0.198775
v -0.882346 -0.113300 -0.194669
v -0.749254 -0.037131 -0.178531
v -0.904294 -0.005878 -0.157618
v 0.961844 0.172211 -0.186189
v 0.680932 -0.322629 -0.186361
v 0.498412 -0.312109 -0.191451
v 0.482421 -0.293745 -0.194818
v 0.577873 -0.293917 -0.197824
v 0.601829 -0.282913 -0.195146
v 0.601550 -0.296292 -0.195758
v 0.650751 -0.297363 -0.186914
v 0.661357 -0.292120 -0.194579
v 0.676149 -0.298653 -0.188213
v 0.402755 -0.264251 -0.200127
v 0.469023 -0.279166 -0.189371
v 0.362119 -0.258525 -0.186346
v -0.751667 -0.250714 -0.193882
v 0.418232 -0.262784 -0.195432
v 0.373239 -0.227612 -0.185692
v -0.449822 -0.229533 -0.191449
v -0.291788 -0.222031 -0.178274
v -0.471571 -0.232758 -0.186243
v 0.245017 -0.215741 -0.191680
v 0.373125 -0.216736 -0.190777
v 0.382286 -0.208712 -0.203191
v 0.387586 -0.202938 -0.196853
v 0.701191 -0.221759 -0.188302
v -0.414061 -0.213790 -0.173454
v 0.338364 -0.209456 -0.193533
v -0.781468 -0.204174 -0.165010
v 0.085405 -0.211402 -0.176396
v -0.583932 -0.193176 -0.188640
v -0.518942 -0.194721 -0.194581
v -0.500276 -0.190472 -0.188796
v -0.402361 -0.199708 -0.189082
v 0.092406 -0.188253 -0.188211
v -0.417321 -0.195938 -0.193457
v 0.219187 -0.187982 -0.194548
v 0.355982 -0.186419 -0.189262
v -0.801112 -0.175287 -0.180704
v -0.644317 -0.170717 -0.178309
v -0.614669 -0.140648 -0.193132
v -0.852621 -0.102762 -0.194847
v -0.846205 -0.079912 -0.192551
v -0.672451 -0.085822 -0.183665
v -0.730987 -0.034785 -0.173986
v -0.904870 -0.045123 -0.152564
v 0.934459 0.352828 -0.185677
v -0.200043 0.423036 -0.180406
v -0.213449 0.422550 -0.178156
v -0.167295 0.420020 -0.184197
v 0.654719 -0.346333 -0.186532
v 0.540327 -0.298069 -0.192606
v -0.519689 -0.303975 -0.172568
v 0.428726 -0.290499 -0.188144
v 0.617919 -0.292972 -0.188937
v 0.701547 -0.256449 -0.186461
v 0.645489 -0.264827 -0.179647
v 0.567578 -0.269154 -0.181143
v 0.495225 -0.272642 -0.174600
v -0.549945 -0.257809 -0.180970
v -0.463051 -0.241222 -0.188513
v 0.626610 -0.244445 -0.191367
v 0.645298 -0.240691 -0.190449
v 0.654161 -0.246293 -0.192236
v 0.687721 -0.247503 -0.187720
v 0.574848 -0.246594 -0.185159
v -0.391604 -0.241558 -0.183973
v -0.551775 -0.223280 -0.186985
v -0.386429 -0.223653 -0.183343
v 0.348156 -0.209374 -0.191215
v 0.709383 -0.207882 -0.175861
v -0.420855 -0.211030 -0.183601
v 0.227614 -0.213012 -0.193421
v -0.379160 -0.204778 -0.178414
v -0.133939 -0.209729 -0.195256
v -0.101369 -0.199964 -0.183389
v -0.151532 -0.200635 -0.196798
v -0.416737 -0.206734 -0.179042
v -0.375251 -0.193605 -0.194451
v -0.307394 -0.198023 -0.200789
v -0.312981 -0.217433 -0.187192
v 0.331104 -0.198621 -0.193299
v -0.299690 -0.191364 -0.181548
v -0.445646 -0.192796 -0.169690
v 0.339372 -0.191938 -0.182495
v 0.194516 -0.187228 -0.186703
v -0.612559 -0.177566 -0.188500
v -0.488167 -0.157948 -0.185140
v -0.445852 -0.162115 -0.186499
v -0.999393 -0.122733 -0.081746
v -0.564275 -0.106177 -0.189000
v -0.860371 -0.121383 -0.182497
v -0.925101 -0.108485 -0.186518
v -0.854160 -0.093731 -0.190328
v -0.890007 -0.091694 -0.173854
v -0.648360 -0.089557 -0.187188
v -0.833828 -0.075241 -0.195277
v -0.778415 -0.035317 -0.187727
v -0.788324 -0.021059 -0.182978
v -0.778871 0.133739 -0.151476
v -0.191623 0.428832 -0.187383
v 0.670843 -0.342140 -0.184106
v 0.677618 -0.310566 -0.181038
v 0.615253 -0.304808 -0.173665
v 0.341485 -0.248307 -0.181145
v 0.438299 -0.267110 -0.180341
v 0.584606 -0.241176 -0.186067
v -0.470404 -0.238843 -0.170673
v -0.687089 -0.233246 -0.185339
v 0.504322 -0.228755 -0.187248
v -0.559626 -0.230777 -0.183324
v -0.175979 -0.198700 -0.192161
v -0.170212 -0.221084 -0.184887
v -0.608594 -0.205565 -0.186628
v -0.683193 -0.197020 -0.180358
v -0.164419 -0.194467 -0.196996
v -0.126338 -0.194780 -0.186509
v -0.147446 -0.197875 -0.183161
v -0.169486 -0.190062 -0.190542
v -0.627516 -0.175481 -0.179468
v -0.793437 -0.059392 -0.186517
v -0.819608 -0.169819 -0.180864
v -0.905225 -0.092406 -0.143597
v -0.919836 0.016903 -0.121269
v 0.982310 0.043217 -0.177333
v 0.652506 -0.308264 -0.169908
v 0.614789 -0.275057 -0.179996
v 0.476829 -0.266102 -0.177276
v 0.653832 -0.252366 -0.181481
v -0.411074 -0.260331 -0.172961
v 0.570961 -0.260452 -0.180231
v -0.702361 -0.244380 -0.176961
v 0.274197 -0.244167 -0.177274
v 0.423205 -0.224231 -0.173768
v -0.692285 -0.214038 -0.181464
v -0.097507 -0.209498 -0.185920
v 0.703202 -0.216666 -0.160737
v -0.774379 -0.219524 -0.161321
v -0.382815 -0.198170 -0.173538
v -0.366050 -0.198923 -0.184072
v 0.340101 -0.205267 -0.182668
v -0.660735 -0.192131 -0.182091
v 0.165131 -0.212208 -0.178816
v -0.356965 -0.190694 -0.176403
v -0.170226 -0.194888 -0.182590
v -0.442212 -0.177250 -0.169277
v -0.865272 -0.114960 -0.167835
v -0.863605 -0.117724 -0.158579
v -0.170983 0.429199 -0.179659
v 0.501872 -0.315615 -0.178276
v 0.516795 -0.314052 -0.168829
v 0.482724 -0.306728 -0.179732
v 0.594197 -0.299643 -0.169734
v -0.512391 -0.298320 -0.154426
v 0.695995 -0.275634 -0.169888
v 0.715734 -0.270215 -0.170215
v -0.570119 -0.275746 -0.171010
v 0.723071 -0.263025 -0.178569
v 0.734980 -0.278697 -0.174648
v 0.750169 -0.264261 -0.187028
v 0.762927 -0.223091 -0.178076
v 0.754874 -0.252367 -0.182060
v 0.250387 -0.235999 -0.164880
v 0.297150 -0.239040 -0.167132
v 0.701724 -0.237028 -0.171607
v 0.801168 -0.242402 -0.178900
v 0.733974 -0.233994 -0.171340
v -0.552853 -0.224295 -0.170727
v 0.366832 -0.221816 -0.168688
v 0.801490 -0.222004 -0.179705
v -0.388193 -0.215368 -0.175403
v 0.881429 -0.212296 -0.137683
v -0.167146 -0.214712 -0.175720
v -0.402368 -0.195804 -0.177143
v -0.101791 -0.198937 -0.171493
v -0.076607 -0.195717 -0.185560
v -0.498235 -0.193227 -0.167943
v -0.743287 -0.110923 -0.175706
v -0.925729 -0.120952 -0.179263
v -0.807597 -0.073642 -0.173505
v 0.667467 -0.321336 -0.169983
v -0.575347 -0.306121 -0.169885
v 0.439583 -0.291626 -0.175659
v 0.679451 -0.291651 -0.165135
v 0.602878 -0.274088 -0.169771
v 0.442382 -0.262300 -0.168608
v 0.408762 -0.253447 -0.177008
v -0.483903 -0.252365 -0.166214
v -0.687351 -0.245390 -0.171836
v 0.619172 -0.229247 -0.183741
v 0.821901 -0.242412 -0.171874
v -0.753490 -0.223350 -0.156574
v -0.239630 -0.224634 -0.112124
v -0.631488 -0.210825 -0.172442
v -0.687016 -0.203679 -0.158797
v -0.002897 -0.187116 -0.179180
v 0.949262 -0.189202 -0.009938
v -0.331749 -0.187049 -0.159133
v -0.743147 0.005063 -0.165527
v -0.641085 0.382707 -0.014634
v -0.267986 0.415926 -0.018942
v -0.172391 0.419982 -0.170831
v 0.529822 -0.313466 -0.166542
v 0.551514 -0.298315 -0.165308
v -0.655437 -0.291286 -0.161661
v 0.416512 -0.272044 -0.175789
v 0.755654 -0.261419 -0.157663
v -0.560837 -0.234808 -0.171753
v 0.645231 -0.263651 -0.169603
v 0.776379 -0.261149 -0.160200
v 0.374195 -0.257653 -0.162328
v -0.734846 -0.240793 -0.170728
v 0.522053 -0.230630 -0.173044
v 0.654710 -0.228806 -0.171991
v 0.838163 -0.222777 -0.159075
v 0.510948 -0.220825 -0.166725
v -0.340926 -0.219678 -0.151586
v 0.545997 -0.213223 -0.171861
v -0.292841 -0.210106 -0.166674
v 0.578034 -0.186900 -0.163370
v 0.602962 -0.220525 -0.168132
v -0.052391 -0.213160 -0.155446
v 0.741990 -0.212074 -0.163723
v -0.068405 -0.197267 -0.166133
v -0.011683 -0.191388 -0.164962
v 0.063685 -0.184432 -0.176023
v -0.505169 -0.185470 -0.169222
v -0.485928 -0.153281 -0.160101
v -0.860066 -0.152674 -0.169112
v -0.852232 -0.148216 -0.178046
v -0.857766 -0.141518 -0.179927
v -0.816066 -0.084480 -0.164075
v -0.902186 0.052957 -0.119341
v -0.213850 0.418078 -0.170103
v 0.002487 0.423391 -0.127195
v 0.507186 -0.304534 -0.169470
v 0.505116 -0.306839 -0.156493
v -0.570425 -0.300701 -0.153837
v 0.618648 -0.300423 -0.160357
v -0.631568 -0.296713 -0.162916
v 0.454233 -0.287878 -0.170454
v -0.435597 -0.252045 -0.162425
v 0.418746 -0.263324 -0.153860
v 0.489028 -0.277580 -0.170213
v 0.555131 -0.276365 -0.168476
v -0.558923 -0.274728 -0.165036
v -0.700737 -0.237037 -0.148975
v 0.822099 -0.255372 -0.155670
v -0.361648 -0.227714 -0.153512
v 0.546168 -0.245270 -0.167732
v 0.833765 -0.248422 -0.154923
v -0.271933 -0.227244 -0.135990
v 0.241694 -0.214101 -0.155100
v 0.377180 -0.233803 -0.157659
v 0.645268 -0.220925 -0.166147
v -0.174329 -0.218360 -0.154047
v -0.571735 -0.213395 -0.166902
v -0.391445 -0.217589 -0.154012
v 0.903909 -0.204009 -0.117842
v -0.420342 -0.189528 -0.175779
v -0.285812 -0.192347 -0.157651
v -0.419890 -0.166900 -0.175687
v 0.001141 -0.183795 -0.162780
v -0.435404 -0.174019 -0.160679
v -0.376580 -0.181071 -0.172117
v 0.061834 -0.179793 -0.169405
v -0.432414 -0.170126 -0.165411
v -0.375420 -0.154636 -0.115474
v -0.784885 -0.060694 -0.149582
v -0.777676 -0.030734 -0.161458
v -0.762755 -0.008361 -0.164946
v -0.555829 0.411599 -0.043872
v 0.454285 -0.282578 -0.158795
v 0.431922 -0.278822 -0.161950
v 0.691347 -0.260473 -0.156054
v 0.494403 -0.275893 -0.148446
v 0.551919 -0.260713 -0.161467
v -0.659730 -0.247771 -0.137106
v 0.451868 -0.271028 -0.160963
v 0.419652 -0.253694 -0.148623
v -0.410675 -0.258191 -0.161618
v 0.289553 -0.237624 -0.154115
v 0.518714 -0.255530 -0.147632
v 0.393018 -0.238499 -0.161544
v 0.663067 -0.232894 -0.156873
v 0.705299 -0.247848 -0.159581
v 0.850509 -0.238342 -0.156450
v -0.689140 -0.234143 -0.150622
v -0.698352 -0.223003 -0.161252
v 0.696292 -0.234481 -0.151854
v -0.690058 -0.219076 -0.166428
v 0.375429 -0.216562 -0.163881
v 0.522786 -0.225026 -0.165481
v 0.740399 -0.224582 -0.149501
v -0.290293 -0.217994 -0.129369
v 0.400961 -0.190650 -0.165408
v -0.435071 -0.198285 -0.161534
v 0.911777 -0.201047 -0.091729
v -0.371343 -0.181030 -0.164837
v -0.311743 -0.191152 -0.141251
v -0.994966 -0.187302 0.089417
v -0.380639 -0.165459 -0.161819
v -0.490377 -0.164001 -0.154029
v 0.999423 -0.162559 0.010027
v -0.858832 -0.142920 -0.152570
v -0.853491 -0.142423 -0.155824
v -0.861760 -0.121622 -0.147794
v -0.874687 -0.099927 -0.162410
v -0.920808 0.003721 -0.121446
v -0.732577 0.014546 -0.147953
v -0.734085 0.171270 -0.142730
v -0.727483 0.177966 -0.121981
v 0.959656 0.163720 -0.106420
v -0.560063 -0.305938 -0.154191
v 0.535039 -0.305275 -0.149053
v 0.648304 -0.298383 -0.161783
v 0.585938 -0.305376 -0.155441
v 0.738886 -0.275132 -0.158992
v 0.649642 -0.278409 -0.149351
v 0.654854 -0.257833 -0.153349
v 0.503647 -0.255597 -0.146314
v -0.615322 -0.253954 -0.147829
v -0.718526 -0.235522 -0.161960
v -0.454900 -0.235922 -0.162650
v 0.378998 -0.246847 -0.155740
v -0.725119 -0.238108 -0.161374
v 0.257259 -0.236108 -0.154622
v 0.542439 -0.257479 -0.151681
v -0.736906 -0.227962 -0.160922
v -0.464416 -0.219795 -0.162703
v -0.618989 -0.202440 -0.153511
v -0.669222 -0.205201 -0.134438
v -0.002720 -0.204842 -0.154423
v -0.443651 -0.211397 -0.164842
v 0.068108 -0.201062 -0.144282
v 0.510982 -0.192527 -0.162544
v -0.848827 -0.183660 -0.120794
v 0.508026 -0.187054 -0.157706
v 0.415682 -0.187706 -0.146428
v 0.546691 -0.185522 -0.161838
v -0.853245 -0.156693 -0.147892
v -0.815748 -0.135414 -0.158843
v -0.854645 -0.080702 -0.156134
v -0.909573 0.019660 -0.128900
v 0.573151 0.435312 -0.127194
v 0.525527 -0.315854 -0.101406
v 0.618241 -0.303506 -0.151805
v 0.469799 -0.292011 -0.150348
v -0.514692 -0.286689 -0.151026
v 0.577457 -0.275411 -0.152478
v 0.717561 -0.249361 -0.155306
v 0.728274 -0.257784 -0.154610
v -0.623925 -0.243156 -0.109683
v 0.328167 -0.220400 -0.158492
v 0.373422 -0.231096 -0.163729
v -0.677934 -0.219315 -0.145877
v 0.278675 -0.216323 -0.145981
v 0.401921 -0.212874 -0.146371
v 0.511298 -0.222799 -0.147336
v 0.536686 -0.225248 -0.138998
v 0.858656 -0.223634 -0.148577
v -0.287698 -0.212821 -0.134746
v -0.077019 -0.212058 -0.145773
v 0.077678 -0.207988 -0.137462
v -0.780444 -0.195390 -0.138269
v -0.568748 -0.199594 -0.158569
v -0.518966 -0.200472 -0.163085
v -0.279712 -0.193180 -0.131420
v 0.026138 -0.194203 -0.150431
v 0.628314 -0.186728 -0.157262
v -0.527069 -0.188578 -0.147889
v -0.373851 -0.177869 -0.137968
v 0.061749 -0.192892 -0.147110
v -0.912084 -0.120644 -0.110237
v -0.817834 -0.118021 -0.153847
v -0.786245 -0.075968 -0.159761
v -0.900872 -0.086387 -0.149234
v -0.919801 -0.057285 -0.122753
v -0.766670 -0.003438 -0.134283
v -0.773306 0.146348 -0.148185
v -0.759987 0.153053 -0.147558
v 0.260738 0.431974 -0.127165
v 0.714744 0.434864 -0.106436
v 0.643195 -0.295972 -0.146632
v 0.669660 -0.284374 -0.149780
v 0.544824 -0.289089 -0.130847
v -0.438365 -0.243967 -0.157603
v -0.414282 -0.235508 -0.145956
v -0.389741 -0.242043 -0.151164
v 0.681389 -0.241574 -0.151425
v 0.875244 -0.245360 -0.133229
v -0.749805 -0.233676 -0.146780
v 0.519388 -0.233760 -0.144761
v 0.648783 -0.224656 -0.152565
v 0.692615 -0.225226 -0.144729
v 0.750988 -0.216233 -0.133025
v -0.644603 -0.203322 -0.145518
v 0.542101 -0.193418 -0.140572
v -0.565653 -0.195969 -0.146578
v 0.513214 -0.216328 -0.136353
v 0.956942 -0.217798 -0.010886
v -0.873422 -0.186841 0.064395
v -0.284364 -0.188561 -0.130632
v -0.173251 -0.187620 -0.158300
v -0.139268 -0.184777 -0.151923
v -0.163373 -0.183420 -0.157056
v -0.183085 -0.182724 -0.149995
v 0.999662 -0.212910 -0.023194
v -0.378070 -0.164607 -0.145426
v -0.491777 -0.154777 -0.151728
v -0.749917 -0.182686 -0.153778
v -0.820246 -0.165719 -0.153773
v -0.767768 -0.139073 -0.154805
v -0.751192 -0.102443 -0.149390
v -0.887012 -0.117115 -0.152872
v -0.861188 -0.086736 -0.144899
v -0.819484 -0.079351 -0.134853
v -0.911122 -0.049007 -0.149007
v -0.919500 -0.033253 -0.135072
v -0.736848 0.007547 -0.147348
v -0.279983 0.410176 -0.098107
v -0.531252 -0.297111 -0.148816
v 0.481956 -0.291638 -0.139889
v 0.502369 -0.295325 -0.139795
v 0.684298 -0.282978 -0.140633
v 0.492163 -0.270942 -0.137561
v 0.688584 -0.252986 -0.147438
v 0.699461 -0.259131 -0.116147
v 0.840005 -0.253464 -0.123245
v 0.725617 -0.251629 -0.142304
v -0.722827 -0.237281 -0.143418
v -0.705156 -0.233031 -0.140505
v 0.379335 -0.225153 -0.145657
v 0.246120 -0.218938 -0.150377
v -0.342021 -0.209492 -0.138497
v 0.329426 -0.213963 -0.127409
v -0.174058 -0.209182 -0.146995
v 0.092370 -0.205319 -0.146087
v -0.675003 -0.207939 -0.146870
v 0.001499 -0.204858 -0.145414
v -0.610039 -0.196367 -0.139879
v 0.434030 -0.203937 -0.117302
v 0.014924 -0.195031 -0.137989
v -0.786358 -0.177401 -0.150414
v -0.773794 -0.190577 -0.150376
v -0.759381 -0.192322 -0.145395
v -0.721493 -0.187211 -0.145679
v -0.701235 -0.186317 -0.150997
v -0.718661 -0.176946 -0.151609
v -0.730074 -0.162174 -0.145221
v -0.738072 -0.162101 -0.154319
v -0.726966 -0.143599 -0.152428
v -0.583555 -0.169535 -0.155652
v -0.567824 -0.186419 -0.142952
v -0.583538 -0.158238 -0.150419
v -0.610503 -0.170050 -0.156764
v -0.687777 -0.138254 -0.150089
v -0.710083 -0.133894 -0.152967
v -0.671190 -0.161460 -0.151517
v -0.635740 -0.149161 -0.148542
v -0.497687 -0.146937 -0.145192
v -0.731790 -0.139153 -0.148665
v -0.761625 -0.120258 -0.149850
v -0.820870 -0.125736 -0.123754
v -0.790323 -0.056588 -0.130583
v -0.736615 0.013526 -0.141436
v 0.976518 -0.022555 -0.102281
v 0.934815 0.318174 -0.106424
v 0.933491 0.347796 -0.002197
v 0.931503 0.347954 -0.148201
v -0.612852 0.402676 0.010117
v 0.202409 0.431539 -0.085520
v -0.658543 -0.291824 -0.121081
v -0.619877 -0.291636 -0.106358
v 0.479505 -0.278589 -0.145590
v 0.667432 -0.260858 -0.137649
v 0.592642 -0.286604 -0.142740
v 0.529997 -0.267674 -0.139575
v 0.519079 -0.248924 -0.140609
v 0.512008 -0.244628 -0.140384
v 0.683280 -0.231773 -0.137623
v 0.914513 -0.227170 -0.113130
v -0.370894 -0.189824 -0.146385
v -0.769342 -0.209032 -0.132216
v 0.334094 -0.212036 -0.134607
v -0.675654 -0.208340 -0.134150
v 0.244463 -0.184475 -0.151831
v 0.096891 -0.184788 -0.145643
v 0.065667 -0.192314 -0.134084
v -0.552584 -0.180473 -0.146010
v 0.531688 -0.184001 -0.123668
v 0.548343 -0.187234 -0.111656
v -0.767178 -0.199189 -0.127126
v 0.274970 -0.180924 -0.140581
v -0.631871 -0.178643 -0.143879
v -0.511609 -0.158973 -0.150217
v -0.526052 -0.173954 -0.139967
v -0.841080 -0.169952 -0.128690
v -0.659484 -0.154330 -0.146673
v -0.858142 -0.151152 -0.131029
v -0.734522 -0.151539 -0.144472
v -0.853812 -0.136224 -0.146168
v -0.741302 -0.135171 -0.143691
v -0.714922 -0.128308 -0.144467
v -0.771571 -0.127655 -0.123086
v -0.810407 -0.086182 -0.134008
v -0.910546 -0.057902 -0.115066
v 0.978400 0.068448 -0.055584
v -0.766582 0.141979 -0.127683
v -0.730008 0.185953 -0.110177
v 0.533537 -0.299035 -0.136765
v 0.565285 -0.289979 -0.137612
v 0.584408 -0.301713 -0.135774
v -0.665436 -0.285119 -0.115341
v 0.410107 -0.255099 -0.133054
v -0.688280 -0.244349 -0.134466
v -0.665555 -0.263327 -0.120911
v 0.694537 -0.217817 -0.134636
v 0.702650 -0.244170 -0.123571
v 0.532937 -0.238573 -0.134399
v -0.199741 -0.210151 -0.121761
v -0.342030 -0.182829 -0.138082
v -0.284709 -0.194031 -0.123404
v 0.651744 -0.192114 -0.142245
v -0.636151 -0.192855 -0.142058
v -0.704659 -0.196914 -0.140718
v -0.563337 -0.182195 -0.136675
v 0.438691 -0.186498 -0.120997
v -0.077309 -0.185450 -0.143170
v -0.076891 -0.181145 -0.136359
v 0.084225 -0.179082 -0.129187
v -0.817104 -0.185790 -0.125609
v -0.687948 -0.180947 -0.120759
v 0.961752 -0.154455 -0.152497
v -0.831668 -0.133461 -0.126389
v -0.478919 -0.146399 -0.109226
v -0.851281 -0.144586 -0.136226
v -0.857028 -0.131510 -0.131969
v -0.891180 -0.122157 -0.102669
v -0.920781 -0.003144 -0.097930
v -0.749602 0.032730 -0.137397
v -0.733468 0.175175 -0.013915
v 0.574906 -0.287609 -0.132898
v 0.483925 -0.262216 -0.124595
v 0.399106 -0.243700 -0.132268
v -0.697241 -0.237873 -0.125266
v 0.400985 -0.227861 -0.136362
v 0.398484 -0.212345 -0.129532
v 0.763793 -0.227171 -0.123967
v 0.716791 -0.218580 -0.096029
v -0.059972 -0.201152 -0.137868
v -0.812802 -0.196018 -0.109888
v 0.655491 -0.192702 -0.130908
v -0.729878 -0.178794 -0.112340
v -0.038151 -0.179493 -0.138844
v 0.533701 -0.189076 -0.131057
v -0.574346 -0.157913 -0.131745
v -0.866545 -0.118168 -0.138637
v -0.855089 -0.116976 -0.117939
v -0.911992 -0.030487 -0.115492
v -0.761217 0.049297 -0.133413
v -0.931309 0.039546 0.035396
v 0.855853 0.430410 -0.052252
v 0.572182 -0.296757 -0.133429
v 0.487611 -0.299451 -0.113645
v 0.578276 -0.293876 -0.094010
v 0.680249 -0.259329 -0.113640
v 0.544514 -0.265551 -0.121440
v 0.757608 -0.240919 -0.123485
v 0.693063 -0.227165 -0.116430
v -0.650078 -0.232529 -0.109490
v 0.280693 -0.216820 -0.014829
v 0.904982 -0.211691 -0.112944
v -0.786614 -0.190400 -0.100122
v -0.820758 -0.188512 -0.126287
v -0.643913 -0.195026 -0.130053
v 0.523874 -0.213008 -0.124775
v -0.540591 -0.182325 -0.121070
v -0.656120 -0.184333 -0.120102
v -0.367899 -0.162386 -0.128478
v -0.608776 -0.148247 -0.127235
v -0.727954 -0.151688 -0.119368
v -0.631254 -0.150306 -0.118290
v -0.758228 -0.123816 -0.121238
v -0.896606 -0.099725 -0.110739
v -0.785494 -0.062929 -0.129447
v -0.080942 0.419535 0.001934
v 0.507930 -0.318098 -0.105939
v 0.585885 -0.300366 -0.094457
v 0.503760 -0.224689 -0.095423
v -0.738396 -0.246942 -0.102069
v -0.305222 -0.220941 -0.116730
v -0.659584 -0.218632 -0.109020
v 0.697913 -0.215239 -0.115618
v -0.653480 -0.212278 -0.108880
v 0.534628 -0.216189 -0.125536
v -0.637477 -0.193407 -0.120816
v 0.339869 -0.188985 -0.126628
v 0.662526 -0.221443 -0.115448
v 0.649493 -0.191603 -0.124842
v 0.656279 -0.207655 -0.113756
v -0.354630 -0.178549 -0.123426
v -0.076687 -0.179024 -0.038358
v -0.572327 -0.184072 -0.122151
v -0.484534 -0.162300 -0.088727
v -0.580016 -0.159124 -0.122791
v -0.650208 -0.162336 -0.113255
v -0.846975 -0.129667 -0.125643
v -0.795316 -0.069497 -0.120103
v -0.804949 -0.073529 -0.117058
v -0.771251 0.014843 -0.122085
v -0.924516 0.070845 0.031072
v -0.797354 0.107009 -0.120000
v 0.777149 -0.243642 -0.110847
v -0.699534 -0.253438 -0.101608
v 0.763044 -0.221672 -0.113930
v 0.331807 -0.188334 -0.119064
v -0.320922 -0.188351 -0.125991
v -0.211523 -0.182573 -0.121219
v -0.790770 -0.179666 -0.115141
v -0.650191 -0.182257 -0.113266
v -0.863474 -0.129316 -0.103815
v -0.718811 -0.128643 -0.104197
v -0.745092 -0.098697 -0.110789
v -0.771503 -0.079465 -0.108535
v -0.756107 -0.056903 -0.106595
v 0.477289 -0.269030 -0.110419
v 0.852612 -0.258537 -0.106842
v 0.487462 -0.219644 -0.094764
v 0.900742 -0.245200 -0.108842
v -0.273871 -0.219534 -0.106946
v 0.512132 -0.223858 -0.105208
v 0.532779 -0.225794 -0.111571
v -0.556731 -0.196402 -0.116063
v -0.231796 -0.192098 -0.113447
v 0.339709 -0.184573 -0.119602
v -0.725354 -0.132819 -0.107569
v -0.765403 -0.129265 -0.091745
v -0.914424 -0.068901 -0.090059
v -0.839583 0.097296 0.002254
v -0.776506 0.103327 -0.093247
v -0.784862 0.110182 -0.104121
v 0.935680 0.323357 -0.038715
v -0.443496 0.410444 -0.073056
v -0.672825 -0.293350 -0.109028
v -0.663459 -0.303916 -0.109422
v 0.693674 -0.256229 -0.109727
v 0.759516 -0.253030 -0.109388
v 0.744799 -0.250538 -0.117993
v 0.525331 -0.219658 -0.099036
v 0.439565 -0.208166 -0.102179
v -0.778856 -0.193123 -0.100762
v -0.524082 -0.197589 -0.100611
v 0.543703 -0.207540 -0.103813
v -0.656413 -0.209322 -0.088259
v -0.920419 -0.117235 -0.052008
v -0.713997 -0.097926 -0.116762
v -0.716346 -0.112119 -0.104786
v -0.706742 -0.098306 -0.121109
v -0.678093 -0.099630 -0.117242
v -0.706341 -0.091667 -0.116585
v -0.671528 -0.095193 -0.099563
v -0.930013 -0.026481 -0.081083
v 0.964095 0.160099 -0.043567
v -0.673371 0.329825 -0.013801
v -0.667549 0.349854 0.004915
v 0.904653 0.411491 0.064298
v 0.478862 -0.309037 -0.080814
v -0.675178 -0.284163 -0.092851
v 0.893164 -0.253829 -0.093795
v 0.772564 -0.253933 -0.089198
v 0.704127 -0.246151 -0.092761
v 0.670783 -0.225642 -0.102448
v -0.282029 -0.212700 -0.092265
v 0.494756 -0.211941 -0.098592
v 0.404791 -0.186876 -0.089106
v -0.237005 -0.186730 -0.117930
v -0.779156 -0.182730 -0.096783
v -0.244414 -0.182374 -0.112846
v -0.648616 -0.172801 -0.107761
v -0.512079 -0.178254 -0.104100
v -0.808622 -0.104263 -0.101458
v -0.671631 -0.102413 -0.105185
v -0.811263 -0.082896 -0.101041
v 0.974281 -0.047493 -0.043886
v 0.580512 -0.309975 -0.077366
v 0.554797 -0.300605 -0.067417
v 0.553158 -0.266129 -0.063464
v -0.787720 -0.228775 -0.063114
v -0.248797 -0.218340 -0.099565
v -0.651603 -0.213502 -0.087652
v 0.416722 -0.202632 -0.086358
v -0.253419 -0.189919 -0.103695
v -0.290532 -0.187185 -0.090425
v -0.649914 -0.187267 -0.100630
v -0.995629 -0.117223 -0.064397
v -0.920002 -0.091602 -0.093652
v -0.918938 -0.048115 -0.078724
v -0.924263 -0.041427 -0.081091
v -0.921387 0.012770 0.000714
v -0.776342 0.073444 -0.068648
v 0.966665 0.151564 -0.010564
v -0.266039 -0.217051 -0.089866
v -0.259796 -0.213182 -0.104627
v 0.532625 -0.218640 -0.095115
v 0.708589 -0.216259 -0.089116
v 0.332827 -0.213727 -0.072951
v -0.784898 -0.184379 -0.096201
v -0.693575 -0.214886 -0.083833
v -0.860080 -0.180435 -0.043575
v -0.662068 -0.152857 -0.099956
v -0.910543 -0.096426 -0.048357
v -0.750029 0.148308 -0.043766
v 0.892267 0.418795 -0.006360
v 0.573153 0.435570 -0.039783
v 0.503163 -0.324264 -0.063525
v -0.620524 -0.301485 -0.055441
v 0.537537 -0.320791 -0.058257
v 0.679123 -0.257949 -0.054750
v -0.735239 -0.244304 -0.074536
v 0.818902 -0.243379 -0.086007
v -0.641816 -0.234248 -0.084399
v 0.928995 -0.219515 -0.079620
v 0.682598 -0.229185 -0.065160
v -0.653228 -0.220025 -0.080465
v -0.267182 -0.211194 -0.098990
v 0.541953 -0.212037 -0.082428
v -0.568513 -0.199955 -0.087531
v -0.796184 -0.198150 -0.084222
v -0.342995 -0.181873 -0.035624
v -0.036855 -0.173774 -0.030226
v -0.655739 -0.147168 -0.094913
v -0.904211 -0.121598 -0.045131
v -0.650442 -0.105263 -0.101685
v -0.629498 -0.103955 -0.100834
v -0.640173 -0.106074 -0.107590
v -0.765764 -0.072881 -0.046593
v -0.751033 -0.066915 -0.068102
v -0.775225 0.009385 -0.002401
v -0.926670 -0.000110 -0.064440
v 0.491465 -0.329567 -0.052462
v 0.894231 -0.252890 -0.034566
v -0.696069 -0.244287 -0.086966
v -0.763467 -0.240631 -0.070111
v 0.712402 -0.223305 -0.087754
v 0.697029 -0.215832 -0.058269
v 0.474052 -0.206282 -0.091353
v -0.753585 -0.189667 -0.058196
v -0.567420 -0.187200 -0.092355
v -0.392371 -0.130410 -0.032111
v -0.652051 -0.115847 -0.095646
v -0.580341 -0.111959 -0.096712
v -0.721334 -0.092548 -0.081824
v -0.806777 -0.098414 -0.025464
v 0.971330 -0.068383 -0.043746
v -0.607184 -0.265967 -0.059771
v 0.738577 -0.252108 -0.079328
v 0.881245 -0.255819 -0.073031
v 0.539655 -0.217668 -0.040157
v 0.690556 -0.231510 -0.070300
v -0.258109 -0.228494 -0.084320
v -0.243147 -0.226457 -0.082961
v 0.447611 -0.199955 -0.010662
v 0.442255 -0.199592 -0.083106
v -0.482748 -0.195576 -0.046592
v -0.260499 -0.188558 -0.067531
v -0.806072 -0.184361 -0.072650
v -0.809240 -0.183092 -0.043332
v -0.545509 -0.122042 -0.086534
v -0.546306 -0.193656 -0.080886
v -0.783952 -0.115863 -0.063495
v -0.867229 -0.132831 -0.035224
v -0.792713 -0.095452 -0.076645
v -0.912804 -0.054467 -0.061050
v 0.523549 -0.337676 -0.059210
v 0.572851 -0.302641 -0.070128
v -0.620412 -0.241191 -0.059579
v 0.484146 -0.193046 -0.035473
v -0.271424 -0.221267 -0.065401
v 0.480388 -0.190868 -0.073904
v 0.950594 -0.207707 -0.035356
v -0.672746 -0.206377 -0.082023
v -0.475133 -0.126866 -0.036361
v -0.762858 -0.115503 -0.068235
v -0.805698 0.104574 -0.068433
v 0.529664 -0.338785 -0.051890
v 0.583175 -0.304598 -0.070029
v -0.688675 -0.270866 -0.063616
v 0.914395 -0.253848 -0.052289
v 0.941342 -0.233703 -0.042841
v 0.658050 -0.203118 -0.077527
v -0.235583 -0.178776 -0.013366
v 0.962682 -0.155822 0.001872
v -0.732372 -0.125440 -0.073795
v -0.753238 -0.083963 -0.042962
v 0.980208 0.057404 -0.011268
v -0.611982 -0.291891 -0.059248
v 0.798471 -0.245686 -0.075419
v 0.843963 -0.240898 -0.059730
v -0.683755 -0.239817 -0.073770
v -0.692061 -0.226633 -0.077200
v -0.242916 -0.235863 -0.052669
v -0.661456 -0.211840 -0.074891
v -0.250542 -0.212801 -0.055287
v -0.812045 -0.199182 -0.046917
v -0.284717 -0.188614 -0.019502
v 0.452148 -0.186997 -0.079045
v -0.476829 -0.138314 -0.060441
v -0.746339 -0.142244 -0.057401
v -0.917135 0.012033 0.043851
v -0.797734 0.108538 -0.048209
v -0.678424 -0.283544 -0.052557
v 0.677219 -0.251407 -0.058996
v 0.870494 -0.245687 -0.031624
v 0.742651 -0.242803 -0.075258
v 0.764516 -0.220611 -0.079525
v 0.737606 -0.223114 -0.071608
v 0.790537 -0.221107 -0.078211
v 0.942683 -0.219358 -0.045777
v 0.705015 -0.216684 -0.058686
v -0.633540 -0.224181 -0.070829
v 0.662185 -0.221568 -0.016970
v 0.545444 -0.191713 -0.070835
v -0.827813 -0.176341 -0.022576
v -0.789353 -0.099208 -0.068622
v -0.779613 0.137596 0.064712
v 0.934353 0.367515 -0.010646
v -0.638787 -0.310665 -0.038493
v -0.663025 -0.305951 -0.013836
v 0.479993 -0.314833 -0.046235
v 0.481081 -0.298306 -0.059484
v 0.480513 -0.256782 -0.055185
v -0.678974 -0.221611 -0.060555
v 0.671020 -0.229583 -0.021746
v 0.705051 -0.225280 -0.063319
v 0.696423 -0.224840 -0.057685
v 0.827388 -0.221780 -0.054749
v 0.611396 -0.192794 -0.071002
v -0.284047 -0.209230 -0.026469
v -0.916928 -0.048121 -0.067210
v -0.923561 -0.042831 -0.034965
v -0.919550 -0.039606 -0.003567
v -0.919929 0.001316 -0.056768
v -0.891907 0.076587 0.010283
v -0.786660 0.088792 -0.065397
v -0.687272 -0.246961 -0.059927
v 0.821573 -0.240730 -0.058825
v -0.752993 -0.233456 -0.062954
v -0.724101 -0.229995 -0.067175
v 0.684788 -0.233789 -0.059888
v 0.933180 -0.204082 -0.034901
v -0.836110 -0.195460 -0.021608
v 0.551669 -0.187545 -0.065516
v 0.327316 0.433774 -0.023115
v 0.726074 -0.247528 -0.057921
v -0.647869 -0.210373 -0.051368
v 0.438662 -0.210039 0.014749
v 0.548205 -0.205440 -0.043360
v -0.498827 -0.188818 -0.045887
v 0.479015 -0.186774 -0.035183
v 0.277645 -0.182445 0.010439
v -0.521406 -0.111926 0.006159
v -0.776520 -0.108118 -0.055412
v -0.776406 -0.096169 -0.018251
v -0.928063 -0.057152 -0.035209
v -0.921475 -0.049324 -0.060812
v 0.198187 0.432161 -0.035576
v 0.570580 -0.321349 -0.045623
v 0.574148 -0.281454 -0.042394
v -0.715738 -0.261447 -0.044770
v -0.729199 -0.236373 -0.046668
v 0.704663 -0.263292 -0.006323
v 0.675159 -0.234602 -0.039011
v -0.616652 -0.231316 -0.048058
v -0.754208 -0.223052 -0.053500
v -0.270726 -0.215828 -0.056397
v -0.232919 -0.215643 -0.029957
v -0.845059 -0.185223 -0.004644
v 0.633108 -0.192036 -0.027447
v -0.358020 -0.174507 0.043388
v -0.508523 -0.120984 -0.050158
v -0.721133 -0.095450 0.060670
v -0.930106 -0.076439 0.038755
v -0.919925 -0.048205 -0.022519
v -0.922753 -0.052803 -0.035278
v -0.781963 0.098302 -0.048574
v 0.534224 -0.335272 -0.035530
v -0.591358 -0.308728 -0.005623
v 0.454418 -0.291710 -0.045295
v -0.788368 -0.227491 -0.027459
v -0.682570 -0.237519 -0.040308
v -0.248354 -0.229550 -0.046503
v -0.246108 -0.184462 -0.035006
v 0.969782 -0.089226 -0.043774
v 0.488933 -0.323611 -0.044268
v 0.454193 -0.232987 -0.029417
v 0.693496 -0.265818 -0.022021
v 0.662250 -0.262705 -0.016846
v -0.617544 -0.240698 -0.038759
v 0.480333 -0.224475 -0.039730
v 0.543470 -0.224350 -0.018310
v 0.843478 -0.241755 -0.027930
v -0.719280 -0.231078 -0.040144
v 0.709137 -0.238542 -0.014942
v -0.223814 -0.215177 -0.020625
v -0.215578 -0.230907 -0.021386
v 0.723290 -0.220057 -0.022269
v 0.844158 -0.221976 -0.033188
v -0.624748 -0.211923 -0.027104
v -0.766488 -0.217361 -0.024843
v -0.475115 -0.203986 0.009853
v -0.493928 -0.151847 -0.036542
v -0.806512 -0.169018 -0.025239
v -0.755924 -0.106732 -0.022074
v -0.930236 0.000897 -0.006498
v -0.926231 -0.003356 -0.034202
v -0.774728 0.049627 -0.004684
v 0.987088 0.069632 -0.046454
v 0.976743 0.087839 -0.039042
v 0.048369 0.427181 -0.014703
v 0.566933 -0.329838 -0.035001
v -0.736878 -0.237168 -0.039642
v 0.929802 -0.252007 -0.014185
v -0.231072 -0.235946 -0.025606
v 0.326154 -0.221017 -0.006368
v -0.259297 -0.207458 -0.047552
v -0.250793 -0.212895 -0.046260
v -0.766797 -0.186943 0.020246
v 0.938261 0.326712 -0.031136
v 0.123270 0.430901 0.093577
v -0.673739 -0.291511 -0.030793
v -0.686859 -0.270991 -0.033933
v 0.674944 -0.264335 -0.029337
v 0.709485 -0.254654 -0.015395
v 0.937326 -0.244704 -0.021238
v -0.757229 -0.234368 -0.036976
v -0.752876 -0.227824 -0.036629
v -0.690690 -0.244535 -0.029159
v 0.479927 -0.197959 -0.010367
v 0.794883 -0.220510 0.003815
v -0.259426 -0.198273 -0.031646
v -0.267568 -0.209722 -0.026595
v -0.675057 -0.211001 -0.031132
v -0.233404 -0.203171 -0.025638
v -0.852963 -0.183109 0.003226
v 0.455878 -0.189287 -0.007674
v -0.903033 -0.124249 0.030857
v -0.762782 -0.111579 -0.017231
v -0.922329 -0.121568 0.030224
v -0.803064 -0.062583 0.007957
v -0.930421 -0.031502 0.076081
v -0.921786 -0.005992 -0.011244
v 0.991089 0.076617 -0.018681
v -0.279582 0.410984 -0.006251
v -0.623198 -0.318891 -0.010059
v -0.729253 -0.242245 -0.031657
v -0.733526 -0.233406 -0.033791
v -0.681144 -0.220603 0.001349
v -0.241709 -0.217942 -0.023716
v -0.655212 -0.202855 0.009303
v -0.483761 -0.205690 0.017409
v -0.130337 -0.184305 -0.028223
v -0.117996 -0.198425 -0.035934
v -0.138359 -0.200381 -0.025632
v -0.080690 -0.184641 -0.033538
v -0.039959 -0.205923 -0.034484
v 0.549526 -0.187875 -0.002125
v -0.041194 -0.180878 -0.028333
v -0.383589 -0.149560 0.069362
v -0.491307 -0.124946 0.001665
v 0.507849 -0.340964 -0.018175
v 0.424210 -0.298914 0.001781
v -0.588596 -0.290426 -0.016717
v 0.441744 -0.288642 -0.024437
v 0.898629 -0.259263 -0.019363
v -0.599240 -0.228982 0.018252
v 0.576947 -0.263851 -0.021455
v -0.117584 -0.229282 -0.025063
v -0.032328 -0.225412 -0.027757
v -0.020501 -0.214110 -0.015605
v -0.249725 -0.187004 -0.017522
v -0.272062 -0.183219 -0.006576
v -0.741257 -0.133414 0.095456
v -0.820440 -0.136072 -0.025575
v -0.971413 -0.118327 0.073176
v -0.550217 -0.107871 0.086704
v -0.743956 0.163483 0.007044
v -0.368467 0.410886 0.014387
v 0.798072 0.431846 0.064396
v 0.566188 -0.323370 0.009170
v -0.654601 -0.315147 0.010620
v -0.695065 -0.284554 -0.009279
v -0.683332 -0.276275 -0.025769
v 0.670558 -0.279587 -0.022356
v 0.421022 -0.261688 -0.004575
v 0.845789 -0.219327 -0.018159
v -0.125483 -0.230102 -0.019631
v -0.129556 -0.219385 -0.016523
v 0.550000 -0.211026 0.010525
v 0.947560 -0.221391 -0.012588
v -0.259860 -0.199950 -0.024014
v -0.481629 -0.205268 -0.021991
v -0.189401 -0.184139 -0.016497
v 0.423373 -0.187788 0.030792
v 0.474089 -0.190657 -0.017556
v 0.328151 -0.187573 0.114417
v -0.774971 -0.110414 -0.018627
v 0.851788 0.429643 0.047708
v 0.525831 -0.345489 0.009269
v 0.486331 -0.343711 -0.003073
v 0.432230 -0.289026 -0.023014
v -0.688185 -0.255363 -0.018082
v -0.343357 -0.248528 -0.021586
v -0.288498 -0.223108 -0.016626
v -0.257120 -0.250382 -0.020053
v -0.143579 -0.238682 -0.009426
v -0.028442 -0.237472 -0.005896
v -0.197791 -0.202279 -0.019901
v -0.206397 -0.218686 -0.014894
v 0.133563 -0.201787 -0.021220
v 0.147318 -0.195802 -0.021122
v 0.144516 -0.209346 -0.023551
v -0.912726 -0.110929 0.051121
v 0.181543 0.431972 0.010247
v -0.679080 -0.314194 0.011087
v 0.680181 -0.284248 -0.017527
v -0.484727 -0.265252 -0.013612
v -0.434777 -0.249785 -0.016163
v -0.273186 -0.259836 -0.013485
v 0.606865 -0.250706 -0.011738
v 0.608315 -0.257280 -0.012619
v 0.628913 -0.251778 -0.012058
v 0.866972 -0.250308 -0.002930
v -0.350975 -0.234184 -0.009279
v -0.825466 -0.220431 0.010180
v -0.623798 -0.214132 0.002173
v -0.294535 -0.213084 -0.009518
v 0.119867 -0.221854 -0.007233
v 0.932090 -0.201347 0.005695
v -0.763834 -0.207393 -0.001563
v 0.171626 -0.214283 -0.014965
v -0.029631 -0.176290 -0.009308
v -0.023783 -0.170878 -0.015181
v -0.819469 -0.132379 0.000060
v -0.809703 -0.094909 -0.012059
v -0.909101 0.057807 0.035259
v 0.987797 0.080500 0.025743
v 0.516118 -0.345345 0.004859
v 0.670272 -0.285326 -0.010560
v -0.461379 -0.272239 -0.005327
v 0.659231 -0.263369 -0.006990
v -0.491547 -0.257001 -0.004984
v 0.574907 -0.254619 -0.002905
v 0.627631 -0.251796 -0.005317
v 0.829073 -0.242804 -0.006705
v 0.832571 -0.221795 -0.004673
v -0.020460 -0.230577 -0.001878
v -0.333884 -0.225717 -0.009013
v -0.775004 -0.215668 -0.011152
v 0.039439 -0.211075 -0.012299
v 0.442033 -0.224705 -0.001941
v -0.002136 -0.191243 -0.010729
v 0.422735 -0.198967 0.018365
v -0.230782 -0.186473 -0.006262
v -0.209189 -0.183959 -0.011287
v 0.140493 -0.186874 -0.006588
v -0.020437 -0.186332 -0.002014
v -0.821717 -0.175091 -0.002081
v -0.384188 -0.133962 0.039530
v -0.858121 -0.128995 0.043775
v -0.775184 -0.106522 -0.007611
v -0.551726 0.410706 0.072698
v -0.571435 -0.290131 0.010227
v -0.530500 -0.298881 -0.004904
v -0.541098 -0.285977 -0.001878
v 0.407316 -0.283480 -0.007540
v 0.398014 -0.273170 -0.009649
v 0.683585 -0.281293 -0.003840
v 0.306966 -0.274968 -0.007355
v 0.323089 -0.268357 -0.010094
v -0.586894 -0.279547 0.010225
v -0.377207 -0.265882 0.003473
v -0.244724 -0.249863 -0.006181
v 0.851703 -0.254770 0.005119
v 0.153693 -0.245311 -0.000544
v 0.272135 -0.228549 -0.008339
v 0.335016 -0.252682 -0.000658
v 0.192392 -0.212623 -0.007349
v 0.652820 -0.220656 -0.006591
v 0.716712 -0.232801 0.024518
v 0.656961 -0.213145 0.000173
v 0.034940 -0.198106 -0.000861
v 0.124398 -0.197380 0.005483
v -0.843611 -0.199235 0.026873
v 0.115318 -0.168731 -0.006744
v -0.799161 -0.166131 -0.007861
v -0.806760 -0.155943 -0.016909
v -0.797800 -0.142108 -0.008126
v -0.802304 -0.141170 -0.010326
v 0.975526 -0.030868 0.060288
v -0.925591 -0.035658 0.023236
v 0.975614 0.092190 0.030533
v -0.742846 0.176179 -0.001624
v -0.715255 0.242833 -0.000070
v 0.940663 0.322312 0.010389
v -0.677761 0.344932 -0.002737
v -0.193698 0.416676 0.118919
v -0.541541 -0.292441 -0.001598
v -0.478274 -0.283525 0.001519
v -0.702042 -0.264823 0.022230
v 0.584197 -0.259313 -0.005462
v 0.922348 -0.256071 0.023004
v -0.475599 -0.249065 0.000997
v -0.197910 -0.237612 0.003805
v 0.292427 -0.240867 -0.001587
v 0.557201 -0.232862 0.011027
v 0.268148 -0.225239 0.000691
v 0.730023 -0.222619 -0.000990
v 0.167081 -0.200186 -0.002479
v 0.052154 -0.162239 -0.002909
v -0.815167 -0.147021 -0.002348
v -0.393022 -0.128843 0.044528
v -0.702621 0.283494 0.000579
v 0.389847 0.433517 0.068537
v 0.438080 -0.314314 0.009453
v 0.407418 -0.290312 0.001822
v 0.352099 -0.290743 0.008867
v 0.578403 -0.276937 0.012950
v 0.828746 -0.253267 0.002723
v -0.138380 -0.238612 0.004843
v 0.804809 -0.235068 0.001322
v -0.346765 -0.234279 -0.000651
v -0.791095 -0.227989 0.007311
v 0.491695 -0.193843 0.020338
v -0.287314 -0.206901 0.008567
v -0.258551 -0.191894 -0.005333
v 0.151370 -0.191570 0.004249
v -0.234382 -0.188252 0.007715
v 0.005878 -0.185979 0.001829
v -0.271534 -0.178279 0.070816
v -0.229904 -0.183013 0.009821
v -0.490559 -0.195436 0.052364
v -0.810555 -0.176268 -0.003527
v 0.022361 -0.165128 0.044773
v -0.759259 -0.173277 0.027467
v -0.808392 -0.133797 0.008158
v -0.499520 -0.126393 0.049282
v -0.803458 -0.080346 0.018400
v -0.930092 0.015023 0.027359
v -0.005805 0.423582 0.172700
v -0.464696 -0.263937 0.007189
v 0.253045 -0.269187 0.008481
v 0.654433 -0.251207 0.004769
v 0.388897 -0.256078 0.009286
v 0.415212 -0.263479 0.009028
v 0.867854 -0.241583 0.009477
v 0.166004 -0.252585 0.009693
v -0.615334 -0.214170 0.014652
v 0.987683 -0.215363 0.230381
v -0.850138 -0.178963 0.002898
v -0.263889 -0.208746 0.022179
v 0.494764 -0.189343 0.025214
v 0.632672 -0.191018 0.040313
v -0.475320 -0.133778 0.048473
v 0.104160 -0.162780 0.014257
v -0.791121 -0.107803 0.002816
v -0.771875 -0.117736 0.010165
v -0.775396 -0.106314 -0.006628
v -0.786909 -0.094750 0.004129
v -0.783726 -0.095627 -0.000721
v -0.920226 -0.104826 0.055578
v -0.918120 -0.086409 0.014462
v -0.924981 0.000249 0.001602
v -0.775224 -0.007728 0.031606
v 0.979239 0.065462 0.030305
v -0.579436 -0.302183 0.010338
v -0.517733 -0.282756 0.011662
v 0.683079 -0.259291 0.030044
v -0.322769 -0.254736 0.006664
v 0.132856 -0.233157 0.012454
v 0.791329 -0.232966 0.012867
v -0.792996 -0.232974 0.019229
v 0.442171 -0.227091 0.008666
v 0.167732 -0.216255 0.013980
v 0.428909 -0.212281 0.048194
v 0.458540 -0.226461 0.020337
v -0.759881 -0.212903 0.016696
v -0.844048 -0.184390 0.025800
v -0.015361 -0.195983 0.022739
v 0.119228 -0.170196 0.051852
v -0.763726 -0.109939 0.010332
v -0.773789 -0.094544 0.006133
v -0.854665 0.086985 0.036776
v 0.963011 0.148078 0.039361
v -0.522069 -0.291854 0.010584
v 0.416211 -0.284075 0.014379
v -0.691876 -0.284039 0.042392
v 0.415311 -0.273445 0.015099
v -0.141674 -0.225718 0.011634
v 0.356673 -0.272274 0.020536
v 0.939581 -0.242402 0.026203
v -0.020674 -0.228273 0.008600
v 0.327984 -0.212883 0.047664
v 0.284965 -0.212226 0.060221
v 0.141312 -0.208967 0.024470
v 0.005925 -0.191081 0.016515
v 0.021968 -0.203260 0.020546
v -0.786339 -0.174189 0.038128
v -0.469742 -0.128420 0.049575
v -0.995918 -0.116893 0.043492
v -0.770889 -0.109187 0.018222
v -0.923795 -0.061637 0.017542
v -0.924186 0.006313 0.030923
v -0.640830 0.382436 0.072589
v 0.466330 -0.316421 0.033416
v 0.471205 -0.301679 0.050450
v 0.670712 -0.258506 0.024378
v 0.807019 -0.243286 0.027036
v -0.256640 -0.245279 0.016344
v 0.713702 -0.250422 0.023626
v -0.287180 -0.219377 0.017222
v -0.133626 -0.234373 0.015740
v -0.223545 -0.225564 0.014564
v 0.680435 -0.223156 0.015411
v -0.828837 -0.204151 0.021125
v -0.666249 -0.210243 0.026453
v 0.150244 -0.209547 0.032088
v 0.949714 -0.191578 0.077296
v 0.483006 -0.191532 0.052654
v -0.230559 -0.189846 0.015710
v -0.213619 -0.188435 0.017728
v -0.209265 -0.185166 0.010645
v -0.217708 -0.182264 0.019211
v -0.847343 -0.175209 0.021748
v -0.785816 -0.151028 0.046538
v -0.676055 -0.096705 0.069414
v -0.815817 -0.063285 0.019169
v 0.552344 0.435248 -0.010646
v -0.679250 -0.314329 0.026307
v -0.576275 -0.290440 0.025282
v -0.692126 -0.242819 0.032290
v -0.594389 -0.248481 0.026128
v 0.381330 -0.262298 0.020453
v -0.289542 -0.239191 0.014845
v 0.160025 -0.235154 0.024552
v -0.109389 -0.232860 0.025129
v -0.119654 -0.217523 0.029865
v 0.677533 -0.250998 0.033271
v -0.751756 -0.241133 0.052754
v -0.760967 -0.227031 0.033653
v -0.748068 -0.225182 0.032910
v -0.743932 -0.210822 0.030298
v -0.722954 -0.218449 0.018732
v -0.155718 -0.213035 0.020259
v -0.608426 -0.221474 0.028980
v -0.723246 -0.209713 0.023947
v 0.543599 -0.193465 0.017057
v 0.445328 -0.190271 0.055826
v 0.534615 -0.188201 0.029501
v -0.226398 -0.187102 0.023312
v -0.821076 -0.187403 0.067180
v -0.020703 -0.179619 0.057025
v 0.152396 -0.174846 0.052240
v 0.163733 -0.175596 0.064768
v -0.949348 -0.121952 0.065866
v -0.919749 -0.044490 0.031698
v -0.774885 0.002612 0.041421
v -0.911879 0.015498 0.023148
v -0.639463 -0.315942 0.056085
v -0.620279 -0.308316 0.059215
v 0.437715 -0.296599 0.028842
v 0.388879 -0.272439 0.022410
v -0.604471 -0.292155 0.062711
v 0.693983 -0.262478 0.043578
v 0.886462 -0.255568 0.043833
v 0.852768 -0.247135 0.026801
v 0.840171 -0.241023 0.030137
v 0.138388 -0.217251 0.027214
v -0.698431 -0.230613 0.031166
v -0.264242 -0.214517 0.022122
v 0.006162 -0.209072 0.026603
v -0.017733 -0.209646 0.024611
v 0.160091 -0.224888 0.020417
v -0.706563 -0.219758 0.025313
v -0.282765 -0.212332 0.024097
v -0.624792 -0.219348 0.043510
v -0.844102 -0.190729 0.033447
v -0.232051 -0.199717 0.024718
v -0.186726 -0.189310 0.014992
v -0.159406 -0.189038 0.014015
v -0.142293 -0.188225 0.019316
v -0.168672 -0.187203 0.018448
v 0.451171 -0.186977 0.064901
v -0.853738 -0.181034 0.030451
v -0.804744 -0.179678 0.059120
v -0.757058 -0.109716 0.032698
v -0.779505 -0.114806 0.071202
v -0.916802 -0.113393 0.042094
v -0.898492 0.039586 0.129509
v 0.566440 -0.285043 0.042023
v 0.445323 -0.281217 0.036550
v -0.027724 -0.227961 0.058356
v 0.933033 -0.223802 0.056069
v -0.282408 -0.225087 0.032998
v -0.233452 -0.213009 0.029223
v -0.298423 -0.225474 0.031955
v -0.292022 -0.203627 0.031573
v -0.247805 -0.202189 0.037389
v -0.124380 -0.197312 0.026119
v -0.097258 -0.228757 0.057608
v 0.725533 -0.236314 0.053042
v -0.694816 -0.223637 0.042461
v -0.604427 -0.237011 0.041539
v -0.126142 -0.224014 0.036404
v 0.696255 -0.226476 0.038113
v -0.234444 -0.220160 0.037959
v 0.165972 -0.230298 0.043496
v -0.711650 -0.210312 0.035102
v 0.719522 -0.220027 0.110875
v 0.131980 -0.220360 0.036974
v 0.928231 -0.200745 0.043139
v -0.729400 -0.200512 0.037643
v -0.483450 -0.195401 0.071035
v 0.488692 -0.215606 0.047738
v -0.293413 -0.193129 0.044018
v 0.502451 -0.206304 0.036956
v 0.515079 -0.192868 0.029344
v -0.203065 -0.186191 0.057558
v -0.741804 -0.179143 0.037032
v -0.009355 -0.172262 0.044452
v 0.968257 -0.089172 0.047580
v -0.772970 -0.088259 0.043020
v -0.796512 -0.086906 0.073536
v -0.815410 0.000158 0.085892
v 0.943694 0.264033 0.034651
v 0.935427 0.331538 0.035042
v 0.542520 -0.303317 0.059243
v 0.486809 -0.307898 0.054882
v -0.662742 -0.305474 0.059878
v 0.913762 -0.252589 0.042786
v 0.465305 -0.261329 0.046168
v 0.721172 -0.250730 0.043968
v -0.708712 -0.234000 0.035965
v 0.156731 -0.236455 0.039638
v -0.123193 -0.235593 0.042076
v -0.226791 -0.229384 0.038167
v 0.558243 -0.241027 0.041807
v -0.271836 -0.229469 0.047960
v -0.679721 -0.225352 0.045968
v 0.639522 -0.209775 0.057432
v -0.300556 -0.206739 0.047690
v -0.115549 -0.210092 0.042472
v -0.278574 -0.200863 0.042337
v 0.522387 -0.207012 0.044948
v -0.129876 -0.188662 0.049230
v -0.230554 -0.187297 0.046696
v -0.873533 -0.122540 0.097589
v -0.764101 -0.122177 0.064467
v -0.798542 -0.050966 0.054367
v -0.928608 -0.055545 0.084828
v -0.920895 -0.019486 0.064581
v -0.674970 -0.296782 0.059838
v 0.680029 -0.251397 0.047224
v -0.681205 -0.264248 0.054839
v 0.843480 -0.254635 0.060429
v -0.239672 -0.230917 0.049760
v -0.716421 -0.232810 0.058248
v -0.296402 -0.222884 0.049896
v -0.156206 -0.219865 0.042384
v -0.813726 -0.202627 0.050192
v 0.530512 -0.192406 0.053325
v 0.003560 -0.182555 0.041297
v -0.920803 0.002514 0.052287
v -0.929929 0.014333 0.097098
v -0.741104 0.172984 0.085469
v 0.458526 -0.289273 0.039235
v -0.690673 -0.246670 0.052651
v -0.283502 -0.221954 0.055237
v 0.135633 -0.223480 0.053386
v 0.541327 -0.228046 0.051392
v -0.227251 -0.216992 0.049195
v -0.252097 -0.217297 0.046198
v 0.157096 -0.180110 0.062031
v 0.151341 -0.181270 0.054376
v -0.244470 -0.183484 0.053600
v -0.775421 -0.184096 0.096808
v -0.750408 -0.147071 0.081413
v -0.790108 -0.134323 0.054580
v -0.911945 -0.078132 0.065009
v -0.794889 -0.002675 0.054542
v -0.910391 0.049018 0.098346
v -0.749296 0.166049 0.069684
v 0.510732 -0.307464 0.062663
v 0.549941 -0.292410 0.059648
v 0.860252 -0.249151 0.056490
v 0.794444 -0.245594 0.073856
v 0.139273 -0.220749 0.062488
v 0.691833 -0.248323 0.071459
v -0.616161 -0.237006 0.054985
v 0.124899 -0.214283 0.051207
v -0.710166 -0.228480 0.049180
v -0.117600 -0.220018 0.050134
v 0.533772 -0.214697 0.049769
v -0.246882 -0.215270 0.054546
v -0.211788 -0.201202 0.054081
v -0.227682 -0.210299 0.052895
v 0.490925 -0.207799 0.049935
v 0.618568 -0.208625 0.049772
v 0.618993 -0.191472 0.046737
v -0.120781 -0.203513 0.053159
v -0.297024 -0.202948 0.058150
v -0.009643 -0.177405 0.064692
v 0.008985 -0.186912 0.054695
v 0.017457 -0.171732 0.051753
v -0.765183 -0.066080 0.071123
v -0.918138 -0.064830 0.091332
v -0.930276 -0.009815 0.072211
v -0.802371 -0.003183 0.066753
v -0.919499 0.059271 0.180396
v -0.915387 0.070000 0.163961
v -0.757618 0.151744 0.073616
v 0.547453 -0.266035 0.063513
v 0.913872 -0.256760 0.060405
v 0.155716 -0.228409 0.057097
v 0.085623 -0.232847 0.056182
v 0.122722 -0.238620 0.077388
v 0.007030 -0.226031 0.058026
v 0.546626 -0.221071 0.058075
v -0.655038 -0.215935 0.057419
v -0.628483 -0.209301 0.063252
v -0.278891 -0.211290 0.051958
v -0.227244 -0.219847 0.055951
v -0.246978 -0.190747 0.058535
v -0.740802 -0.162630 0.095367
v -0.515963 -0.133937 0.076746
v -1.000000 -0.127968 0.127080
v -0.478376 -0.148288 0.089521
v -0.890876 0.073779 0.077679
v 0.960131 0.163414 0.051428
v 0.856673 -0.257394 0.081975
v 0.534986 -0.239341 0.064255
v 0.739171 -0.240356 0.070808
v -0.698877 -0.233082 0.054582
v 0.491437 -0.249564 0.071317
v -0.678143 -0.237043 0.054951
v 0.012585 -0.234055 0.064960
v -0.713602 -0.224990 0.056189
v -0.278629 -0.208058 0.058132
v 0.919385 -0.206059 0.079437
v -0.286833 -0.197253 0.056435
v -0.168512 -0.200255 0.074611
v -0.724497 -0.175493 0.100030
v 0.255078 -0.182731 0.168322
v -0.778807 -0.142519 0.062648
v -0.922058 -0.080399 0.088854
v 0.976774 -0.018396 0.064455
v 0.472581 -0.277055 0.083771
v 0.785659 -0.255880 0.093771
v -0.691778 -0.248757 0.067003
v -0.701676 -0.234654 0.063178
v 0.496158 -0.236763 0.062406
v -0.105453 -0.209933 0.071533
v 0.614046 -0.218036 0.076848
v 0.279107 -0.212765 0.115981
v 0.324129 -0.211900 0.171201
v 0.695515 -0.216132 0.135487
v -0.674527 -0.224824 0.062161
v 0.002740 -0.222783 0.072533
v -0.194396 -0.200423 0.071304
v -0.017961 -0.201694 0.064836
v -0.275373 -0.186470 0.075304
v -0.844947 -0.136755 0.112767
v -0.904277 -0.098573 0.069706
v -0.790324 -0.034725 0.074455
v 0.981770 0.035257 0.093501
v -0.929907 0.031616 0.101764
v -0.001791 0.423254 0.226296
v 0.123236 0.429420 0.176724
v -0.671129 -0.303163 0.071809
v 0.555190 -0.287761 0.097274
v 0.911956 -0.248499 0.080022
v -0.683053 -0.246902 0.065181
v -0.683372 -0.233508 0.070039
v -0.711585 -0.190236 0.087489
v -0.694356 -0.195851 0.078942
v 0.416902 -0.209954 0.102839
v -0.807845 -0.194720 0.096617
v -0.650833 -0.195837 0.070578
v 0.450607 -0.192269 0.073264
v -0.358693 -0.177689 0.131566
v -0.763203 -0.144502 0.070502
v -0.905090 -0.110082 0.088764
v -0.917263 -0.039624 0.102824
v -0.925356 -0.018329 0.081450
v -0.679410 -0.296212 0.070848
v -0.700435 -0.253122 0.071767
v -0.708420 -0.245289 0.073003
v -0.691866 -0.240338 0.071457
v -0.621246 -0.226481 0.071787
v -0.629332 -0.230801 0.077385
v 0.538706 -0.230394 0.087890
v -0.607107 -0.203448 0.089105
v 0.462252 -0.200282 0.077981
v 0.445778 -0.207874 0.084976
v -0.631963 -0.195538 0.070711
v -0.512746 -0.192629 0.075691
v 0.158576 -0.205507 0.070716
v -0.843504 -0.175502 0.099172
v -0.480167 -0.150138 0.080111
v -0.905561 -0.121819 0.124208
v -0.953106 -0.108598 0.074159
v -0.959269 -0.109144 0.074101
v -0.744222 -0.084984 0.071048
v -0.774891 0.149326 0.081340
v 0.553827 -0.265910 0.082053
v -0.680607 -0.257214 0.081910
v 0.836495 -0.255216 0.093954
v -0.616361 -0.246366 0.121368
v 0.495583 -0.249235 0.096680
v 0.927836 -0.234791 0.080656
v -0.687576 -0.246778 0.088909
v 0.723882 -0.232463 0.111570
v 0.491743 -0.220171 0.080831
v 0.137949 -0.213448 0.076367
v -0.024687 -0.209493 0.075797
v -0.117312 -0.205219 0.085565
v -0.671851 -0.190045 0.096205
v -0.281983 -0.186247 0.082211
v 0.394386 -0.187016 0.124489
v 0.137572 -0.179519 0.088737
v -0.763003 -0.130971 0.074948
v -0.772859 -0.118905 0.076295
v -0.812211 -0.083683 0.085396
v -0.635188 -0.303570 0.118474
v 0.504192 -0.292253 0.148311
v 0.490963 -0.270030 0.121544
v 0.707261 -0.258293 0.095863
v 0.897217 -0.256295 0.088669
v -0.690316 -0.238656 0.091045
v -0.680047 -0.243224 0.084082
v 0.500242 -0.222875 0.098637
v 0.644518 -0.205143 0.104187
v 0.412067 -0.188234 0.095158
v -0.624319 -0.169810 0.089610
v 0.018395 -0.183925 0.110530
v -0.852576 -0.131734 0.127168
v -0.758682 -0.132566 0.096272
v -0.668403 -0.102927 0.076095
v -0.682833 -0.099717 0.094680
v -0.767850 -0.073903 0.112573
v 0.968040 -0.101717 0.193997
v -0.790830 -0.024609 0.085250
v -0.914578 0.001612 0.118904
v -0.770460 0.141400 0.096183
v -0.761795 0.158603 0.082832
v -0.761747 0.172181 0.105530
v 0.525977 -0.293708 0.130825
v -0.746318 -0.237700 0.142288
v -0.685229 -0.233884 0.084817
v 0.329563 -0.194880 0.166394
v 0.450616 -0.190439 0.090995
v -0.573146 -0.208822 0.090414
v -0.289711 -0.195402 0.086327
v -0.383279 -0.161232 0.152440
v -0.670708 -0.151145 0.087184
v -0.651915 -0.155335 0.080972
v -0.901852 -0.120939 0.091142
v -0.945766 -0.120514 0.097603
v -0.914683 -0.100957 0.118181
v -0.708943 -0.118395 0.107546
v -0.911647 -0.089465 0.122311
v -0.907421 -0.091189 0.106815
v -0.783013 -0.088813 0.103076
v -0.759135 -0.060308 0.090810
v -0.910257 0.021582 0.144225
v 0.941227 0.263994 0.097716
v 0.933498 0.314150 0.165102
v 0.934990 0.330637 0.164170
v 0.932431 0.352588 0.231686
v -0.608231 -0.292052 0.097097
v -0.697951 -0.265577 0.105757
v -0.631772 -0.239676 0.083429
v 0.709529 -0.247763 0.110911
v 0.605897 -0.215352 0.100110
v -0.614358 -0.208238 0.104869
v -0.165730 -0.203728 0.098448
v -0.607104 -0.186568 0.099260
v -0.684263 -0.178029 0.107453
v -0.574857 -0.133337 0.105177
v -0.948819 -0.108789 0.089136
v -0.904285 -0.109373 0.123490
v -0.703726 -0.104164 0.112013
v -0.620694 -0.105259 0.116483
v -0.806171 -0.100007 0.116176
v -0.904163 -0.077719 0.111157
v -0.849372 -0.090820 0.124782
v -0.766716 -0.062825 0.094061
v -0.755717 0.175083 0.098883
v -0.669663 -0.295006 0.117408
v -0.683138 -0.251698 0.089625
v -0.674995 -0.253932 0.088814
v 0.793686 -0.251135 0.101173
v -0.679566 -0.250201 0.088802
v 0.908496 -0.230733 0.105075
v -0.645415 -0.226430 0.087493
v 0.280609 -0.192656 0.127149
v -0.785254 -0.187884 0.125135
v 0.132160 -0.183760 0.119059
v -0.644536 -0.105195 0.097850
v -0.607572 -0.141101 0.100976
v 0.961408 -0.147399 0.164351
v -0.741112 -0.088610 0.098623
v -0.748777 -0.136403 0.115321
v -0.703024 -0.097396 0.103433
v -0.832958 0.002734 0.100864
v -0.916225 -0.018831 0.115589
v 0.973922 0.097351 0.101951
v -0.660322 0.351696 0.138804
v -0.673491 -0.269053 0.100562
v -0.680060 -0.258212 0.098375
v -0.711202 -0.258496 0.110891
v -0.715749 -0.249364 0.118767
v -0.679521 -0.243873 0.095515
v 0.130678 -0.241296 0.180408
v 0.658655 -0.206919 0.113780
v -0.285480 -0.185589 0.118851
v -0.860877 -0.181064 0.106007
v -0.999124 -0.184406 0.189453
v -0.751092 -0.178955 0.122580
v -0.626355 -0.110683 0.108565
v -0.795009 -0.039313 0.102874
v -0.743196 0.173854 0.111516
v -0.197602 0.417580 0.225801
v 0.839549 0.429159 0.213944
v 0.895941 -0.241906 0.108884
v -0.655918 -0.230729 0.095502
v -0.753378 -0.215852 0.152084
v -0.783825 -0.203966 0.114372
v -0.292160 -0.178453 0.102191
v -0.302389 -0.178746 0.111700
v -0.719251 -0.169427 0.105487
v -0.584585 -0.106349 0.127856
v -0.743114 -0.110704 0.120144
v -0.755109 -0.101452 0.125914
v -0.899237 0.063345 0.099902
v -0.758365 0.155546 0.099609
v -0.733678 0.188388 0.132626
v 0.551948 -0.274018 0.116963
v 0.503954 -0.255612 0.112856
v -0.658324 -0.216158 0.112031
v -0.670467 -0.224177 0.128267
v -0.210569 -0.229330 0.198444
v -0.648973 -0.210449 0.104209
v -0.523848 -0.196108 0.127267
v 0.892350 -0.208093 0.116574
v -0.008255 -0.186013 0.165258
v 0.469844 -0.186836 0.100161
v 0.996665 -0.165220 0.209948
v -0.497511 -0.158089 0.109352
v -0.687744 -0.147894 0.105124
v -0.804135 -0.110920 0.115848
v -0.910045 -0.030630 0.136785
v -0.401896 0.411013 0.126876
v 0.419029 0.432417 0.139259
v -0.680066 -0.247047 0.107614
v 0.864254 -0.250853 0.121658
v -0.689433 -0.254580 0.107542
v -0.694305 -0.238077 0.101459
v -0.694912 -0.245669 0.101999
v -0.108978 -0.211598 0.170000
v -0.503834 -0.179220 0.124362
v -0.828674 -0.174043 0.113667
v -0.697021 -0.104471 0.114148
v -0.992730 -0.117286 0.148073
v -0.939313 -0.120785 0.140251
v -0.966137 -0.107489 0.129720
v -0.787212 -0.104782 0.114421
v -0.815279 -0.066235 0.144935
v -0.905105 -0.032575 0.142175
v -0.864282 -0.030411 0.100277
v -0.912378 -0.007997 0.111134
v -0.748192 0.159716 0.121335
v 0.961819 0.156388 0.172958
v 0.963575 0.161156 0.168489
v 0.590598 0.427859 0.225672
v 0.618537 0.430150 0.226723
v -0.709054 -0.258896 0.125359
v -0.655070 -0.245551 0.112983
v -0.687438 -0.234024 0.109135
v 0.522820 -0.251137 0.111307
v -0.643747 -0.200992 0.126880
v 0.382077 -0.212090 0.166180
v 0.641265 -0.192711 0.116825
v 0.581656 -0.188511 0.111868
v -0.806054 -0.190656 0.123543
v -0.294064 -0.180294 0.123324
v 0.172881 -0.181723 0.172538
v -0.805858 -0.185179 0.118558
v 0.963420 -0.158863 0.200261
v -0.593682 -0.125267 0.132541
v -0.952260 -0.108054 0.128323
v -0.911175 -0.059547 0.147025
v -0.758582 0.172728 0.117176
v 0.957823 0.171485 0.165812
v 0.935825 0.360031 0.247401
v 0.731233 -0.258316 0.115285
v 0.711605 -0.258558 0.126924
v 0.851585 -0.255792 0.126606
v 0.015930 -0.237787 0.183601
v -0.693978 -0.231786 0.129034
v 0.140835 -0.234098 0.164339
v 0.898215 -0.234719 0.117534
v 0.142549 -0.228641 0.181617
v -0.129101 -0.208624 0.153121
v -0.873111 -0.187888 0.210413
v 0.420591 -0.189253 0.129562
v -0.303572 -0.196332 0.116262
v 0.279163 -0.181991 0.164513
v -0.611173 -0.129490 0.120467
v -0.749283 -0.127726 0.120210
v -0.977838 -0.117376 0.146623
v -0.767433 -0.086624 0.125288
v -0.911558 -0.061723 0.148286
v -0.916641 -0.047302 0.151379
v -0.914736 -0.003499 0.141352
v -0.614234 -0.295573 0.157188
v 0.535839 -0.284272 0.148821
v -0.624319 -0.250093 0.133360
v -0.664979 -0.266529 0.134414
v -0.702635 -0.239538 0.130305
v -0.670187 -0.243547 0.121576
v -0.650205 -0.253214 0.134507
v -0.290415 -0.220596 0.131393
v -0.610087 -0.203338 0.121937
v 0.257149 -0.210256 0.129094
v 0.265965 -0.200014 0.124841
v -0.792904 -0.156160 0.143030
v -0.491296 -0.158165 0.123874
v -0.582021 -0.115607 0.129688
v -0.811467 -0.105887 0.134950
v -0.745873 0.182002 0.128600
v 0.912088 0.403562 0.226294
v 0.896620 0.414275 0.226061
v -0.272084 0.414640 0.225550
v 0.813202 -0.253505 0.158750
v 0.701612 -0.247371 0.127665
v 0.866409 -0.238765 0.137876
v 0.888220 -0.241914 0.123698
v 0.006868 -0.209177 0.191154
v 0.262007 -0.217418 0.131816
v 0.137170 -0.194489 0.172528
v -0.791248 -0.205345 0.134925
v -0.354470 -0.200931 0.143215
v -0.291538 -0.183497 0.140270
v 0.398838 -0.187737 0.170945
v 0.519150 -0.186941 0.171436
v -0.764430 -0.184630 0.137163
v -0.333922 -0.181071 0.124569
v -0.752077 -0.177873 0.135246
v -0.766879 -0.154365 0.130968
v -0.886936 -0.121076 0.140455
v -0.593645 -0.113998 0.135868
v -0.908233 -0.112785 0.129829
v -0.863984 -0.062698 0.131849
v -0.840940 -0.071235 0.163354
v -0.762359 0.133148 0.252615
v 0.972123 0.109713 0.139450
v -0.213983 0.416139 0.135110
v -0.658231 -0.296938 0.125801
v 0.496840 -0.278717 0.158153
v 0.700434 -0.221589 0.139752
v -0.117690 -0.220176 0.181242
v -0.019601 -0.207775 0.198637
v -0.766462 -0.215611 0.161265
v -0.690512 -0.197817 0.127609
v -0.119656 -0.204135 0.166418
v -0.672175 -0.195421 0.127876
v 0.273624 -0.197587 0.131463
v -0.516077 -0.195877 0.135678
v 0.016165 -0.188449 0.149204
v -0.775402 -0.170619 0.135895
v -0.917146 -0.117649 0.136347
v -0.854975 -0.101393 0.136146
v -0.960334 -0.092497 0.133647
v -0.909764 -0.016058 0.154396
v -0.901530 0.016856 0.149936
v -0.198154 0.421794 0.128283
v -0.707725 -0.245445 0.138239
v 0.533226 -0.270398 0.148722
v 0.866762 -0.218307 0.134413
v 0.273606 -0.208106 0.144898
v -0.687501 -0.226354 0.133260
v -0.586187 -0.194873 0.148550
v -0.339584 -0.203979 0.140296
v -0.292907 -0.191275 0.180973
v 0.649968 -0.190802 0.161219
v -0.506522 -0.186107 0.146069
v -0.307746 -0.181924 0.134412
v -0.825862 -0.125212 0.166000
v -0.899786 -0.091328 0.148914
v -0.948972 -0.099377 0.140320
v -0.865829 -0.096107 0.154228
v -0.900216 -0.075660 0.154212
v -0.898851 -0.064857 0.162613
v -0.897249 0.002214 0.165225
v -0.739213 0.150572 0.238791
v -0.616578 0.390415 0.193192
v 0.773109 -0.257692 0.155072
v -0.606836 -0.206485 0.142517
v -0.642361 -0.204741 0.143127
v -0.007655 -0.204476 0.165774
v -0.690632 -0.180800 0.141142
v -0.683275 -0.180438 0.142474
v -0.335393 -0.186961 0.149670
v 0.279841 -0.202548 0.150475
v -0.377034 -0.185601 0.177403
v -0.492301 -0.161424 0.146765
v -0.813331 -0.116554 0.143913
v -0.967077 -0.091015 0.140082
v -0.921300 0.001573 0.143879
v -0.636533 0.374474 0.194851
v 0.505285 -0.266859 0.190474
v 0.710385 -0.251282 0.171016
v -0.632290 -0.249574 0.177954
v -0.697921 -0.233942 0.162002
v -0.701121 -0.203013 0.137832
v 0.392059 -0.210794 0.169406
v -0.708301 -0.189211 0.152950
v 0.250085 -0.190375 0.160410
v -0.360681 -0.185698 0.154518
v -0.497304 -0.182158 0.172821
v -0.747458 -0.163108 0.147992
v -0.763760 -0.158021 0.137306
v -0.777099 -0.170308 0.149939
v -0.756758 -0.145068 0.147861
v -0.735714 -0.145622 0.136315
v -0.744823 -0.150541 0.140253
v -0.740153 -0.160915 0.142209
v -0.730502 -0.158653 0.136407
v -0.913357 -0.119545 0.154302
v -0.889596 -0.100048 0.153012
v -0.736342 0.205133 0.148683
v -0.725555 0.218570 0.156072
v -0.543307 0.408802 0.201493
v -0.631468 -0.305509 0.157240
v 0.847212 -0.242052 0.144855
v -0.689299 -0.223576 0.162421
v 0.255143 -0.216556 0.165591
v 0.668608 -0.211094 0.165775
v -0.530738 -0.192754 0.145338
v -0.765961 -0.182855 0.149307
v -0.706480 -0.149037 0.136040
v -0.713082 -0.155855 0.136432
v -0.691925 -0.165135 0.136737
v -0.718523 -0.155603 0.143576
v -0.687807 -0.151482 0.143905
v -0.495554 -0.159932 0.192896
v -0.735219 -0.141537 0.142848
v -0.694052 -0.144033 0.137855
v -0.857532 -0.086851 0.154099
v -0.871949 -0.071998 0.133166
v -0.919238 0.004419 0.152880
v 0.981794 0.035416 0.230616
v -0.732320 0.186380 0.148222
v -0.736765 0.191507 0.150452
v -0.659689 -0.295865 0.161174
v -0.662929 -0.273863 0.164863
v -0.652194 -0.249125 0.169202
v -0.626161 -0.254448 0.155748
v -0.733870 -0.236121 0.157269
v 0.701433 -0.221547 0.158669
v 0.841963 -0.214632 0.154244
v 0.846020 -0.218651 0.145554
v -0.383584 -0.203180 0.155471
v -0.713031 -0.195538 0.160938
v -0.564025 -0.180715 0.147359
v -0.851774 -0.183186 0.247893
v 0.138819 -0.185400 0.171471
v 0.207309 -0.184603 0.215826
v -0.534136 -0.161120 0.145704
v -0.556514 -0.167604 0.143585
v -0.708237 -0.171320 0.148168
v -0.721932 -0.158489 0.147876
v -0.777821 -0.155261 0.152089
v -0.731347 -0.157165 0.151946
v -0.735085 -0.145778 0.150998
v -0.706229 -0.139231 0.146339
v -0.491430 -0.134614 0.151058
v -0.465223 -0.133195 0.155426
v -0.481135 -0.130465 0.139384
v -0.865397 -0.099145 0.166877
v -0.960967 -0.092520 0.149491
v 0.977705 -0.026222 0.248041
v 0.503205 -0.295993 0.154844
v 0.526577 -0.306730 0.169587
v 0.449030 -0.291963 0.156631
v 0.501835 -0.307463 0.157852
v 0.571949 -0.296749 0.148976
v 0.556831 -0.300136 0.153650
v 0.559754 -0.276188 0.158350
v 0.546382 -0.266425 0.157809
v -0.693476 -0.207947 0.165726
v -0.381759 -0.221815 0.162653
v 0.875984 -0.209252 0.165122
v -0.651370 -0.186293 0.159386
v 0.888868 -0.203561 0.177852
v -0.525452 -0.180934 0.149715
v -0.580425 -0.200427 0.157949
v -0.558439 -0.184586 0.154850
v -0.544641 -0.172258 0.162734
v -0.755221 -0.177865 0.156241
v -0.526967 -0.162745 0.151765
v -0.684357 -0.176420 0.158510
v -0.540017 -0.159024 0.153005
v -0.705851 -0.168430 0.154933
v -0.749181 -0.161023 0.154667
v -0.705203 -0.140844 0.153519
v -0.497183 -0.128435 0.163301
v -0.887264 -0.120881 0.160156
v -0.819350 -0.110077 0.157473
v -0.953401 -0.117152 0.156894
v -0.967040 -0.099188 0.152972
v -0.626389 -0.106984 0.145229
v -0.582709 -0.078830 0.161820
v -0.665750 -0.059319 0.144285
v -0.891674 -0.079515 0.158916
v -0.576011 0.401567 0.222221
v 0.579701 -0.296690 0.155317
v 0.565341 -0.306945 0.164670
v 0.585820 -0.306406 0.165503
v 0.610475 -0.297160 0.156462
v 0.585166 -0.279605 0.161527
v 0.633292 -0.295929 0.156347
v 0.635515 -0.282772 0.156275
v 0.658063 -0.300870 0.171221
v 0.447946 -0.271146 0.163072
v 0.373757 -0.252044 0.161298
v 0.396473 -0.242957 0.156074
v 0.401011 -0.257191 0.163350
v -0.718756 -0.244884 0.165827
v 0.362454 -0.233398 0.165381
v 0.386363 -0.232976 0.156743
v 0.838143 -0.231190 0.157350
v 0.282858 -0.217496 0.170805
v 0.274039 -0.203333 0.173801
v 0.369713 -0.190325 0.160926
v -0.514476 -0.183344 0.167380
v -0.528716 -0.167512 0.160067
v -0.503556 -0.164184 0.181742
v -0.871358 -0.124099 0.183471
v -0.669200 -0.124807 0.154048
v -0.664048 -0.130040 0.158620
v -0.481240 -0.076295 0.193905
v -0.622683 -0.129401 0.175727
v -0.605018 -0.111912 0.148471
v -0.580220 -0.116567 0.159329
v -0.880469 -0.114295 0.181482
v -0.630643 -0.057503 0.158363
v -0.664584 -0.053044 0.150270
v -0.904905 -0.002365 0.163697
v -0.915807 0.002266 0.202767
v -0.731587 0.176426 0.192286
v -0.642489 -0.320189 0.173170
v -0.624141 -0.315943 0.169931
v -0.602383 -0.294439 0.165090
v 0.477955 -0.307031 0.168894
v 0.610979 -0.308076 0.165153
v 0.353450 -0.263164 0.163690
v 0.623817 -0.272370 0.173227
v -0.615352 -0.266268 0.165060
v 0.734439 -0.250732 0.185111
v 0.768155 -0.245838 0.174406
v -0.660814 -0.255561 0.166561
v -0.738023 -0.240521 0.165567
v -0.402626 -0.239079 0.171970
v -0.414403 -0.218931 0.168099
v -0.773091 -0.204172 0.181000
v -0.002534 -0.201028 0.165537
v 0.262913 -0.204295 0.165391
v 0.004505 -0.189342 0.167654
v 0.219740 -0.197380 0.183109
v -0.530350 -0.180204 0.162954
v -0.495724 -0.189643 0.176256
v -0.401077 -0.194848 0.174312
v -0.720246 -0.182430 0.162058
v -0.699390 -0.183053 0.167782
v -0.458769 -0.157579 0.196124
v -0.839233 -0.103998 0.191207
v -0.574722 -0.105949 0.158565
v -0.889324 -0.111050 0.169988
v -0.735546 0.168396 0.210916
v -0.664626 -0.296668 0.172924
v 0.531207 -0.307234 0.186990
v 0.648127 -0.309814 0.170646
v -0.544189 -0.308302 0.170851
v -0.514557 -0.273530 0.166078
v -0.494650 -0.279348 0.170454
v -0.572610 -0.293693 0.166004
v 0.353499 -0.272645 0.177700
v 0.662405 -0.272578 0.173765
v -0.456006 -0.242918 0.167312
v -0.521284 -0.256468 0.182018
v 0.649603 -0.270307 0.177240
v 0.337707 -0.250482 0.169136
v 0.804507 -0.250630 0.166467
v -0.697166 -0.239888 0.170038
v 0.699896 -0.243608 0.168328
v -0.426411 -0.218948 0.165900
v -0.411852 -0.237845 0.165441
v 0.392011 -0.231072 0.169770
v -0.226922 -0.234918 0.197594
v -0.287093 -0.223371 0.199789
v 0.223441 -0.220741 0.175042
v 0.713367 -0.223712 0.170082
v 0.818299 -0.221066 0.165703
v -0.430944 -0.203185 0.166003
v -0.622461 -0.192262 0.176686
v -0.700127 -0.188518 0.170428
v -0.322419 -0.190910 0.196230
v -0.682999 -0.134826 0.191882
v -0.818240 -0.110117 0.173992
v -0.872227 -0.112719 0.173236
v -0.699478 -0.094498 0.165494
v -0.909238 -0.038826 0.202508
v -0.690653 -0.050394 0.165165
v -0.587442 -0.072179 0.168152
v -0.733699 0.199437 0.168234
v 0.500210 -0.303385 0.193135
v 0.567277 -0.307672 0.188474
v 0.587141 -0.308184 0.188813
v -0.563535 -0.307762 0.181224
v -0.602309 -0.287199 0.170383
v -0.606623 -0.289955 0.195541
v 0.429091 -0.256298 0.177299
v 0.668209 -0.266578 0.174475
v -0.438615 -0.262006 0.179424
v 0.707497 -0.228037 0.178836
v 0.656839 -0.223314 0.175587
v -0.773644 -0.221635 0.219838
v -0.472335 -0.234469 0.175852
v 0.326985 -0.222477 0.176600
v -0.381728 -0.230743 0.179290
v 0.257480 -0.225807 0.173187
v 0.376737 -0.223713 0.173944
v -0.666449 -0.214132 0.203697
v -0.538471 -0.220547 0.173810
v 0.818836 -0.216649 0.172277
v -0.361939 -0.192069 0.181332
v -0.495050 -0.134786 0.182488
v -0.682415 -0.131247 0.171129
v -0.513587 -0.107632 0.193806
v -0.418248 -0.138963 0.193963
v -0.565559 -0.107291 0.167385
v -0.573971 -0.122564 0.171896
v -0.688441 -0.028637 0.176107
v -0.670477 -0.042305 0.179806
v 0.610723 -0.313226 0.189287
v 0.638548 -0.312319 0.180433
v -0.520055 -0.303921 0.181535
v -0.579837 -0.281770 0.177675
v 0.664488 -0.301501 0.189048
v 0.577043 -0.273237 0.183114
v -0.453312 -0.258313 0.178895
v 0.332983 -0.265602 0.201369
v 0.557740 -0.260821 0.193426
v -0.402030 -0.253799 0.186311
v 0.658296 -0.239941 0.175726
v 0.252728 -0.242552 0.182726
v 0.231510 -0.224764 0.182792
v 0.400986 -0.231562 0.180212
v 0.560785 -0.233615 0.187710
v 0.702310 -0.220300 0.174415
v 0.790248 -0.216906 0.171360
v 0.711963 -0.215677 0.170751
v -0.109356 -0.223686 0.179022
v 0.146740 -0.206753 0.175064
v 0.872659 -0.217131 0.181961
v -0.376278 -0.190967 0.185431
v 0.242171 -0.188622 0.179899
v -0.695778 -0.187396 0.187555
v -0.664174 -0.185122 0.182117
v -0.456322 -0.186686 0.178474
v 0.278568 -0.189640 0.183637
v -0.387319 -0.168493 0.187763
v -0.445368 -0.136434 0.174827
v 0.962630 -0.152159 0.203189
v -0.744082 -0.028538 0.174495
v 0.360893 -0.273402 0.195955
v 0.494955 -0.273162 0.183394
v -0.661717 -0.253511 0.188599
v 0.743816 -0.241606 0.181373
v -0.386308 -0.250131 0.179690
v -0.480853 -0.240130 0.189107
v 0.215029 -0.228338 0.182681
v 0.708438 -0.222081 0.180298
v 0.720242 -0.225816 0.177910
v 0.712351 -0.214039 0.177001
v 0.733324 -0.214688 0.174064
v 0.750887 -0.208179 0.175270
v -0.086336 -0.220832 0.186438
v -0.536073 -0.216609 0.190787
v -0.073870 -0.212436 0.195239
v -0.696434 -0.195336 0.187285
v -0.290865 -0.208846 0.200999
v 0.148453 -0.194909 0.187100
v 0.257577 -0.194244 0.195319
v 0.132501 -0.190121 0.182837
v -0.845901 -0.125426 0.186935
v -0.832637 -0.109867 0.183074
v -0.734963 -0.111957 0.173936
v -0.756256 -0.116727 0.177849
v -0.758132 -0.034542 0.177186
v 0.960069 0.197314 0.181829
v 0.967643 0.159874 0.222203
v -0.275848 0.406612 0.267239
v -0.642348 -0.319155 0.188279
v -0.606853 -0.306169 0.187415
v -0.662601 -0.296316 0.196750
v 0.658668 -0.309351 0.189074
v -0.547312 -0.314971 0.190268
v 0.576483 -0.300628 0.196554
v -0.537755 -0.264683 0.195982
v -0.420376 -0.259196 0.189975
v 0.319909 -0.255308 0.179091
v -0.718696 -0.244173 0.212549
v -0.644877 -0.234059 0.199252
v 0.413862 -0.240400 0.182728
v 0.647025 -0.243372 0.186439
v 0.646045 -0.225621 0.195168
v 0.222357 -0.237658 0.194657
v 0.716833 -0.218476 0.184310
v 0.744545 -0.211255 0.180647
v 0.739227 -0.220232 0.180707
v 0.731921 -0.205466 0.181165
v -0.585024 -0.191837 0.183294
v -0.781290 -0.198932 0.222454
v 0.197953 -0.194232 0.188919
v -0.383489 -0.191662 0.200559
v 0.225832 -0.189918 0.190600
v -0.603092 -0.140695 0.184869
v -0.701784 -0.112725 0.199561
v -0.938309 -0.120825 0.207060
v -0.857147 -0.121882 0.192535
v -0.907873 -0.115937 0.198233
v 0.511356 -0.312148 0.192368
v 0.663420 -0.271439 0.186545
v 0.586585 -0.282876 0.198758
v -0.659612 -0.251212 0.218054
v -0.369204 -0.259777 0.200768
v 0.519190 -0.258948 0.188568
v -0.615951 -0.249391 0.190426
v 0.657150 -0.259052 0.199707
v 0.647438 -0.244900 0.196282
v 0.745634 -0.246810 0.193546
v -0.624378 -0.242320 0.190091
v -0.479635 -0.246184 0.199492
v -0.358198 -0.237947 0.191482
v 0.580890 -0.221266 0.199734
v 0.579818 -0.228672 0.190455
v 0.726179 -0.226828 0.190645
v -0.365867 -0.205648 0.190185
v -0.348143 -0.222302 0.186608
v 0.726335 -0.217117 0.194155
v -0.665000 -0.203102 0.193067
v 0.949502 -0.197206 0.298631
v -0.355567 -0.197051 0.191270
v 0.264822 -0.188284 0.191661
v -0.422804 -0.190731 0.198914
v 0.126592 -0.183875 0.192239
v 0.247196 -0.187633 0.199544
v -0.486194 -0.182714 0.194977
v -0.570760 -0.131034 0.185746
v -0.424675 -0.138688 0.186167
v -0.995579 -0.123795 0.251285
v -0.913170 -0.119977 0.204277
v -0.633668 0.351011 0.271149
v 0.535932 -0.328474 0.196295
v 0.562968 -0.323083 0.198813
v -0.580725 -0.299865 0.190921
v -0.663929 -0.272190 0.228343
v -0.489592 -0.286926 0.196807
v 0.348380 -0.274151 0.200591
v 0.477106 -0.290849 0.191359
v 0.697221 -0.266264 0.199311
v 0.677598 -0.269957 0.196509
v -0.437911 -0.265760 0.192932
v 0.308308 -0.255553 0.193976
v 0.512721 -0.249808 0.200254
v 0.523514 -0.234251 0.192630
v 0.148179 -0.224896 0.191740
v 0.751213 -0.234978 0.193313
v -0.475960 -0.233794 0.201317
v -0.324755 -0.208848 0.196797
v -0.114601 -0.220630 0.192665
v 0.746365 -0.202987 0.225770
v -0.991884 -0.188466 0.247231
v -0.620153 -0.187430 0.186099
v 0.123275 -0.188304 0.187936
v 0.216174 -0.199891 0.197257
v -0.456165 -0.185087 0.194170
v -0.387659 -0.185518 0.199183
v -0.551526 -0.169190 0.182008
v -0.615843 -0.140965 0.191952
v -0.842150 -0.111725 0.196267
v -0.816015 -0.132539 0.202809
v -0.785735 -0.129621 0.190689
v -0.563955 -0.091795 0.204620
v -0.713702 -0.113633 0.199838
v -0.771497 -0.028937 0.200926
v 0.944364 0.281716 0.223117
v -0.554744 -0.313048 0.197196
v 0.639983 -0.297202 0.198344
v -0.528114 -0.308532 0.196703
v -0.584626 -0.287865 0.190617
v -0.452057 -0.255160 0.198878
v 0.497151 -0.286679 0.195882
v 0.662676 -0.282913 0.196053
v 0.550994 -0.261869 0.199942
v 0.500073 -0.255108 0.204580
v 0.227813 -0.241240 0.229633
v 0.375476 -0.233779 0.189826
v -0.694130 -0.231887 0.211961
v -0.101765 -0.226675 0.195699
v 0.166680 -0.215070 0.203663
v 0.204378 -0.216101 0.202697
v -0.122735 -0.213127 0.192913
v -0.629039 -0.193209 0.195897
v -0.555231 -0.194022 0.188256
v -0.351407 -0.197995 0.200417
v -0.296779 -0.203589 0.202350
v 0.026881 -0.187024 0.190682
v 0.152146 -0.210494 0.204469
v -0.631337 -0.177355 0.189716
v -0.414034 -0.184566 0.200542
v -0.434725 -0.186150 0.202858
v -0.454644 -0.176834 0.201377
v -0.468912 -0.178079 0.207507
v -0.472921 -0.162370 0.205268
v -0.997352 -0.139637 0.268155
v -0.540931 -0.158828 0.189503
v -0.545974 -0.146090 0.198940
v -0.426310 -0.147746 0.194782
v -0.496825 -0.157964 0.198876
v -0.906484 -0.058583 0.227289
v -0.662856 -0.040189 0.247274
v -0.727567 -0.016673 0.200894
v 0.524177 -0.329778 0.204853
v 0.543571 -0.330079 0.204797
v 0.655820 -0.304239 0.198652
v -0.554541 -0.294382 0.206309
v 0.427141 -0.284706 0.200302
v 0.570217 -0.290859 0.199578
v -0.428051 -0.258370 0.205294
v 0.358283 -0.252437 0.206640
v -0.392220 -0.251820 0.200326
v -0.355139 -0.237530 0.197354
v 0.733015 -0.238626 0.199511
v -0.657687 -0.240893 0.221357
v -0.632149 -0.240727 0.223867
v -0.104510 -0.236410 0.206574
v 0.138071 -0.207909 0.196165
v 0.018626 -0.233341 0.211714
v -0.122036 -0.192152 0.199721
v 0.008466 -0.198958 0.196959
v -0.521967 -0.186994 0.201284
v -0.657558 -0.196721 0.219728
v -0.655351 -0.184037 0.190960
v -0.688503 -0.182300 0.194932
v -0.698205 -0.177910 0.198446
v -0.486453 -0.174100 0.204615
v -0.527790 -0.138090 0.217020
v -0.643670 -0.147954 0.196002
v 0.970682 -0.119152 0.199193
v 0.984161 -0.124585 0.201818
v -0.780721 -0.145347 0.210468
v -0.512740 -0.119016 0.202674
v -0.825805 -0.135226 0.210876
v -0.753597 -0.019553 0.213503
v -0.636104 -0.302716 0.222534
v -0.547417 -0.305506 0.208616
v 0.586736 -0.297169 0.202423
v -0.514978 -0.288459 0.205597
v 0.499896 -0.304244 0.205603
v 0.502384 -0.269076 0.205005
v 0.348189 -0.236445 0.203674
v 0.681135 -0.255466 0.204690
v -0.201558 -0.237028 0.211109
v 0.688394 -0.230115 0.193822
v -0.157801 -0.219456 0.210150
v 0.216679 -0.231376 0.211253
v 0.729526 -0.218260 0.210009
v 0.727933 -0.216919 0.192830
v -0.001541 -0.192123 0.205844
v 0.147322 -0.212672 0.205204
v 0.131055 -0.189028 0.209909
v -0.142967 -0.209126 0.208996
v -0.012959 -0.204766 0.203886
v -0.001279 -0.207028 0.199943
v -0.011175 -0.202697 0.198063
v 0.185596 -0.208003 0.201926
v -0.521560 -0.197253 0.205910
v -0.006655 -0.192083 0.197840
v -0.415148 -0.156713 0.201511
v -0.414579 -0.150582 0.202540
v -0.694197 -0.140131 0.198732
v -0.741130 -0.128400 0.212681
v -0.913337 -0.109144 0.210475
v -0.684007 -0.010075 0.201085
v -0.675702 -0.010243 0.208999
v -0.916359 -0.030239 0.207986
v -0.753374 -0.000347 0.200874
v -0.734900 0.001662 0.201235
v -0.743371 0.006572 0.195742
v -0.615581 -0.280180 0.228057
v 0.499930 -0.289581 0.222786
v -0.465908 -0.259239 0.205673
v 0.554202 -0.274659 0.226962
v -0.509650 -0.262269 0.205143
v -0.422372 -0.239191 0.206711
v 0.265125 -0.241375 0.229750
v -0.356899 -0.230233 0.206025
v 0.745078 -0.245704 0.219474
v 0.677439 -0.227158 0.201574
v -0.484531 -0.225497 0.205601
v 0.118972 -0.232666 0.212096
v -0.327622 -0.207655 0.208573
v 0.831557 -0.218889 0.233758
v 0.661201 -0.223829 0.203307
v -0.284804 -0.202829 0.213023
v -0.112371 -0.214681 0.206763
v -0.107945 -0.197768 0.214648
v 0.219583 -0.188791 0.212178
v -0.725575 -0.182652 0.207068
v -0.709187 -0.188238 0.203406
v -0.696192 -0.186069 0.213139
v -0.507163 -0.184408 0.207086
v -0.517497 -0.167140 0.203569
v -0.730744 -0.173025 0.206259
v -0.747275 -0.158506 0.204488
v -0.744296 -0.152053 0.201173
v 0.652968 -0.143711 0.204998
v 0.560735 -0.046461 0.207350
v -0.504916 -0.122464 0.216777
v -0.679417 -0.002235 0.198379
v -0.534848 0.400778 0.259297
v 0.173155 0.427435 0.222044
v 0.559817 -0.317786 0.211074
v 0.346333 -0.253536 0.216465
v 0.519718 -0.264157 0.212203
v 0.668265 -0.243162 0.213051
v -0.621744 -0.249604 0.218638
v -0.413714 -0.230465 0.213518
v 0.352544 -0.244066 0.215175
v -0.116944 -0.224682 0.218007
v 0.202066 -0.225077 0.215423
v 0.345887 -0.222559 0.210846
v 0.693858 -0.217856 0.209885
v 0.348295 -0.210055 0.209476
v 0.883844 -0.214563 0.237985
v -0.116874 -0.215306 0.213484
v 0.795310 -0.214751 0.233531
v -0.496656 -0.196251 0.207792
v -0.670930 -0.218709 0.215005
v 0.342373 -0.197685 0.205022
v 0.337930 -0.197718 0.211399
v 0.362621 -0.187990 0.207460
v -0.154068 -0.197968 0.214381
v -0.149156 -0.192016 0.213645
v 0.208345 -0.190869 0.220231
v 0.342263 -0.192021 0.209185
v -0.436100 -0.190176 0.202348
v -0.413931 -0.203074 0.211891
v -0.392520 -0.189406 0.202888
v -0.716635 -0.188212 0.209993
v -0.431337 -0.183792 0.203874
v -0.457998 -0.189941 0.209342
v -0.375316 -0.187030 0.216082
v -0.715419 -0.161136 0.222994
v -0.745902 -0.143499 0.214709
v -0.828538 -0.151993 0.211579
v -0.905581 -0.103282 0.221903
v 0.649610 -0.105222 0.208539
v 0.586678 -0.044621 0.212614
v -0.921344 0.014086 0.223063
v -0.673773 0.004432 0.214094
v -0.916204 0.026499 0.218670
v 0.978250 0.047477 0.234434
v 0.508102 -0.304259 0.216892
v -0.649313 -0.297753 0.223016
v 0.547189 -0.308200 0.216911
v -0.376594 -0.250706 0.208360
v 0.738888 -0.250971 0.228185
v -0.733686 -0.235999 0.218397
v -0.390307 -0.214278 0.210657
v 0.188856 -0.236685 0.227434
v -0.361342 -0.208359 0.205940
v -0.241892 -0.221547 0.213052
v -0.356074 -0.193623 0.219536
v -0.112622 -0.199090 0.221320
v 0.665234 -0.181352 0.211056
v 0.723668 -0.205721 0.212075
v 0.353919 -0.203901 0.215142
v 0.359740 -0.192173 0.215462
v -0.112666 -0.191826 0.215117
v -0.453099 -0.189097 0.215611
v -0.447897 -0.159076 0.237909
v -0.767077 -0.145713 0.222148
v -0.753203 -0.130336 0.222374
v 0.987469 -0.124242 0.221305
v 0.991538 -0.143821 0.228063
v 0.696506 -0.162881 0.220846
v -0.930400 -0.109235 0.218262
v -0.909437 -0.110918 0.225191
v 0.430169 -0.083195 0.211503
v 0.399852 -0.110976 0.212145
v 0.496926 -0.044697 0.217188
v 0.565295 -0.040558 0.212772
v -0.749059 -0.007791 0.216892
v -0.891473 0.070235 0.263640
v 0.939000 0.320986 0.239455
v -0.713782 -0.413028 0.221262
v -0.738930 -0.360004 0.218259
v -0.680228 -0.421421 0.219534
v -0.589313 -0.365376 0.232683
v -0.796281 -0.292770 0.227097
v -0.774286 -0.358902 0.229409
v -0.719850 -0.230695 0.231719
v 0.552898 -0.295174 0.232361
v -0.799814 -0.252393 0.228253
v 0.535020 -0.261773 0.228865
v -0.023361 -0.234273 0.222305
v -0.100476 -0.235717 0.218702
v 0.006187 -0.237586 0.234747
v -0.161196 -0.222051 0.229190
v -0.241875 -0.204170 0.217999
v -0.491248 -0.190725 0.220506
v -0.480482 -0.183404 0.222980
v -0.668873 -0.195217 0.222352
v -0.431623 -0.184308 0.231370
v -0.721868 -0.184786 0.222662
v -0.819054 -0.170594 0.212344
v -0.832413 -0.160988 0.217645
v -0.491199 -0.166079 0.229386
v -0.517450 -0.154437 0.231587
v -0.775726 -0.165797 0.213240
v 0.380546 -0.133554 0.230944
v -0.743421 -0.129360 0.218279
v 0.652821 -0.091443 0.221181
v -0.741511 0.028728 0.220701
v -0.739178 0.054537 0.236062
v -0.742383 0.171955 0.223021
v -0.737177 0.178907 0.219192
v -0.661537 -0.421015 0.228433
v -0.676584 -0.427866 0.231699
v -0.700857 -0.418706 0.231958
v -0.647089 -0.421701 0.226627
v -0.734825 -0.403448 0.229590
v -0.739809 -0.392610 0.219287
v -0.757962 -0.384304 0.229591
v -0.661146 -0.341825 0.234293
v -0.787459 -0.326231 0.226616
v 0.508435 -0.269377 0.224673
v -0.617180 -0.249035 0.225761
v -0.719969 -0.234030 0.221540
v -0.209389 -0.228942 0.233166
v 0.210283 -0.224617 0.237335
v -0.116950 -0.230022 0.233915
v -0.701755 -0.211208 0.221996
v 0.960301 -0.217159 0.342800
v 0.367199 -0.194029 0.233814
v 0.943519 -0.189259 0.298593
v -0.716265 -0.203664 0.219752
v -0.726548 -0.193543 0.223224
v -0.802914 -0.184438 0.225709
v -0.774197 -0.175824 0.220859
v 0.369943 -0.163992 0.242878
v -0.767025 -0.161652 0.223936
v -0.613974 -0.126900 0.229443
v -0.736224 -0.135510 0.226498
v -0.731520 -0.117057 0.225270
v -0.741469 -0.117082 0.228568
v -0.933681 -0.120737 0.247114
v -0.480613 -0.125522 0.243570
v 0.544174 -0.038188 0.306178
v -0.777497 -0.028422 0.234963
v -0.777931 -0.002746 0.218097
v -0.774114 -0.004638 0.221110
v -0.596258 0.378368 0.279375
v 0.606934 0.432313 0.229422
v -0.561509 -0.405312 0.234621
v -0.630745 -0.341997 0.238934
v 0.610803 -0.368689 0.231314
v 0.648388 -0.327381 0.225238
v 0.655219 -0.375297 0.234299
v 0.403642 -0.346614 0.234500
v 0.447945 -0.356224 0.232196
v 0.461213 -0.400542 0.237048
v 0.619999 -0.310843 0.240112
v 0.672189 -0.331258 0.228179
v 0.415204 -0.314319 0.229759
v 0.696085 -0.313762 0.240611
v -0.796791 -0.321997 0.236314
v 0.676134 -0.306657 0.228688
v 0.538695 -0.306758 0.227623
v 0.512403 -0.303230 0.228001
v -0.707776 -0.264238 0.236621
v 0.680515 -0.264806 0.229228
v -0.805245 -0.269679 0.236766
v 0.486669 -0.260831 0.227008
v 0.394652 -0.264521 0.229215
v 0.398382 -0.197638 0.230347
v 0.478058 -0.257592 0.235449
v -0.682589 -0.260396 0.241250
v -0.592092 -0.255856 0.234004
v 0.359902 -0.244871 0.233388
v -0.097342 -0.241393 0.238172
v -0.630232 -0.235154 0.230428
v -0.181943 -0.231261 0.229460
v -0.716760 -0.220610 0.224901
v -0.615056 -0.216283 0.233175
v -0.806026 -0.235240 0.237256
v 0.652899 -0.222400 0.231696
v 0.636379 -0.185210 0.228367
v 0.672551 -0.214206 0.228102
v -0.238707 -0.192096 0.229838
v -0.466414 -0.183831 0.234969
v -0.455155 -0.189288 0.232949
v 0.647368 -0.140586 0.230590
v -0.785990 -0.184627 0.226068
v -0.780175 -0.176777 0.230102
v -0.783033 -0.165497 0.228687
v -0.504640 -0.184134 0.226783
v -0.505875 -0.161954 0.232969
v 0.556844 -0.150729 0.236535
v 0.461304 -0.111634 0.233747
v 0.456505 -0.139375 0.231128
v 0.523150 -0.111122 0.231901
v 0.991220 -0.158832 0.229238
v -0.609130 -0.111624 0.226761
v -0.517779 -0.193059 0.233542
v -0.671460 -0.096199 0.234118
v -0.530375 -0.130651 0.237178
v -0.476331 -0.136377 0.242475
v -0.718176 -0.117802 0.229993
v -0.539409 -0.116914 0.235444
v -0.635404 -0.107610 0.233163
v 0.966570 -0.118472 0.232811
v 0.450494 -0.061145 0.247637
v -0.780787 -0.009285 0.234780
v -0.731193 0.016064 0.247086
v -0.914604 0.022596 0.284381
v 0.949807 0.290418 0.235547
v 0.947854 0.309461 0.235843
v 0.602450 0.423742 0.236858
v -0.639983 -0.428979 0.232351
v -0.618324 -0.428500 0.240062
v -0.586205 -0.412450 0.236864
v -0.754825 -0.400974 0.236168
v 0.585484 -0.393164 0.232002
v 0.518339 -0.424675 0.245308
v 0.564485 -0.408913 0.236005
v -0.543864 -0.364471 0.230923
v -0.539670 -0.399925 0.240526
v -0.524435 -0.380612 0.235689
v 0.636566 -0.401012 0.242710
v 0.633807 -0.388384 0.239331
v -0.503356 -0.346781 0.235179
v 0.663245 -0.358610 0.234148
v 0.695122 -0.351080 0.241639
v -0.796423 -0.325650 0.256927
v -0.795426 -0.309638 0.237010
v -0.636539 -0.316341 0.259631
v 0.383056 -0.322064 0.235674
v -0.685845 -0.272373 0.250568
v -0.804927 -0.296653 0.236695
v 0.704008 -0.267737 0.241572
v 0.365435 -0.300730 0.245750
v 0.750137 -0.313633 0.241468
v 0.555856 -0.253177 0.242228
v 0.486754 -0.248455 0.236613
v -0.691590 -0.212415 0.236708
v -0.658626 -0.233246 0.236222
v -0.224747 -0.221325 0.232118
v -0.594707 -0.232603 0.237346
v -0.686336 -0.198386 0.245861
v -0.486113 -0.205787 0.234671
v -0.498517 -0.227223 0.236362
v 0.700370 -0.177318 0.245132
v -0.441095 -0.192440 0.236358
v 0.400630 -0.145566 0.241795
v -0.811052 -0.185424 0.250344
v 0.702593 -0.167274 0.241156
v -0.795559 -0.183357 0.240469
v -0.765701 -0.139412 0.232026
v -0.635258 -0.158346 0.235873
v -0.463856 -0.148631 0.242291
v -0.466942 -0.137373 0.242381
v -0.539559 -0.122909 0.242130
v 0.589609 -0.104006 0.235705
v 0.650550 -0.128516 0.237294
v -0.928142 -0.110664 0.242658
v 0.672580 -0.108239 0.243120
v -0.909102 -0.108872 0.246292
v 0.638025 -0.069833 0.251809
v -0.601647 -0.424374 0.237047
v -0.568913 -0.415997 0.240957
v 0.420325 -0.387195 0.244995
v 0.396439 -0.366846 0.250091
v 0.540187 -0.341307 0.244950
v 0.666587 -0.375462 0.241591
v 0.463242 -0.307484 0.241106
v -0.566276 -0.300111 0.245029
v 0.382911 -0.346087 0.244889
v 0.686413 -0.322612 0.238213
v -0.696191 -0.295253 0.248446
v -0.599439 -0.296455 0.270389
v 0.575324 -0.284801 0.242895
v 0.704792 -0.292173 0.248936
v 0.480334 -0.279936 0.249993
v -0.588843 -0.259406 0.240299
v 0.631896 -0.252062 0.240910
v -0.474072 -0.239005 0.241277
v -0.474404 -0.264653 0.247869
v -0.441586 -0.243020 0.239487
v -0.433922 -0.243758 0.241592
v -0.181645 -0.220955 0.241062
v 0.711980 -0.203191 0.245997
v -0.550153 -0.213431 0.243961
v -0.469287 -0.211133 0.248963
v -0.798731 -0.210993 0.239789
v -0.483344 -0.180273 0.245230
v -0.644611 -0.188124 0.266651
v -0.491644 -0.166069 0.237353
v -0.479193 -0.173950 0.235579
v 0.527039 -0.172865 0.248902
v 0.564832 -0.181296 0.250235
v -0.823148 -0.190336 0.259488
v -0.458644 -0.145777 0.242352
v -0.827450 -0.140630 0.244857
v -0.829412 -0.132375 0.255812
v 0.444884 -0.108382 0.245171
v -0.608279 -0.084668 0.257679
v 0.477789 -0.093477 0.241911
v -0.648374 -0.085285 0.244687
v -0.919768 -0.010366 0.259509
v -0.757817 -0.006738 0.257062
v 0.970079 0.122363 0.239118
v -0.742154 0.162503 0.243598
v -0.730098 0.173556 0.236088
v 0.945524 0.297127 0.275631
v -0.708950 -0.418296 0.268110
v 0.535739 -0.428852 0.256905
v 0.585819 -0.417153 0.249743
v -0.513034 -0.379880 0.250023
v -0.496785 -0.363117 0.245820
v 0.675808 -0.361172 0.244690
v 0.607557 -0.302626 0.241885
v 0.514541 -0.331638 0.254518
v 0.565226 -0.323465 0.255745
v 0.748913 -0.344293 0.258208
v 0.577837 -0.315249 0.256062
v -0.483259 -0.322193 0.241593
v 0.612635 -0.251640 0.242733
v -0.539655 -0.259903 0.246789
v 0.455743 -0.251901 0.246122
v -0.436588 -0.276486 0.242185
v 0.484755 -0.248609 0.246339
v 0.507033 -0.245598 0.240792
v 0.523253 -0.209668 0.248382
v 0.616181 -0.201417 0.242801
v -0.802499 -0.220169 0.254768
v -0.600587 -0.217416 0.244530
v -0.155926 -0.210136 0.236507
v -0.163425 -0.205612 0.240815
v -0.638384 -0.204364 0.241372
v -0.619621 -0.204120 0.244582
v 0.890085 -0.194513 0.249593
v -0.143333 -0.196459 0.228794
v -0.157336 -0.194165 0.237538
v 0.464621 -0.214392 0.245996
v 0.372659 -0.174636 0.244236
v 0.702894 -0.164198 0.244353
v -0.587633 -0.199883 0.271289
v 0.387315 -0.148195 0.262285
v 0.705164 -0.164228 0.258893
v 0.963531 -0.153200 0.229651
v -0.708948 -0.100975 0.269358
v 0.526820 -0.085062 0.246019
v -0.634418 -0.088669 0.252465
v -0.626779 -0.086466 0.249588
v 0.415857 -0.086408 0.256196
v -0.916040 -0.042519 0.255379
v 0.929507 0.367115 0.267518
v 0.119004 0.418127 0.254937
v 0.847954 0.404671 0.274785
v -0.643440 -0.432548 0.280910
v 0.486814 -0.424769 0.253595
v -0.741290 -0.402739 0.255246
v 0.429878 -0.408254 0.261262
v 0.649702 -0.392248 0.276881
v -0.764868 -0.382133 0.267972
v 0.695189 -0.353895 0.251015
v 0.383249 -0.353901 0.264907
v -0.788351 -0.350143 0.256156
v 0.367838 -0.325636 0.252566
v -0.462677 -0.275071 0.261222
v 0.600079 -0.281759 0.254658
v -0.557019 -0.279621 0.254170
v 0.478467 -0.259549 0.245326
v -0.431855 -0.329254 0.257422
v -0.467948 -0.244132 0.254488
v 0.356126 -0.260144 0.253559
v -0.005836 -0.232928 0.244852
v -0.687017 -0.226271 0.255254
v 0.346425 -0.226082 0.249900
v 0.552145 -0.194682 0.242297
v 0.189347 -0.225377 0.245164
v 0.272395 -0.216717 0.244518
v 0.599764 -0.251224 0.254255
v 0.711221 -0.260180 0.256634
v -0.100852 -0.215024 0.250757
v 0.740061 -0.192258 0.251368
v -0.663870 -0.206083 0.259663
v -0.125864 -0.196989 0.239511
v 0.707972 -0.196101 0.252557
v 0.930196 -0.199551 0.265833
v -0.993304 -0.180393 0.276123
v -0.473023 -0.178353 0.260007
v 0.984875 -0.165940 0.329603
v 0.373942 -0.152805 0.262042
v 0.382962 -0.134350 0.261577
v -0.549334 -0.107190 0.253683
v 0.954236 -0.158746 0.295800
v 0.609275 -0.092892 0.252723
v 0.646131 -0.115967 0.256231
v 0.518968 -0.078741 0.273401
v -0.753707 0.000432 0.276296
v 0.983877 0.033660 0.268711
v 0.594192 -0.420224 0.259694
v 0.473692 -0.420278 0.272935
v 0.649192 -0.399858 0.260892
v 0.630696 -0.407942 0.245334
v 0.425709 -0.395573 0.257335
v -0.750058 -0.391387 0.251643
v 0.543983 -0.331494 0.255798
v -0.473856 -0.329977 0.273712
v 0.497965 -0.324059 0.256295
v -0.648914 -0.323523 0.259725
v -0.647411 -0.316928 0.259510
v -0.437319 -0.329206 0.253740
v 0.587108 -0.307051 0.254979
v -0.672575 -0.298867 0.255588
v -0.699187 -0.268937 0.252802
v 0.480422 -0.296896 0.255515
v -0.459274 -0.264932 0.250609
v -0.570335 -0.221610 0.271569
v 0.355521 -0.234292 0.245852
v 0.220409 -0.216892 0.241602
v 0.978967 -0.213960 0.302388
v -0.188057 -0.199337 0.249442
v -0.800718 -0.200070 0.252924
v 0.293074 -0.197631 0.238462
v 0.288193 -0.190524 0.246294
v 0.336753 -0.196358 0.243464
v -0.652364 -0.199814 0.262624
v -0.097229 -0.196762 0.247067
v -0.101387 -0.192678 0.250387
v -0.605663 -0.192234 0.273022
v -0.779017 -0.162270 0.268447
v 0.374444 -0.156972 0.253357
v -0.816880 -0.131693 0.265720
v -0.741717 -0.117765 0.260922
v -0.544906 -0.098869 0.264064
v -0.675755 -0.095529 0.264726
v -0.651325 -0.087438 0.269551
v 0.461996 -0.092984 0.260899
v 0.572283 -0.088073 0.256562
v 0.540406 -0.077423 0.269101
v 0.975575 -0.035059 0.296930
v -0.724011 0.022741 0.264615
v -0.740023 0.066606 0.251312
v -0.732847 0.062982 0.248284
v -0.680336 -0.429488 0.259818
v 0.493120 -0.429371 0.268774
v 0.605586 -0.420457 0.256744
v -0.521159 -0.395077 0.260624
v 0.666947 -0.379792 0.255897
v -0.622666 -0.330297 0.262437
v 0.753639 -0.342775 0.269536
v 0.704440 -0.305327 0.267980
v 0.348716 -0.243820 0.260928
v -0.172697 -0.207190 0.254334
v 0.212578 -0.196059 0.245945
v 0.342463 -0.201466 0.245893
v -0.177118 -0.194856 0.262404
v 0.185993 -0.186930 0.246405
v 0.014493 -0.191803 0.244396
v 0.350708 -0.190668 0.274708
v -0.478388 -0.184609 0.260418
v 0.710800 -0.178063 0.257079
v 0.698223 -0.167254 0.254875
v 0.385048 -0.145211 0.266404
v -0.909875 -0.119857 0.254257
v -0.762874 -0.017697 0.320554
v -0.673501 -0.013358 0.314623
v -0.678423 0.003627 0.286791
v -0.683835 0.011610 0.264212
v -0.718391 0.043185 0.268497
v -0.778819 0.079533 0.302915
v -0.758315 0.140064 0.257798
v 0.227273 0.410840 0.270825
v -0.545463 -0.413513 0.276269
v -0.755303 -0.393281 0.260348
v 0.408536 -0.390916 0.268106
v -0.512580 -0.380327 0.259888
v 0.680927 -0.353788 0.271493
v -0.600551 -0.321823 0.266405
v 0.743954 -0.337799 0.326847
v -0.798853 -0.309137 0.276209
v -0.458361 -0.297510 0.290117
v -0.436969 -0.334599 0.305687
v 0.352547 -0.292918 0.272418
v -0.571781 -0.277238 0.275445
v -0.593014 -0.233816 0.264899
v -0.434458 -0.197671 0.298705
v 0.348055 -0.222828 0.267700
v -0.609020 -0.209848 0.265575
v 0.911653 -0.193405 0.263961
v -0.809256 -0.192115 0.254368
v -0.428429 -0.190789 0.303896
v 0.194095 -0.188677 0.323448
v -0.478512 -0.180765 0.260367
v -0.797911 -0.195803 0.272229
v -0.902538 -0.115434 0.254267
v 0.482750 -0.089680 0.281388
v -0.617895 -0.084856 0.273293
v -0.730352 0.062249 0.268259
v -0.736009 0.156444 0.267633
v 0.942391 0.285415 0.279148
v 0.888648 0.397456 0.274933
v -0.574446 -0.423184 0.289215
v 0.429863 -0.407461 0.270531
v 0.420619 -0.392223 0.277233
v 0.398441 -0.375218 0.300459
v -0.488219 -0.355149 0.276874
v 0.367678 -0.336202 0.268257
v 0.360254 -0.313634 0.268512
v -0.578705 -0.304040 0.271102
v 0.284068 -0.189985 0.301669
v 0.709954 -0.214982 0.293739
v 0.224347 -0.202428 0.275183
v 0.666668 -0.142481 0.321597
v 0.442022 -0.110076 0.277172
v -0.548220 -0.107182 0.276832
v -0.705366 0.011648 0.269758
v -0.827095 0.002708 0.270627
v 0.634119 -0.407372 0.284599
v 0.385361 -0.363519 0.268252
v 0.693638 -0.329297 0.277090
v -0.624247 -0.318444 0.267968
v -0.805249 -0.289182 0.288873
v 0.707163 -0.276760 0.284297
v -0.592700 -0.276119 0.266526
v -0.805140 -0.227611 0.300449
v 0.353515 -0.264770 0.281121
v 0.350134 -0.244595 0.283966
v -0.457452 -0.223868 0.290285
v 0.709102 -0.234561 0.297604
v -0.449785 -0.199708 0.343862
v 0.705271 -0.181234 0.275230
v 0.639337 -0.117213 0.289654
v 0.577351 -0.085256 0.277702
v -0.633720 -0.038857 0.284898
v 0.488563 -0.050365 0.381992
v -0.741159 0.012109 0.296744
v -0.740577 0.017314 0.273570
v 0.456476 0.405157 0.278840
v 0.494907 -0.429155 0.297721
v 0.605714 -0.419190 0.277730
v -0.749023 -0.390478 0.273403
v -0.533157 -0.411340 0.289696
v -0.780439 -0.350250 0.276831
v -0.593752 -0.311411 0.272612
v 0.754541 -0.338841 0.326204
v -0.456377 -0.272596 0.297546
v -0.429727 -0.213230 0.307731
v -0.804755 -0.211849 0.280637
v 0.925844 -0.212938 0.290094
v -0.429286 -0.190638 0.276590
v 0.908399 -0.191230 0.306529
v 0.709066 -0.169830 0.271550
v 0.709348 -0.162623 0.325879
v -0.749292 -0.117295 0.275842
v 0.399178 -0.117215 0.327310
v 0.388970 -0.136450 0.287430
v -0.664223 -0.082778 0.274428
v 0.657796 -0.092156 0.378625
v -0.900582 -0.064560 0.297211
v 0.612711 -0.061331 0.379036
v -0.806683 -0.027709 0.278970
v -0.685653 0.009735 0.287537
v -0.747120 0.078791 0.270114
v -0.758386 0.130939 0.279795
v -0.611545 0.350834 0.307528
v 0.139794 0.406774 0.278143
v -0.683743 -0.430552 0.280564
v -0.725600 -0.410118 0.285168
v 0.389328 -0.358097 0.292896
v -0.444111 -0.217833 0.338204
v -0.285325 -0.194783 0.341279
v -0.014427 -0.192609 0.345736
v -0.833804 -0.128081 0.262872
v -0.724772 -0.112296 0.305302
v -0.899343 -0.096899 0.309500
v 0.597088 -0.085697 0.277512
v -0.769528 -0.001076 0.315851
v -0.709287 -0.003898 0.278772
v -0.909692 -0.018610 0.296575
v -0.845306 0.012799 0.301628
v -0.522481 0.394623 0.279415
v 0.551650 -0.431175 0.290147
v 0.535973 -0.427384 0.285553
v 0.453096 -0.417937 0.281746
v 0.678238 -0.354138 0.301555
v 0.741386 -0.190004 0.297449
v 0.909195 -0.212465 0.328740
v 0.360994 -0.211351 0.280332
v -0.818858 -0.189663 0.342900
v 0.361963 -0.188253 0.270586
v 0.361943 -0.182597 0.280864
v -0.472660 -0.173425 0.300585
v 0.707304 -0.174401 0.268869
v 0.705058 -0.165728 0.275630
v 0.695433 -0.174953 0.293071
v -0.766899 -0.149513 0.317206
v 0.621297 -0.103314 0.290272
v -0.679333 -0.090198 0.298089
v -0.736219 0.053627 0.281939
v -0.735696 0.065082 0.281391
v 0.912320 0.360652 0.297808
v 0.658944 -0.387885 0.285584
v -0.506146 -0.383308 0.301339
v -0.773556 -0.367290 0.292140
v -0.489243 -0.362325 0.289200
v 0.378898 -0.334289 0.297052
v 0.366055 -0.313304 0.305312
v -0.473779 -0.325808 0.313795
v 0.698680 -0.297532 0.291881
v 0.364635 -0.292017 0.312542
v 0.704318 -0.263644 0.302040
v 0.359720 -0.236327 0.292522
v -0.480398 -0.181265 0.302204
v -0.838030 -0.183124 0.322448
v 0.707236 -0.198964 0.294090
v -0.786639 -0.182961 0.289787
v -0.821058 -0.184224 0.289668
v -0.989853 -0.139794 0.300136
v -0.898617 -0.114984 0.305553
v -0.542077 -0.108296 0.280338
v -0.712497 -0.100554 0.322421
v 0.487421 -0.083465 0.297370
v -0.624681 -0.085620 0.322092
v 0.522845 -0.080787 0.326750
v -0.736297 0.030573 0.292533
v -0.888130 0.053944 0.308345
v -0.417039 0.377701 0.305570
v 0.880804 0.387204 0.291440
v 0.440343 -0.407371 0.286090
v 0.425722 -0.398757 0.296431
v -0.474931 -0.337730 0.289640
v 0.695959 -0.329898 0.292354
v 0.362436 -0.219198 0.304962
v 0.347356 -0.188116 0.319162
v -0.844864 -0.133874 0.297610
v -0.847408 -0.127212 0.297526
v 0.437762 -0.107836 0.313647
v -0.537676 -0.106245 0.273410
v 0.633635 -0.105858 0.297796
v 0.536666 -0.080489 0.326481
v 0.527302 -0.040764 0.378015
v -0.849831 0.001972 0.307205
v -0.714694 0.000784 0.294727
v -0.693746 0.002333 0.295288
v -0.737378 0.047573 0.295053
v -0.740640 0.088021 0.289628
v -0.750161 0.093073 0.294752
v 0.917227 0.296496 0.312990
v 0.331463 0.379796 0.302839
v -0.239345 0.387065 0.294795
v 0.469502 -0.423434 0.300670
v 0.580256 -0.427263 0.322699
v 0.646162 -0.391655 0.295835
v -0.487698 -0.346457 0.333772
v 0.752182 -0.346992 0.309830
v 0.696941 -0.313240 0.314065
v -0.805138 -0.267881 0.305684
v -0.809877 -0.183281 0.335028
v -0.976945 -0.124699 0.316719
v -0.800680 -0.133032 0.308098
v -0.581753 -0.095518 0.338713
v 0.604738 -0.092160 0.305669
v -0.640299 -0.085692 0.329181
v 0.955389 -0.097575 0.321227
v 0.435278 -0.074027 0.318916
v -0.820105 -0.035889 0.302391
v -0.702649 -0.003283 0.298037
v -0.741862 0.035894 0.294711
v -0.665534 0.221424 0.337789
v -0.463058 0.382106 0.300158
v -0.386019 0.367087 0.312792
v 0.685685 0.388040 0.295502
v 0.535681 -0.427455 0.325382
v -0.766227 -0.358850 0.312475
v 0.690501 -0.329668 0.301214
v -0.460587 -0.284578 0.297320
v -0.427597 -0.330199 0.301670
v 0.357776 -0.268187 0.308910
v 0.272902 -0.191846 0.322866
v 0.713196 -0.199276 0.306320
v 0.718225 -0.174182 0.333765
v -0.785916 -0.194101 0.315562
v 0.709398 -0.165389 0.322413
v -0.751217 -0.132526 0.309343
v -0.743750 -0.117804 0.293934
v 0.576061 -0.085548 0.301271
v -0.666615 -0.087630 0.325239
v -0.813350 -0.036602 0.302577
v -0.846179 0.071239 0.324958
v -0.635322 -0.431393 0.306189
v 0.477635 -0.420670 0.306245
v 0.617691 -0.409785 0.301652
v -0.541428 -0.409849 0.318131
v 0.412597 -0.386128 0.304782
v -0.504653 -0.371079 0.329098
v 0.658085 -0.373821 0.317803
v -0.457055 -0.228334 0.329962
v -0.463878 -0.211418 0.309527
v 0.370350 -0.185930 0.300176
v 0.937627 -0.195061 0.303391
v -0.974291 -0.183458 0.320919
v -0.490623 -0.151013 0.297658
v -0.501415 -0.143098 0.289774
v -0.493224 -0.158830 0.299026
v -0.508523 -0.144098 0.296277
v -0.499934 -0.139696 0.296034
v -0.510916 -0.136364 0.291821
v -0.835320 -0.134632 0.312158
v -0.525765 -0.125267 0.305712
v -0.525219 -0.114361 0.289583
v -0.534319 -0.114796 0.301538
v -0.522519 -0.111676 0.300505
v -0.825326 -0.080018 0.311449
v -0.734407 -0.116484 0.325421
v -0.905803 -0.074525 0.321828
v 0.526989 -0.083518 0.310008
v -0.663144 -0.036469 0.322160
v -0.670077 -0.027444 0.327268
v -0.726405 0.009221 0.305094
v 0.971596 0.041651 0.321902
v -0.750771 0.083303 0.306347
v -0.706981 0.167546 0.320921
v 0.962491 0.105848 0.330250
v -0.592105 0.349492 0.323833
v 0.515471 -0.431608 0.326463
v -0.708843 -0.416188 0.309015
v -0.684323 -0.423618 0.321210
v 0.601089 -0.422173 0.326423
v 0.391086 -0.353887 0.321489
v 0.711322 -0.226789 0.321427
v 0.940673 -0.200451 0.312407
v -0.865048 -0.187480 0.354437
v -0.950572 -0.187620 0.341912
v 0.708300 -0.194746 0.313972
v 0.705513 -0.175512 0.323237
v 0.956288 -0.160559 0.311157
v -0.508951 -0.129447 0.294532
v -0.516176 -0.131586 0.291772
v -0.519054 -0.129285 0.294592
v 0.723762 -0.180428 0.362553
v -0.548157 -0.109063 0.337785
v -0.528773 -0.093266 0.343630
v -0.688515 -0.091229 0.325687
v -0.883102 -0.064693 0.324621
v -0.638926 -0.034542 0.331542
v -0.683008 0.008848 0.304178
v -0.746694 0.020059 0.320892
v 0.977204 0.031344 0.329987
v -0.895446 0.030644 0.316153
v -0.820870 0.034910 0.307862
v -0.448561 0.386135 0.308698
v 0.889249 0.366947 0.306857
v 0.564641 -0.425787 0.309869
v 0.453754 -0.415612 0.324573
v 0.613781 -0.413303 0.322534
v -0.726061 -0.400632 0.316478
v 0.379440 -0.313855 0.329077
v -0.789017 -0.321788 0.308922
v 0.480046 -0.317186 0.303580
v 0.482653 -0.306338 0.299483
v 0.458989 -0.286138 0.301890
v 0.474590 -0.280833 0.299492
v 0.749729 -0.326728 0.345420
v 0.468356 -0.243283 0.299678
v 0.473639 -0.230241 0.302358
v -0.797904 -0.211831 0.313049
v 0.949809 -0.215426 0.314055
v 0.373402 -0.215509 0.328603
v 0.365389 -0.177399 0.310297
v 0.742355 -0.194980 0.335558
v -0.786268 -0.178359 0.313268
v -0.485128 -0.165295 0.305348
v -0.773358 -0.112510 0.340187
v -0.842147 -0.127539 0.312923
v 0.976968 -0.018093 0.321718
v -0.747383 0.037922 0.316740
v -0.736032 0.046723 0.316034
v -0.736510 0.061272 0.306012
v -0.468012 0.363477 0.316902
v -0.444136 0.374954 0.319935
v -0.412839 0.383034 0.313797
v -0.399995 0.381779 0.313727
v 0.470067 -0.422608 0.325119
v 0.638955 -0.395870 0.333726
v 0.670325 -0.365958 0.325850
v 0.491871 -0.321010 0.307788
v 0.499230 -0.309403 0.316860
v 0.596558 -0.293516 0.308063
v 0.607574 -0.281240 0.302826
v 0.595864 -0.256883 0.311336
v 0.447014 -0.307165 0.317124
v 0.606768 -0.264347 0.302211
v 0.616754 -0.281836 0.313966
v 0.483382 -0.248221 0.316113
v 0.598033 -0.243701 0.306902
v 0.733475 -0.256611 0.349669
v 0.485927 -0.214809 0.301868
v 0.364305 -0.243912 0.325041
v -0.402954 -0.220894 0.317555
v 0.930317 -0.208701 0.319459
v 0.691780 -0.164396 0.311489
v 0.950390 -0.151983 0.311704
v 0.957406 -0.134774 0.312290
v 0.649163 -0.133010 0.325481
v -0.722005 -0.117468 0.327886
v 0.474956 -0.091556 0.326261
v 0.499429 -0.085456 0.329442
v -0.601582 -0.088214 0.325871
v 0.575975 -0.088640 0.321927
v 0.543343 -0.084133 0.337464
v -0.819255 -0.015257 0.320812
v -0.819266 0.015281 0.321444
v -0.790282 0.049080 0.320660
v -0.741867 0.053227 0.320071
v 0.948596 0.146767 0.336450
v 0.893424 0.352607 0.303463
v 0.473144 0.348688 0.307434
v -0.659012 -0.427809 0.325534
v -0.574380 -0.416845 0.338869
v -0.577885 -0.423958 0.330474
v 0.412760 -0.375172 0.329147
v -0.770798 -0.337793 0.315091
v -0.779416 -0.322469 0.321529
v -0.466160 -0.301196 0.329419
v 0.552282 -0.330561 0.318922
v 0.588191 -0.305817 0.307458
v -0.459428 -0.272843 0.317407
v -0.580639 -0.243062 0.310332
v -0.575206 -0.282046 0.311847
v -0.564390 -0.273217 0.321814
v 0.615475 -0.243467 0.313984
v 0.573043 -0.277860 0.309212
v 0.567708 -0.256419 0.307990
v 0.566118 -0.196091 0.304481
v 0.582296 -0.196867 0.315927
v -0.423991 -0.215513 0.321022
v 0.497244 -0.200940 0.303177
v 0.476199 -0.205041 0.315522
v -0.610617 -0.211245 0.311038
v -0.626215 -0.196015 0.310333
v -0.664130 -0.206001 0.310948
v 0.370253 -0.182692 0.326124
v 0.497342 -0.188177 0.315586
v 0.523081 -0.192722 0.302332
v 0.523226 -0.211257 0.315742
v 0.711070 -0.206268 0.325883
v 0.548514 -0.179483 0.315701
v 0.712375 -0.173435 0.320525
v 0.978994 -0.157364 0.322920
v -0.513095 -0.144813 0.333539
v -0.823390 -0.123788 0.321125
v 0.395952 -0.135573 0.330992
v 0.420908 -0.125181 0.321214
v -0.802056 -0.125837 0.316972
v -0.884401 -0.120709 0.329156
v -0.705588 -0.100707 0.329433
v -0.670893 -0.090735 0.321544
v -0.615505 -0.088971 0.317514
v -0.804567 -0.026901 0.316507
v -0.683183 0.009219 0.315822
v -0.697140 0.008117 0.324953
v -0.733563 0.008312 0.321616
v 0.900002 0.281535 0.323184
v -0.227291 0.340135 0.310974
v -0.035356 0.340406 0.308174
v -0.006193 0.349063 0.312644
v 0.152486 0.334596 0.309962
v 0.660652 0.288761 0.318951
v 0.294006 0.356800 0.312738
v 0.356340 0.348484 0.308855
v -0.227186 0.348561 0.315074
v -0.273493 0.350262 0.322457
v 0.494095 -0.427513 0.326260
v 0.577362 -0.423747 0.337160
v -0.687842 -0.417135 0.326377
v 0.690569 -0.330414 0.329122
v 0.382631 -0.338601 0.322031
v 0.514611 -0.340854 0.314915
v 0.569336 -0.339982 0.314731
v 0.377649 -0.292883 0.332699
v 0.551707 -0.297507 0.313897
v -0.693304 -0.302019 0.310110
v -0.699159 -0.247384 0.310537
v -0.701874 -0.327118 0.312769
v 0.538284 -0.260875 0.348844
v 0.633003 -0.269106 0.316521
v 0.438631 -0.260272 0.315708
v -0.795492 -0.267852 0.322677
v 0.624982 -0.221909 0.315302
v -0.686114 -0.213370 0.317950
v 0.546923 -0.232410 0.312767
v -0.688940 -0.235600 0.310555
v -0.677149 -0.218517 0.310545
v -0.587765 -0.226074 0.311696
v -0.430258 -0.199493 0.337513
v 0.515125 -0.233270 0.315277
v 0.598551 -0.192767 0.315758
v -0.467241 -0.220455 0.320779
v -0.651604 -0.224955 0.324339
v -0.788116 -0.211770 0.324110
v -0.672551 -0.188960 0.317563
v -0.411135 -0.196121 0.326901
v 0.713947 -0.183925 0.323964
v -0.496519 -0.167363 0.333918
v -0.517103 -0.133999 0.326945
v -0.778316 -0.105771 0.326113
v -0.535349 -0.124215 0.333724
v -0.891354 -0.100870 0.321220
v -0.760601 -0.047685 0.330778
v 0.615460 -0.107930 0.329105
v -0.899878 -0.069545 0.325763
v -0.596301 -0.052707 0.344408
v -0.688960 -0.012710 0.327009
v -0.759018 -0.002905 0.321859
v -0.768254 0.027932 0.322371
v -0.720593 0.117313 0.344122
v -0.273240 0.335843 0.316116
v -0.421766 0.356356 0.319926
v -0.626033 -0.424133 0.332259
v -0.593621 -0.416628 0.336478
v -0.539841 -0.399174 0.338031
v -0.706007 -0.369266 0.323063
v -0.751253 -0.355375 0.321665
v -0.655816 -0.335046 0.312691
v -0.606075 -0.325977 0.313399
v 0.531375 -0.358143 0.320092
v 0.481058 -0.340453 0.316856
v 0.602465 -0.385691 0.345255
v -0.655119 -0.321566 0.321014
v -0.580046 -0.310661 0.323458
v -0.585576 -0.297914 0.313603
v 0.511610 -0.271220 0.325018
v 0.534902 -0.274964 0.346535
v 0.695275 -0.300339 0.329464
v -0.599109 -0.280955 0.326592
v -0.679176 -0.276634 0.324738
v -0.465292 -0.259970 0.332824
v 0.367923 -0.268173 0.324648
v -0.679027 -0.248749 0.324274
v 0.703646 -0.242293 0.329216
v -0.724095 -0.234628 0.314818
v -0.585242 -0.210999 0.324091
v 0.446798 -0.218049 0.318290
v 0.988419 -0.209677 0.322178
v 0.979419 -0.212987 0.337242
v 0.706618 -0.198690 0.328851
v -0.470552 -0.206151 0.338574
v -0.775561 -0.185986 0.326749
v -0.726189 -0.135334 0.335587
v 0.969115 -0.123905 0.331221
v -0.506272 -0.116571 0.343961
v 0.957802 -0.112178 0.323575
v 0.634088 -0.113735 0.329397
v -0.899769 -0.092259 0.329644
v 0.611932 -0.095681 0.329338
v -0.752336 -0.075771 0.318049
v 0.946703 -0.108301 0.337272
v -0.681823 -0.042750 0.338925
v 0.966540 -0.025389 0.335101
v -0.035188 0.242940 0.327281
v -0.568162 0.350621 0.328694
v -0.393474 0.350371 0.330043
v -0.403416 0.369920 0.323247
v 0.552803 -0.425604 0.337360
v -0.717829 -0.396619 0.322230
v 0.409238 -0.359122 0.331828
v -0.504173 -0.358416 0.334656
v 0.677097 -0.351907 0.329193
v -0.432921 -0.329382 0.334566
v -0.623144 -0.321782 0.323223
v 0.463983 -0.357240 0.331950
v -0.567854 -0.306672 0.321251
v 0.704008 -0.261440 0.328881
v 0.691915 -0.268131 0.334450
v -0.554639 -0.243376 0.322891
v 0.509688 -0.248843 0.324419
v 0.531446 -0.238828 0.333110
v -0.399594 -0.219397 0.323968
v -0.571717 -0.209779 0.322324
v -0.751580 -0.193458 0.333079
v -0.610070 -0.180710 0.321984
v 0.598229 -0.138783 0.341309
v 0.904372 -0.196804 0.328674
v 0.347991 -0.191331 0.342493
v -0.762674 -0.161185 0.328304
v 0.581855 -0.114641 0.346308
v 0.666915 -0.149710 0.332902
v -0.523542 -0.132343 0.338057
v 0.432341 -0.127723 0.332965
v -0.561291 -0.106321 0.333056
v 0.567454 -0.095230 0.341197
v -0.676078 -0.028189 0.334156
v 0.352378 0.155536 0.342164
v 0.377507 0.296991 0.321216
v -0.278617 0.185074 0.340345
v 0.752310 0.150852 0.349876
v -0.297940 0.339760 0.321870
v 0.494337 -0.417085 0.339092
v 0.600982 -0.417053 0.337836
v 0.625724 -0.407797 0.337572
v -0.528853 -0.380313 0.337592
v 0.646162 -0.373240 0.332672
v -0.577026 -0.401450 0.344102
v 0.748418 -0.336389 0.340296
v -0.555275 -0.356863 0.342805
v -0.429964 -0.301729 0.345190
v 0.644712 -0.331879 0.338701
v -0.627363 -0.287227 0.327510
v -0.652044 -0.297391 0.324051
v -0.650156 -0.282693 0.332862
v 0.389520 -0.251486 0.339752
v 0.688154 -0.289100 0.338531
v 0.386902 -0.289874 0.338649
v 0.514943 -0.274749 0.338341
v -0.615291 -0.264744 0.329292
v -0.476508 -0.218717 0.337789
v -0.428184 -0.199612 0.328387
v 0.883501 -0.212225 0.337953
v 0.874713 -0.194654 0.337036
v -0.492737 -0.193448 0.340227
v 0.239823 -0.191589 0.345027
v 0.711394 -0.177774 0.328153
v -0.962127 -0.139930 0.341201
v 0.671411 -0.166114 0.333918
v -0.934102 -0.124863 0.354339
v -0.843821 -0.122147 0.336522
v -0.868233 -0.096970 0.327808
v 0.423929 -0.089938 0.383989
v -0.626637 -0.103332 0.338512
v 0.585890 -0.092544 0.337266
v -0.720197 -0.071204 0.348930
v -0.875502 0.026329 0.330934
v 0.344469 0.171557 0.337259
v 0.160781 0.155627 0.341694
v 0.277341 0.132787 0.351041
v -0.306011 0.318578 0.328346
v -0.472877 0.334563 0.325707
v -0.351919 0.319476 0.331428
v -0.464781 0.350117 0.330084
v 0.515558 -0.424469 0.339729
v 0.573479 -0.413497 0.344333
v -0.647413 -0.417928 0.335413
v 0.609436 -0.408146 0.337163
v 0.663443 -0.358958 0.339007
v 0.395774 -0.338764 0.336063
v 0.668632 -0.342934 0.336217
v 0.398871 -0.322989 0.335772
v -0.474523 -0.297815 0.338439
v -0.474159 -0.256011 0.340842
v 0.516860 -0.261108 0.346846
v -0.647744 -0.258783 0.337566
v 0.674011 -0.255868 0.339346
v 0.386098 -0.227305 0.339079
v 0.382751 -0.202285 0.337171
v 0.401710 -0.205716 0.339503
v 0.962909 -0.165762 0.357826
v 0.730831 -0.191554 0.349758
v 0.380371 -0.177906 0.331879
v 0.384934 -0.163439 0.328651
v 0.387758 -0.150052 0.337944
v 0.427773 -0.148068 0.344333
v 0.651759 -0.156215 0.341225
v 0.959348 -0.126402 0.348587
v 0.630827 -0.131956 0.342654
v 0.613589 -0.116076 0.336483
v 0.600926 -0.110551 0.344518
v -0.685104 -0.096104 0.331796
v -0.664059 -0.099384 0.338253
v 0.437771 -0.083882 0.383526
v -0.888464 -0.077872 0.338695
v 0.922631 0.141850 0.356382
v 0.502317 0.155172 0.347844
v -0.360035 0.310542 0.329307
v -0.481518 0.306492 0.327233
v -0.376570 0.209816 0.340323
v -0.356948 0.163933 0.346308
v -0.289818 0.201608 0.344938
v -0.572410 0.330060 0.331130
v -0.547265 0.272485 0.330946
v -0.565502 0.311130 0.328393
v 0.622628 -0.397018 0.345338
v 0.433744 -0.380330 0.335703
v 0.420310 -0.360269 0.338998
v 0.418026 -0.335785 0.339005
v 0.679971 -0.330398 0.338958
v -0.491043 -0.339003 0.339695
v 0.673587 -0.293249 0.340064
v 0.685086 -0.255942 0.340600
v 0.693624 -0.234911 0.340121
v 0.700560 -0.209686 0.337712
v -0.518038 -0.218788 0.344846
v 0.875556 -0.212968 0.352842
v 0.672974 -0.189003 0.341273
v -0.635051 -0.138706 0.339073
v -0.560047 -0.160302 0.343665
v -0.705103 -0.122898 0.338548
v -0.881214 -0.087947 0.338529
v 0.475006 -0.099822 0.339741
v -0.639366 -0.056836 0.376972
v 0.952377 0.113848 0.354111
v -0.679528 0.176067 0.348654
v -0.527650 0.154221 0.350897
v -0.492565 0.159317 0.348314
v -0.364879 0.201688 0.346385
v -0.624395 0.223263 0.346734
v 0.531138 -0.409287 0.342290
v -0.536995 -0.385592 0.345395
v 0.477515 -0.393907 0.344620
v 0.635295 -0.364463 0.339713
v -0.436095 -0.318204 0.344735
v -0.629439 -0.274935 0.353533
v -0.647877 -0.271630 0.353672
v -0.498577 -0.268722 0.343963
v -0.434829 -0.223457 0.345032
v 0.878881 -0.215817 0.358224
v 0.742701 -0.184076 0.346141
v -0.901657 -0.187262 0.361887
v -0.835048 -0.173149 0.336350
v -0.490904 -0.181848 0.345883
v -0.803059 -0.158817 0.366412
v -0.522410 -0.190194 0.343593
v -0.849110 -0.132364 0.354077
v 0.947173 -0.145677 0.348225
v -0.811163 -0.119556 0.344453
v 0.460642 -0.123684 0.343336
v -0.548293 -0.119258 0.343743
v 0.494705 -0.099222 0.340536
v 0.522867 -0.102253 0.346016
v 0.578330 -0.046923 0.379147
v 0.958613 0.037870 0.349646
v -0.725850 0.056470 0.349549
v -0.272936 0.155159 0.345270
v -0.539643 0.201227 0.347599
v -0.607096 0.239597 0.338647
v 0.506681 -0.394390 0.341990
v 0.742052 -0.314024 0.351705
v -0.638973 -0.257941 0.353980
v -0.486199 -0.210607 0.346270
v 0.350587 -0.181036 0.351250
v -0.268220 -0.188199 0.348294
v 0.873858 -0.180577 0.349869
v -0.812188 -0.164625 0.366638
v -0.933755 -0.143110 0.360429
v 0.485574 -0.118112 0.345060
v -0.511627 -0.120081 0.376055
v 0.951866 -0.123348 0.350806
v 0.936527 -0.135715 0.342096
v 0.933826 -0.047345 0.353274
v 0.937643 0.113682 0.370851
v -0.550318 0.159161 0.349653
v -0.597987 0.159547 0.348140
v -0.300971 0.168000 0.345193
v -0.434909 -0.297631 0.348554
v 0.947032 -0.205104 0.361351
v -0.506230 -0.186987 0.353706
v 0.875908 -0.185418 0.362333
v 0.367471 -0.184117 0.363203
v 0.373968 -0.102138 0.352991
v 0.915147 -0.141850 0.349560
v 0.927149 -0.145569 0.356611
v -0.273093 0.137450 0.352862
v -0.463862 -0.144271 0.352937
v -0.450289 -0.188584 0.362006
v -0.460323 -0.179837 0.371338
v 0.827189 -0.122083 0.354297
v 0.879751 -0.162107 0.362298
v 0.868434 -0.117251 0.354056
v -0.722199 -0.069591 0.380318
v -0.734376 -0.049219 0.354412
v -0.650864 0.082902 0.365735
v -0.697118 0.122748 0.355554
v 0.489879 0.133347 0.357282
v -0.668363 0.134758 0.354201
v -0.001854 -0.043319 0.362339
v -0.271652 -0.088962 0.359541
v 0.073127 -0.093349 0.356382
v -0.869434 -0.128740 0.362223
v 0.832039 -0.112565 0.363006
v -0.790962 -0.120222 0.370499
v -0.681976 -0.061185 0.379017
v 0.531600 0.116800 0.373758
v -0.639825 0.120324 0.361364
v -0.372544 0.146529 0.354634
v -0.598728 0.112908 0.369401
v 0.870687 -0.104199 0.366812
v -0.260203 -0.091762 0.363243
v -0.245680 -0.068489 0.363612
v 0.820972 -0.073010 0.360631
v 0.870014 -0.083229 0.374210
v 0.856605 -0.070450 0.362824
v 0.926289 0.044877 0.374834
v 0.655679 -0.052748 0.361705
v -0.662004 0.110116 0.363863
v -0.653800 0.128383 0.365260
v -0.660374 0.122341 0.368519
v 0.402307 0.109350 0.373179
v 0.885952 -0.209303 0.363819
v 0.369473 -0.176746 0.369786
v -0.905639 -0.160351 0.366118
v 0.939408 -0.181154 0.365910
v -0.618029 -0.052059 0.384464
v 0.848579 -0.078346 0.366313
v -0.519651 -0.073576 0.362086
v -0.260429 -0.054857 0.375206
v -0.256925 -0.049783 0.366990
v -0.272266 0.040162 0.371933
v -0.267376 0.060703 0.376947
v 0.248136 0.039994 0.373683
v -0.634835 -0.032982 0.366830
v -0.645983 0.118825 0.371588
v -0.267805 0.113232 0.374748
v 0.683987 -0.107345 0.377487
v -0.481558 -0.147737 0.380946
v 0.858336 -0.096296 0.379016
v 0.857158 -0.099564 0.370710
v -0.257343 -0.072062 0.377526
v 0.858708 -0.083605 0.378247
v 0.469890 -0.053951 0.382962
v -0.664009 -0.050466 0.381695
v -0.359585 0.069962 0.374096
v -0.560546 -0.040223 0.364294
v -0.572433 0.052721 0.369940
v -0.647375 0.099838 0.389397
v -0.636029 0.104615 0.382246
v -0.610989 0.117111 0.376708
v -0.654902 0.163675 0.389562
v -0.649377 0.154768 0.387470
v -0.765795 -0.102784 0.377730
v 0.867416 -0.092652 0.378911
v -0.538706 -0.088576 0.385717
v 0.556461 -0.016144 0.367531
v -0.018540 0.060641 0.376552
v -0.294938 0.073857 0.378549
v -0.608253 0.110669 0.378156
v -0.655315 0.146459 0.398909
v 0.391717 -0.127764 0.379519
v 0.601915 -0.048912 0.382381
v -0.568629 -0.068754 0.387382
v 0.531630 -0.032536 0.378621
v 0.535687 0.093738 0.377196
v -0.284411 0.087962 0.378492
v -0.357599 0.079075 0.386234
v -0.358660 0.094462 0.378157
v 0.926326 0.105960 0.377336
v -0.327268 0.075642 0.386920
v -0.302176 0.082171 0.390131
v -0.358056 0.087771 0.386723
v -0.646268 0.161299 0.401027
v -0.654425 0.203012 0.401335
v -0.660810 0.180632 0.396955
v -0.622978 0.197954 0.398368
v -0.624785 0.250309 0.407303
v -0.616441 0.249812 0.404911
v -0.655597 0.181577 0.405571
v -0.622900 0.151985 0.397673
v -0.616044 0.138114 0.407894
v -0.643219 0.161573 0.413211
v -0.643289 0.230874 0.418421
v -0.636289 0.165040 0.406198
v -0.649831 0.175866 0.403076
v -0.614978 0.256893 0.412260
v -0.592160 0.250479 0.453923
v -0.639500 0.154005 0.422171
v -0.613292 0.134245 0.426528
v -0.633592 0.249596 0.422618
v -0.616859 0.257273 0.450004
v -0.602055 0.137492 0.450132
v -0.616488 0.156466 0.456446
v -0.596771 0.140547 0.447560
v -0.616938 0.239061 0.459263
vn 0.0495 -0.0968 -0.9941
vn 0.8134 -0.4429 -0.3771
vn -0.2560 -0.6515 -0.7141
vn 0.1073 0.0732 -0.9915
vn 0.8080 0.4606 -0.3675
vn -0.4065 0.5020 -0.7634
vn 0.4600 -0.8788 0.1272
vn -0.4457 -0.4374 -0.7810
vn -0.8873 0.4178 -0.1953
vn 0.2755 0.9517 -0.1356
vn 0.5174 0.6160 0.5940
vn 0.6451 -0.1642 0.7463
vn -0.1638 0.9836 0.0754
vn -0.8835 -0.1012 -0.4574
vn 0.5153 -0.6428 0.5668
vn -0.9245 0.0698 0.3747
vn -0.9401 0.1607 0.3006
vn -0.1637 0.5227 0.8366
vn -0.1885 -0.6238 -0.7585
vn 0.8859 -0.2340 -0.4005
vn -0.8347 -0.2633 -0.4837
vn -0.5535 0.1219 -0.8239
vn -0.1140 -0.0654 0.9913
vn -0.7061 -0.2061 -0.6775
vn -0.2305 0.5793 -0.7819
vn 0.1798 -0.2548 -0.9501
vn 0.8690 -0.2893 -0.4015
vn -0.1219 -0.2625 -0.9572
vn 0.0646 0.2112 -0.9753
vn -0.1944 -0.3273 -0.9247
vn -0.1717 -0.1741 -0.9696
vn 0.5355 0.3407 -0.7728
vn 0.3263 0.4000 -0.8565
vn -0.1696 -0.2407 -0.9557
vn -0.3394 -0.7253 -0.5990
vn 0.1946 0.3651 -0.9104
vn -0.0823 -0.2381 -0.9678
vn -0.1688 -0.8891 -0.4255
vn 0.1007 0.3027 -0.9478
vn -0.1571 0.3977 -0.9040
vn -0.0440 0.6716 -0.7396
vn 0.0485 0.1921 -0.9802
vn -0.1283 -0.8633 -0.4882
vn 0.2045 -0.1285 -0.9704
vn -0.1925 0.3801 -0.9047
vn 0.1106 0.5729 0.8121
vn 0.5293 -0.0908 -0.8435
vn -0.3575 -0.7575 -0.5463
vn -0.6672 -0.7201 -0.1904
vn -0.3969 -0.5846 -0.7076
vn 0.3808 0.4873 -0.7858
vn 0.1062 -0.2618 -0.9592
vn -0.6605 0.0633 -0.7482
vn 0.2673 0.4476 -0.8534
vn 0.0506 -0.0324 -0.9982
vn 0.2585 -0.7959 -0.5474
vn 0.4719 -0.7709 -0.4279
vn -0.0613 0.0230 -0.9979
vn 0.6597 -0.6896 -0.2986
vn -0.5469 0.8252 0.1414
vn 0.0537 0.3486 -0.9357
vn -0.0058 -0.0793 -0.9968
vn -0.0036 0.3997 -0.9166
vn 0.0072 -0.0132 -0.9999
vn 0.0149 -0.0812 -0.9966
vn -0.0016 0.4647 -0.8854
vn -0.6596 -0.7274 -0.1892
vn 0.1213 -0.1483 -0.9815
vn 0.2937 0.1369 -0.9460
vn 0.7261 -0.6434 -0.2426
vn -0.3516 -0.0293 -0.9357
vn 0.5592 -0.8271 -0.0564
vn 0.3639 0.2431 -0.8992
vn -0.1578 -0.0461 -0.9864
vn 0.6438 -0.6553 -0.3952
vn -0.3619 0.4171 -0.8337
vn 0.1819 0.2173 -0.9590
vn 0.0726 -0.3294 -0.9414
vn 0.2466 0.1627 -0.9554
vn 0.2400 -0.1107 -0.9644
vn 0.5900 -0.0031 -0.8074
vn -0.3388 -0.1562 -0.9278
vn 0.0074 0.3963 -0.9181
vn -0.0186 -0.5096 -0.8602
vn -0.0709 0.5094 -0.8576
vn 0.3671 0.5502 -0.7501
vn -0.2778 -0.5989 -0.7511
vn -0.3545 0.6154 -0.7040
vn -0.2476 -0.3714 -0.8949
vn -0.5623 0.4894 -0.6666
vn 0.2439 0.1917 -0.9507
vn -0.1319 0.0055 -0.9912
vn -0.2444 0.1120 -0.9632
vn -0.2516 0.3490 -0.9027
vn -0.0653 0.1649 -0.9841
vn 0.5439 0.4425 -0.7130
vn 0.2590 -0.0206 -0.9657
vn -0.2251 0.0212 -0.9741
vn -0.0644 -0.0114 -0.9979
vn 0.1723 0.4969 -0.8505
vn 0.4767 0.3207 -0.8185
vn -0.0833 0.4134 -0.9067
vn -0.0015 0.3922 -0.9199
vn -0.1396 -0.6611 -0.7372
vn 0.0159 0.2440 -0.9697
vn 0.1277 -0.6312 -0.7651
vn -0.0981 -0.7232 -0.6837
vn 0.3350 0.4314 -0.8376
vn -0.3424 -0.3494 -0.8722
vn 0.5085 -0.7089 -0.4888
vn 0.6017 0.2869 -0.7455
vn 0.4351 -0.0281 -0.9000
vn 0.4436 -0.5796 -0.6836
vn -0.2693 -0.7896 -0.5514
vn 0.3548 0.1324 -0.9255
vn 0.0647 -0.0590 -0.9962
vn 0.3335 -0.7639 0.5525
vn -0.2796 -0.9600 0.0160
vn 0.0074 -0.1995 -0.9799
vn 0.0127 -0.1294 -0.9915
vn 0.0989 0.1125 -0.9887
vn -0.7199 0.3283 -0.6115
vn 0.2212 0.3568 -0.9076
vn -0.5605 -0.5839 -0.5872
vn 0.1233 -0.8203 -0.5585
vn 0.7190 -0.3523 -0.5991
vn 0.4907 -0.2952 -0.8198
vn 0.1990 0.4963 -0.8450
vn 0.2606 -0.3995 -0.8789
vn -0.3915 -0.2673 -0.8805
vn -0.5587 0.6144 -0.5570
vn 0.3417 0.1541 -0.9271
vn -0.5326 0.2467 -0.8096
vn 0.1091 0.3283 -0.9383
vn 0.4931 -0.4463 -0.7468
vn -0.1960 -0.3982 -0.8961
vn -0.6557 -0.6291 -0.4175
vn -0.1305 -0.0505 -0.9902
vn -0.5071 -0.8616 -0.0220
vn -0.4292 0.3002 -0.8518
vn 0.0242 0.4682 -0.8833
vn -0.0071 0.4681 -0.8836
vn -0.5410 -0.7442 -0.3917
vn -0.0519 -0.2546 -0.9657
vn -0.1713 -0.3979 -0.9013
vn -0.2201 -0.4597 -0.8604
vn 0.6284 -0.1690 -0.7593
vn 0.0917 0.0816 -0.9924
vn -0.6790 -0.0174 -0.7339
vn 0.1022 0.6490 -0.7539
vn 0.2553 0.2228 -0.9408
vn 0.0068 -0.2200 -0.9755
vn -0.3416 0.0163 -0.9397
vn 0.3878 -0.0248 -0.9214
vn 0.0602 0.0322 -0.9977
vn 0.8080 0.1915 -0.5571
vn -0.0387 0.1149 -0.9926
vn -0.7955 0.0983 -0.5980
vn 0.1174 0.3709 -0.9212
vn 0.0709 -0.4811 -0.8738
vn -0.6894 0.7197 0.0816
vn -0.1111 0.5362 -0.8367
vn 0.3871 -0.7443 -0.5442
vn 0.5718 0.4327 -0.6970
vn 0.4108 0.6564 -0.6328
vn -0.2408 -0.2460 -0.9389
vn 0.0948 -0.3336 -0.9379
vn -0.2155 0.1162 -0.9696
vn 0.5637 -0.3467 -0.7497
vn 0.5674 -0.4612 -0.6822
vn 0.8577 0.0307 -0.5132
vn -0.2987 0.1383 -0.9443
vn 0.9078 0.1961 -0.3707
vn -0.3242 0.2219 -0.9196
vn 0.4243 -0.2241 -0.8773
vn 0.0497 0.1875 -0.9810
vn 0.6317 0.4924 -0.5987
vn 0.1266 0.2379 -0.9630
vn -0.6070 0.1838 -0.7731
vn -0.5373 -0.4161 -0.7336
vn 0.1881 0.5067 -0.8413
vn 0.4798 -0.4416 -0.7581
vn 0.7685 0.2028 -0.6069
vn 0.6985 -0.1299 -0.7038
vn 0.0677 0.8179 -0.5714
vn 0.5114 -0.8591 0.0210
vn -0.7682 0.2304 -0.5973
vn -0.2947 -0.8574 -0.4219
vn 0.0673 -0.9675 -0.2436
vn 0.1790 -0.9287 -0.3249
vn 0.2825 -0.8734 -0.3967
vn 0.0045 -0.9173 -0.3982
vn 0.0170 -0.9074 -0.4200
vn 0.8862 0.2516 -0.3891
vn 0.4503 -0.8831 0.1316
vn -0.0083 0.2827 -0.9592
vn 0.6316 -0.3139 0.7089
vn -0.2206 0.7610 -0.6101
vn 0.3127 -0.4260 0.8489
vn 0.7453 0.1832 -0.6411
vn 0.1113 0.1534 -0.9819
vn -0.0512 0.3407 -0.9388
vn 0.0108 0.2018 -0.9794
vn 0.1332 0.1198 -0.9838
vn 0.0005 0.2508 -0.9680
vn 0.3346 -0.0534 -0.9409
vn -0.0106 0.2344 -0.9721
vn -0.0806 0.2141 -0.9735
vn -0.3898 0.3299 -0.8598
vn 0.3234 -0.0328 -0.9457
vn -0.3876 -0.7420 -0.5470
vn -0.4917 0.2897 -0.8212
vn -0.0786 -0.9412 0.3285
vn -0.2700 -0.9067 0.3242
vn 0.5880 -0.6480 -0.4842
vn 0.5332 -0.0473 -0.8447
vn -0.7319 -0.1304 -0.6688
vn -0.4291 -0.7334 0.5273
vn -0.2392 -0.8278 -0.5075
vn -0.3583 -0.9176 0.1719
vn 0.3669 -0.2389 -0.8990
vn -0.0002 -0.9639 -0.2661
vn 0.9082 -0.3571 -0.2184
vn 0.9878 -0.0694 -0.1393
vn 0.8343 0.2508 -0.4909
vn -0.7061 0.5908 -0.3904
vn 0.7601 -0.6334 0.1454
vn -0.0994 -0.1129 -0.9886
vn 0.2530 0.3781 -0.8905
vn 0.2069 0.4419 -0.8729
vn -0.5518 0.8339 -0.0106
vn -0.2179 0.1227 -0.9682
vn 0.0004 0.2522 -0.9677
vn 0.0257 0.1582 -0.9871
vn -0.0806 0.2142 -0.9735
vn 0.7688 0.0829 -0.6340
vn -0.8037 0.0975 -0.5870
vn 0.4048 -0.0177 -0.9142
vn 0.1329 -0.4818 -0.8662
vn 0.0575 -0.0048 -0.9983
vn 0.3748 -0.2943 -0.8792
vn -0.1224 -0.7900 -0.6008
vn 0.0160 -0.3688 -0.9294
vn 0.2521 -0.0892 -0.9636
vn -0.4404 -0.4948 -0.7492
vn -0.6308 -0.3607 -0.6870
vn -0.2266 -0.0888 -0.9699
vn 0.7558 -0.0799 -0.6499
vn 0.4768 -0.0499 -0.8776
vn 0.0169 -0.0630 -0.9979
vn 0.4424 -0.0339 -0.8962
vn -0.0442 0.8157 -0.5768
vn 0.3178 0.1522 -0.9359
vn -0.7460 -0.6342 -0.2032
vn -0.0796 -0.0270 -0.9965
vn 0.6948 0.4413 -0.5679
vn 0.2311 0.1426 -0.9624
vn 0.2298 0.0007 -0.9732
vn 0.2214 0.6481 -0.7286
vn 0.6464 0.5244 -0.5542
vn 0.2280 0.2411 -0.9433
vn -0.8612 -0.5083 -0.0038
vn -0.7898 -0.5489 -0.2739
vn 0.5921 0.6217 -0.5127
vn -0.0086 0.0772 -0.9970
vn -0.0442 0.3958 -0.9173
vn -0.0025 0.2299 -0.9732
vn 0.7804 -0.5314 -0.3294
vn 0.0523 -0.6005 0.7979
vn 0.0293 0.1453 -0.9890
vn -0.7055 0.5715 -0.4191
vn 0.5821 0.2288 -0.7803
vn -0.0271 0.0904 -0.9955
vn -0.0533 0.0516 -0.9972
vn 0.1443 -0.0994 -0.9845
vn 0.3568 -0.1444 -0.9229
vn 0.2809 -0.0828 -0.9561
vn 0.2271 -0.1417 -0.9635
vn 0.0554 -0.0610 -0.9966
vn 0.3153 -0.8249 -0.4692
vn 0.6211 -0.6523 -0.4345
vn -0.2943 -0.3701 -0.8811
vn 0.2988 0.0058 -0.9543
vn 0.2689 -0.1516 -0.9512
vn 0.5223 -0.1494 -0.8396
vn 0.5187 -0.0095 -0.8549
vn -0.9196 -0.1600 -0.3588
vn 0.0510 -0.0695 -0.9963
vn -0.7606 0.4864 -0.4299
vn 0.5196 -0.1201 -0.8459
vn 0.7623 -0.1713 -0.6241
vn -0.1484 0.6315 -0.7610
vn 0.7461 0.6547 -0.1215
vn 0.0495 -0.0564 -0.9972
vn 0.8653 0.1396 -0.4814
vn 0.5356 -0.0843 -0.8402
vn -0.5099 -0.8458 0.1569
vn -0.2640 -0.3052 -0.9150
vn -0.0054 -0.0044 -1.0000
vn 0.2009 0.2552 -0.9458
vn -0.3361 -0.0816 -0.9383
vn 0.9474 0.1395 -0.2881
vn 0.8360 -0.4424 0.3246
vn 0.5310 0.4047 -0.7445
vn -0.3084 -0.1591 -0.9378
vn 0.8442 -0.5118 -0.1593
vn 0.5787 -0.5677 -0.5855
vn 0.1565 0.0807 -0.9844
vn 0.4596 0.2239 -0.8594
vn -0.5185 0.0976 -0.8495
vn 0.0262 0.3602 -0.9325
vn -0.0141 0.1107 -0.9937
vn 0.5016 0.8179 -0.2819
vn -0.7687 -0.5983 -0.2261
vn -0.2390 0.5900 0.7713
vn -0.3480 0.5148 -0.7835
vn -0.1937 0.4270 -0.8833
vn 0.0047 -0.0091 -0.9999
vn 0.3233 0.7441 -0.5846
vn -0.0920 0.3776 -0.9214
vn -0.3334 0.7756 -0.5360
vn 0.6799 -0.7327 0.0291
vn 0.2395 0.8215 -0.5174
vn 0.4791 0.8496 -0.2208
vn -0.2325 0.8259 -0.5136
vn -0.0618 0.5085 -0.8588
vn 0.0748 0.8379 -0.5407
vn -0.0976 0.3491 -0.9320
vn -0.0917 0.8506 -0.5178
vn 0.1568 0.8156 -0.5569
vn 0.1476 0.8379 -0.5254
vn -0.4068 0.6365 -0.6552
vn -0.4359 0.2985 -0.8491
vn -0.0040 0.0071 -1.0000
vn 0.0597 -0.0214 -0.9980
vn 0.3615 -0.0290 -0.9319
vn 0.0842 0.4004 -0.9125
vn 0.2240 -0.6490 -0.7271
vn -0.3100 -0.5735 -0.7583
vn -0.0735 -0.4054 -0.9112
vn -0.0993 -0.6927 -0.7144
vn -0.0720 -0.4508 -0.8897
vn 0.2676 -0.8675 -0.4193
vn 0.4253 -0.6610 -0.6183
vn 0.5239 -0.5199 -0.6747
vn 0.6829 -0.3412 -0.6459
vn -0.3149 -0.3739 -0.8724
vn -0.1662 -0.1481 -0.9749
vn 0.0089 0.0370 -0.9993
vn -0.0141 -0.1239 -0.9922
vn 0.3852 -0.3948 -0.8341
vn 0.7055 -0.3748 -0.6015
vn 0.1198 -0.0601 -0.9910
vn 0.1049 -0.1879 -0.9766
vn 0.6456 -0.1846 -0.7410
vn 0.6562 -0.2824 -0.6997
vn 0.7020 -0.3141 -0.6392
vn 0.6934 -0.2318 -0.6823
vn 0.3498 -0.4189 -0.8379
vn 0.8021 -0.2751 -0.5300
vn -0.9999 -0.0108 0.0034
vn 0.4601 0.4166 -0.7840
vn 0.9657 -0.1456 -0.2149
vn -0.3426 0.8420 0.4166
vn -0.5709 -0.6637 0.4834
vn -0.2380 -0.4160 0.8777
vn -0.7787 0.1096 -0.6178
vn -0.0271 -0.7304 0.6825
vn 0.2099 -0.8036 0.5569
vn -0.3035 0.4876 -0.8186
vn 0.7814 0.1357 -0.6091
vn -0.2956 0.1391 -0.9451
vn -0.5816 0.3156 -0.7498
vn -0.0247 -0.0138 -0.9996
vn -0.9241 -0.2836 -0.2562
vn -0.7741 -0.5901 -0.2293
vn -0.2526 0.5257 -0.8123
vn -0.3061 0.4278 -0.8505
vn 0.0217 -0.0593 -0.9980
vn -0.0726 -0.2632 -0.9620
vn 0.0592 0.3728 -0.9260
vn 0.3654 0.2375 -0.9000
vn -0.0646 0.4248 -0.9030
vn -0.0584 0.5180 -0.8534
vn 0.1235 0.6618 -0.7394
vn 0.1882 0.9172 -0.3512
vn 0.1586 0.7439 -0.6492
vn -0.4571 -0.3022 -0.8365
vn -0.8151 -0.4374 -0.3799
vn -0.1264 0.4691 -0.8740
vn -0.2212 0.1926 -0.9560
vn -0.1868 0.1898 -0.9639
vn -0.8751 0.0968 -0.4741
vn -0.3772 0.7508 -0.5423
vn 0.1405 -0.9900 0.0157
vn -0.6619 0.1161 -0.7405
vn 0.9943 0.0967 -0.0457
vn -0.3815 0.6284 -0.6780
vn -0.6395 0.6640 -0.3875
vn -0.8435 0.4530 -0.2887
vn 0.0153 0.0023 -0.9999
vn -0.2840 0.5359 -0.7951
vn 0.0752 0.0900 -0.9931
vn 0.0149 -0.0245 -0.9996
vn 0.1370 0.4540 -0.8804
vn -0.7094 0.4135 -0.5708
vn -0.0448 -0.1451 -0.9884
vn -0.2280 0.3952 -0.8899
vn 0.6348 0.0266 -0.7722
vn 0.1900 0.0626 -0.9798
vn -0.2004 0.9708 -0.1316
vn -0.1102 -0.9283 -0.3550
vn -0.3329 -0.6133 -0.7162
vn 0.2712 -0.3498 -0.8967
vn 0.3358 -0.2972 -0.8938
vn -0.1024 -0.1246 -0.9869
vn -0.0461 0.3228 -0.9454
vn -0.0421 -0.0104 -0.9991
vn 0.5667 -0.3889 -0.7264
vn 0.0363 0.2242 -0.9739
vn -0.5798 -0.4140 -0.7017
vn -0.4630 -0.1986 -0.8638
vn -0.3520 -0.0530 -0.9345
vn 0.7684 -0.3164 -0.5563
vn -0.6923 -0.2976 -0.6574
vn 0.0788 0.0492 -0.9957
vn -0.0175 0.0070 -0.9998
vn -0.4463 -0.0903 -0.8903
vn -0.5712 -0.0655 -0.8182
vn -0.6234 0.0250 -0.7815
vn -0.1575 -0.0708 -0.9850
vn 0.4266 0.0917 -0.8998
vn -0.5817 0.1416 -0.8010
vn -0.6323 -0.0160 -0.7745
vn -0.4904 0.1990 -0.8485
vn 0.5871 -0.5994 0.5442
vn -0.8446 0.2461 -0.4755
vn 0.2047 -0.9402 -0.2723
vn -0.5588 -0.5183 0.6474
vn 0.0129 -0.7725 -0.6348
vn 0.3124 -0.9342 0.1721
vn 0.4301 0.1774 -0.8852
vn -0.3134 -0.3589 -0.8792
vn -0.5209 -0.8379 -0.1632
vn -0.6353 0.5448 -0.5474
vn 0.4953 -0.0085 0.8687
vn 0.0502 -0.1389 -0.9890
vn 0.0799 -0.0568 -0.9952
vn -0.2445 0.7681 0.5918
vn -0.0586 0.5045 -0.8614
vn 0.1624 0.3209 -0.9331
vn -0.2033 0.8617 -0.4648
vn -0.3908 0.8860 -0.2497
vn -0.7921 0.0968 -0.6026
vn -0.8477 -0.3138 -0.4276
vn 0.0330 0.9854 -0.1670
vn 0.4853 -0.8730 0.0482
vn 0.8571 -0.4787 -0.1906
vn 0.9590 0.1265 -0.2538
vn 0.3421 0.1805 -0.9221
vn -0.6546 0.7548 0.0427
vn -0.5443 0.8343 0.0876
vn 0.0216 0.3877 -0.9215
vn -0.0339 0.4513 -0.8917
vn 0.0055 0.1437 -0.9896
vn 0.4716 -0.0703 -0.8790
vn -0.7506 0.4081 -0.5197
vn 0.4743 0.3902 -0.7892
vn 0.5509 0.7778 -0.3025
vn -0.0335 -0.1665 -0.9855
vn -0.0542 -0.4568 -0.8879
vn -0.0154 -0.8770 -0.4803
vn -0.1656 -0.7582 -0.6306
vn -0.1207 -0.0360 -0.9920
vn -0.5055 -0.7818 -0.3651
vn -0.0041 0.2311 -0.9729
vn 0.0608 0.0137 -0.9981
vn 0.3039 -0.7058 -0.6399
vn -0.6308 -0.4682 -0.6187
vn -0.1818 -0.3605 -0.9149
vn 0.3607 -0.4124 -0.8365
vn -0.4357 -0.4199 -0.7961
vn -0.3079 0.5430 -0.7813
vn -0.8047 -0.4530 -0.3837
vn 0.8293 -0.2804 -0.4833
vn -0.6367 0.1185 -0.7619
vn -0.4844 0.0059 -0.8748
vn 0.1629 -0.0420 -0.9857
vn -0.0740 -0.9170 0.3920
vn -0.3552 -0.1622 -0.9206
vn 0.1421 -0.1519 -0.9781
vn -0.3576 -0.8786 0.3166
vn -0.0148 -0.9761 0.2168
vn 0.0751 -0.9379 0.3386
vn -0.0983 -0.7765 0.6224
vn -0.8053 0.4150 -0.4233
vn 0.0201 -0.1027 -0.9945
vn -0.3599 -0.1466 -0.9214
vn -0.8567 0.2873 -0.4283
vn -0.1339 0.1137 -0.9844
vn 0.2546 -0.9587 0.1267
vn 0.1997 0.9517 -0.2333
vn -0.1055 -0.4008 -0.9101
vn 0.4547 0.6572 0.6011
vn -0.0166 0.8867 -0.4621
vn -0.4586 0.8088 -0.3682
vn -0.0733 0.9300 -0.3601
vn 0.1354 0.8847 -0.4461
vn -0.7442 -0.6672 -0.0330
vn 0.1532 -0.1717 0.9732
vn -0.5952 -0.7196 0.3577
vn -0.2442 -0.4316 0.8684
vn 0.0054 0.0879 -0.9961
vn 0.3844 0.3401 -0.8582
vn 0.2294 0.2155 -0.9492
vn 0.1057 -0.9410 -0.3213
vn 0.0100 -0.8912 -0.4536
vn 0.1267 -0.8815 -0.4548
vn 0.2179 -0.8807 -0.4205
vn -0.2006 -0.6193 -0.7591
vn 0.3131 -0.8270 -0.4668
vn 0.7262 -0.6471 -0.2320
vn -0.0773 -0.0892 -0.9930
vn -0.5327 -0.2968 -0.7925
vn -0.7542 -0.6553 -0.0425
vn 0.3142 -0.1090 -0.9431
vn 0.7130 -0.5448 0.4413
vn 0.8009 -0.5436 -0.2510
vn -0.6032 -0.0146 -0.7975
vn -0.0561 0.0350 -0.9978
vn -0.5680 -0.3752 -0.7325
vn -0.2159 -0.4926 -0.8430
vn -0.4800 0.0864 -0.8730
vn -0.7924 -0.4565 -0.4045
vn 0.9943 0.0971 -0.0429
vn -0.8430 0.1925 -0.5024
vn -0.3356 0.4128 -0.8467
vn -0.3451 -0.0455 -0.9375
vn -0.4780 0.1326 -0.8683
vn 0.0589 -0.0267 -0.9979
vn -0.0092 -0.0518 -0.9986
vn -0.8811 0.2080 -0.4247
vn 0.8735 0.2199 0.4343
vn -0.8406 -0.3396 -0.4221
vn -0.4012 -0.3812 0.8329
vn 0.4145 -0.9047 0.0988
vn -0.0158 -0.9471 0.3207
vn 0.1115 -0.9251 0.3629
vn 0.4652 0.7138 -0.5234
vn -0.7025 -0.6990 -0.1340
vn -0.0852 -0.0236 -0.9961
vn 0.3932 0.8396 0.3749
vn 0.6376 0.7698 0.0304
vn 0.4339 0.7718 0.4647
vn -0.1716 0.8904 0.4217
vn 0.2171 0.8849 -0.4120
vn 0.3324 0.9428 -0.0250
vn -0.2227 0.5094 0.8312
vn 0.0946 0.0926 0.9912
vn 0.3734 -0.5703 0.7316
vn -0.8442 -0.4198 0.3332
vn 0.7196 0.2378 -0.6524
vn 0.0237 0.4292 -0.9029
vn -0.0355 0.4582 -0.8881
vn 0.1175 0.6797 -0.7240
vn 0.2263 0.6870 -0.6905
vn 0.0479 0.9969 -0.0617
vn -0.2816 -0.9195 -0.2742
vn -0.5008 -0.8157 -0.2896
vn -0.3616 -0.8093 -0.4629
vn -0.5727 -0.5843 -0.5750
vn 0.5761 -0.7016 -0.4194
vn 0.8150 -0.4770 -0.3289
vn -0.7193 -0.5338 -0.4447
vn 0.0257 0.2744 -0.9613
vn 0.8824 -0.4149 -0.2217
vn 0.0517 0.0686 -0.9963
vn -0.4713 -0.8646 -0.1739
vn -0.7546 -0.4047 -0.5165
vn 0.1757 0.0275 -0.9841
vn -0.0703 0.1008 -0.9924
vn 0.3546 0.4219 -0.8344
vn -0.8658 -0.1926 -0.4619
vn -0.8790 -0.4209 -0.2242
vn 0.8000 -0.5849 -0.1341
vn -0.1311 0.1721 -0.9763
vn -0.0491 0.1853 -0.9815
vn -0.9535 0.1353 -0.2694
vn -0.8719 0.0637 -0.4856
vn 0.1887 0.2893 -0.9385
vn -0.0866 -0.0768 -0.9933
vn 0.1938 -0.1540 -0.9689
vn -0.0750 -0.9963 0.0418
vn 0.8733 -0.4753 -0.1072
vn -0.8083 -0.5721 0.1391
vn 0.1106 -0.9904 -0.0829
vn 0.6904 0.7058 -0.1587
vn 0.7931 -0.4761 0.3799
vn -0.6032 0.7793 -0.1700
vn -0.0361 0.5314 0.8464
vn 0.7454 0.0995 0.6592
vn -0.3314 0.7121 -0.6189
vn 0.7499 -0.3651 0.5517
vn -0.1791 0.9691 -0.1698
vn 0.6524 -0.4901 0.5781
vn -0.9274 0.3580 -0.1082
vn -0.8904 0.2987 -0.3434
vn -0.2733 -0.7736 -0.5718
vn 0.3709 -0.8718 0.3200
vn -0.0040 -0.8954 0.4453
vn -0.4762 -0.8097 0.3429
vn -0.6221 0.3946 -0.6762
vn -0.4073 0.8869 -0.2177
vn -0.0103 0.1931 -0.9811
vn -0.1954 -0.9737 -0.1176
vn -0.3905 -0.9179 0.0707
vn -0.0414 -0.0383 -0.9984
vn 0.8898 -0.4221 0.1736
vn -0.1520 0.0660 -0.9862
vn -0.7422 -0.5607 -0.3672
vn 0.2957 0.2083 -0.9323
vn 0.1885 -0.2448 -0.9511
vn -0.9205 -0.3140 -0.2325
vn -0.2423 0.2506 -0.9373
vn 0.7936 -0.5747 -0.1999
vn 0.0869 0.0482 -0.9950
vn -0.8959 -0.0899 -0.4352
vn -0.9431 -0.2710 -0.1925
vn 0.4815 -0.8008 -0.3562
vn -0.8604 -0.2830 -0.4237
vn -0.4993 -0.2347 -0.8340
vn -0.2624 -0.0252 -0.9646
vn 0.1162 0.0545 -0.9917
vn 0.0497 -0.1320 -0.9900
vn 0.0242 0.2586 -0.9657
vn -0.3929 -0.4296 0.8131
vn 0.9751 -0.1858 0.1209
vn -0.1815 -0.2752 -0.9441
vn 0.0540 -0.0607 -0.9967
vn -0.0186 0.5700 -0.8214
vn -0.9022 -0.0292 -0.4303
vn 0.0352 -0.1158 -0.9926
vn 0.1578 -0.3108 -0.9373
vn -0.0546 -0.0794 -0.9953
vn -0.0446 0.0415 -0.9981
vn 0.4087 -0.8516 -0.3283
vn -0.6316 0.4386 -0.6393
vn -0.7535 -0.5963 -0.2768
vn -0.9398 0.3313 -0.0833
vn -0.1583 -0.3207 -0.9339
vn 0.6439 0.2416 0.7260
vn -0.3688 -0.4919 0.7887
vn -0.3514 -0.8681 0.3505
vn -0.0487 -0.0633 -0.9968
vn -0.1308 -0.3232 -0.9372
vn 0.7595 -0.0968 0.6433
vn 0.8961 0.3779 0.2329
vn -0.7580 0.6338 -0.1538
vn 0.5279 0.7804 -0.3351
vn 0.8964 -0.4387 0.0625
vn -0.8487 0.4777 -0.2271
vn -0.1270 0.4309 0.8934
vn -0.9794 -0.1993 -0.0314
vn -0.8219 -0.1590 -0.5470
vn -0.0076 0.6551 -0.7555
vn -0.1518 0.8884 -0.4332
vn 0.2209 -0.9748 0.0316
vn 0.5006 -0.8023 -0.3251
vn -0.5509 -0.8103 -0.1998
vn -0.6689 -0.6175 -0.4138
vn -0.2205 -0.8109 -0.5420
vn 0.1258 -0.9900 0.0644
vn -0.1469 0.0731 -0.9864
vn -0.3768 -0.0767 -0.9231
vn -0.2598 0.1259 -0.9574
vn 0.9172 -0.3961 0.0431
vn -0.9934 0.0007 -0.1146
vn -0.1620 -0.0592 -0.9850
vn 0.9956 -0.0106 -0.0926
vn -0.9754 0.2135 -0.0543
vn 0.8971 0.3541 -0.2642
vn -0.0337 -0.1369 -0.9900
vn 0.3147 -0.4240 -0.8492
vn -0.9942 -0.0701 -0.0816
vn 0.0745 -0.9743 0.2128
vn 0.6685 -0.2976 0.6816
vn 0.5613 0.4775 0.6760
vn -0.3551 0.8792 -0.3175
vn 0.4078 0.8805 0.2419
vn 0.9932 -0.0170 0.1151
vn -0.6155 0.7023 -0.3576
vn 0.9300 0.1513 -0.3350
vn -0.0124 -0.9994 -0.0325
vn 0.5676 -0.3214 0.7580
vn -0.6927 -0.6853 -0.2248
vn -0.5245 -0.8253 -0.2093
vn -0.6043 -0.6116 -0.5106
vn 0.6637 -0.6893 0.2905
vn -0.6500 -0.7207 -0.2409
vn 0.7424 -0.4694 0.4781
vn 0.9099 -0.3764 0.1743
vn 0.4151 -0.0792 -0.9063
vn -0.8268 0.4148 -0.3799
vn 0.9310 0.3166 0.1814
vn 0.9897 0.0980 0.1040
vn -0.8578 -0.5100 0.0641
vn 0.0297 -0.8921 -0.4509
vn -0.6950 0.4702 -0.5439
vn 0.2675 0.5434 0.7957
vn 0.1676 -0.9160 0.3645
vn 0.5759 -0.8081 -0.1242
vn 0.9143 0.2869 0.2858
vn 0.9592 -0.2455 0.1403
vn 0.8892 -0.4488 0.0887
vn 0.0491 0.9973 -0.0539
vn 0.8985 -0.4197 0.1282
vn 0.6897 -0.7147 0.1168
vn -0.4720 0.8008 -0.3688
vn -0.0375 -0.9986 -0.0383
vn -0.2609 -0.9646 -0.0389
vn 0.7909 -0.6113 0.0288
vn -0.7386 -0.6725 -0.0469
vn -0.7960 -0.5632 -0.2216
vn -0.0300 0.0356 -0.9989
vn 0.4896 -0.2414 -0.8379
vn 0.8941 -0.2050 0.3983
vn -0.9967 -0.0115 -0.0801
vn 0.0288 -0.7863 -0.6171
vn -0.6314 0.4387 -0.6394
vn -0.6948 0.4702 -0.5443
vn 0.4481 -0.8894 -0.0908
vn 0.4479 -0.8895 -0.0907
vn 0.9647 -0.2431 -0.1018
vn 0.1995 0.9517 -0.2333
vn -0.8611 -0.5084 -0.0038
vn 0.8342 0.5514 0.0027
vn 0.9955 -0.0133 0.0936
vn -0.4942 0.7992 -0.3421
vn -0.9563 -0.2899 -0.0372
vn -0.3970 -0.9178 -0.0084
vn 0.8218 0.5024 -0.2689
vn -0.0327 0.8161 -0.5770
vn 0.1578 0.6740 -0.7216
vn 0.5303 0.5948 -0.6042
vn -0.0021 0.8289 -0.5595
vn -0.3986 -0.9096 -0.1172
vn 0.4653 -0.8776 0.1151
vn 0.7160 -0.6976 0.0260
vn 0.8265 -0.5616 0.0398
vn 0.4303 -0.8644 0.2601
vn -0.8464 -0.4982 -0.1881
vn -0.7934 -0.5969 -0.1193
vn -0.9285 -0.2998 0.2192
vn -0.0036 -0.8890 -0.4579
vn 0.0312 -0.9035 -0.4274
vn -0.2476 0.9318 -0.2653
vn 0.9673 0.0930 0.2360
vn -0.5487 0.7303 0.4069
vn -0.0308 0.9995 -0.0009
vn 0.1650 0.9784 -0.1245
vn 0.1441 0.8381 0.5261
vn 0.0888 0.9358 0.3411
vn 0.4626 -0.8205 -0.3360
vn 0.2331 -0.9693 -0.0780
vn 0.7603 0.2254 -0.6092
vn 0.2135 -0.9742 0.0733
vn 0.4466 -0.8945 -0.0207
vn 0.6605 -0.7503 0.0278
vn -0.6962 -0.6889 -0.2019
vn 0.9245 -0.3043 0.2295
vn -0.9663 -0.2339 -0.1071
vn 0.2958 -0.8878 -0.3527
vn -0.9226 -0.3806 -0.0627
vn 0.1402 -0.9881 0.0637
vn -0.7688 0.6380 -0.0427
vn -0.8801 0.4192 -0.2228
vn 0.1993 0.9517 -0.2334
vn -0.9808 -0.1699 -0.0955
vn 0.9676 0.1037 0.2303
vn 0.6943 0.7188 0.0350
vn -0.2719 0.9488 -0.1605
vn -0.2182 0.9333 0.2853
vn -0.1483 0.9702 0.1917
vn -0.9847 -0.1000 -0.1429
vn -0.8668 -0.3404 -0.3643
vn -0.9767 -0.0109 -0.2142
vn -0.2917 -0.0186 0.9563
vn 0.5704 -0.0887 0.8166
vn 0.1233 0.5970 0.7927
vn -0.8996 0.3494 -0.2619
vn 0.2029 -0.6835 0.7012
vn 0.9037 -0.2455 0.3508
vn -0.4722 -0.8815 0.0028
vn -0.9581 -0.1659 0.2334
vn -0.9767 -0.0473 0.2094
vn -0.9423 0.1079 0.3169
vn -0.7111 0.2828 -0.6437
vn -0.9428 -0.1386 -0.3033
vn -0.9065 0.4221 -0.0113
vn -0.4079 -0.8740 -0.2641
vn -0.0824 -0.9771 -0.1963
vn 0.2868 -0.9441 0.1626
vn 0.9194 0.3270 -0.2187
vn -0.9388 0.3133 0.1433
vn 0.7561 -0.5367 -0.3745
vn 0.8302 0.5567 -0.0304
vn 0.2242 0.6164 -0.7549
vn -0.9099 0.0379 -0.4132
vn -0.9706 -0.2396 -0.0242
vn 0.9546 -0.2977 0.0148
vn 0.6496 0.6975 -0.3025
vn 0.8063 -0.3718 -0.4600
vn 0.4761 0.7813 -0.4037
vn 0.0675 0.8263 -0.5592
vn -0.3181 0.9242 -0.2114
vn 0.0830 0.8751 -0.4767
vn -0.5656 -0.8245 -0.0198
vn -0.6341 -0.7688 0.0827
vn 0.9653 -0.2543 -0.0600
vn 0.8362 -0.5407 0.0913
vn -0.5624 -0.5165 0.6457
vn -0.8413 0.5329 -0.0904
vn 0.0068 -0.6790 -0.7341
vn -0.5599 -0.8285 0.0126
vn 0.0352 -0.9992 0.0178
vn -0.2154 -0.9384 -0.2702
vn -0.0450 -0.8090 -0.5861
vn -0.0437 0.6150 0.7873
vn -0.6881 0.6974 0.2005
vn -0.4520 -0.7031 -0.5490
vn 0.2270 -0.7969 -0.5598
vn 0.8400 -0.4516 0.3008
vn 0.9362 0.1841 0.2993
vn 0.1411 -0.1484 -0.9788
vn -0.2121 -0.9392 0.2701
vn -0.5916 -0.8059 0.0224
vn -0.8764 -0.3596 0.3204
vn -0.7590 -0.6469 -0.0734
vn 0.9367 -0.0631 0.3443
vn 0.0861 -0.9520 -0.2936
vn 0.9959 -0.0007 0.0903
vn 0.4433 0.7517 0.4883
vn 0.8342 0.5515 0.0028
vn -0.9809 -0.1697 -0.0954
vn 0.6380 0.7695 0.0278
vn 0.8249 -0.5559 -0.1024
vn -0.2830 0.9505 -0.1286
vn -0.3659 0.9278 -0.0730
vn -0.6455 0.7635 0.0169
vn -0.3744 0.8212 0.4307
vn -0.0456 0.9492 0.3112
vn -0.9449 -0.3075 0.1123
vn -0.6171 0.7810 -0.0960
vn 0.8482 0.4713 -0.2418
vn -0.0280 0.9633 -0.2668
vn 0.0063 -0.9733 0.2296
vn -0.3995 -0.7757 0.4885
vn 0.6544 -0.6525 0.3822
vn 0.6854 -0.6434 0.3411
vn -0.7075 -0.5924 0.3852
vn -0.8198 -0.5596 0.1215
vn 0.8807 0.1643 0.4442
vn -0.4190 -0.7541 -0.5057
vn 0.5787 -0.7781 -0.2442
vn 0.6730 -0.5743 -0.4661
vn -0.9090 0.3602 0.2095
vn 0.6511 0.5616 -0.5106
vn -0.7653 -0.4535 0.4568
vn 0.9189 0.2617 0.2953
vn 0.6256 0.6791 0.3839
vn 0.0871 0.5912 -0.8018
vn -0.3556 0.7924 -0.4957
vn -0.2274 0.9621 0.1503
vn 0.6596 0.7268 0.1915
vn 0.9998 0.0179 0.0089
vn 0.9796 -0.1984 -0.0334
vn 0.9373 0.3051 -0.1687
vn -0.3809 0.8911 -0.2468
vn -0.7964 -0.4734 0.3765
vn 0.1690 -0.8673 0.4683
vn -0.5068 -0.7348 0.4508
vn -0.8652 -0.1201 0.4867
vn -0.8279 -0.0169 0.5606
vn 0.8980 -0.2344 0.3723
vn -0.8947 0.0960 0.4362
vn 0.1081 -0.9937 -0.0299
vn -0.1115 -0.6787 -0.7259
vn 0.6716 0.7361 0.0846
vn -0.1198 0.9883 -0.0948
vn 0.5534 0.1115 -0.8254
vn 0.0586 0.9935 -0.0978
vn 0.5628 0.4006 0.7230
vn 0.3998 0.6529 0.6434
vn 0.9417 0.0499 -0.3327
vn -0.7533 -0.6538 -0.0706
vn -0.9259 -0.3746 0.0478
vn -0.6778 0.7261 -0.1155
vn 0.9960 0.0743 0.0501
vn 0.9901 0.1319 -0.0481
vn -0.8952 0.4139 -0.1652
vn 0.7355 0.1253 -0.6658
vn 0.9887 -0.1319 -0.0712
vn -0.0875 0.9714 -0.2208
vn 0.0551 -0.7430 0.6670
vn 0.0361 -0.9450 0.3252
vn -0.5891 -0.7639 0.2633
vn -0.5508 -0.5230 0.6505
vn -0.9421 -0.3056 0.1383
vn 0.2591 0.1478 -0.9545
vn 0.1528 -0.3617 -0.9197
vn 0.0124 -0.3450 -0.9385
vn 0.7584 0.0511 -0.6498
vn -0.8614 -0.5066 0.0382
vn 0.9742 0.2155 -0.0671
vn -0.8888 -0.4398 -0.1290
vn -0.3939 -0.8021 -0.4489
vn 0.9553 -0.1794 0.2349
vn 0.4218 0.6278 -0.6542
vn 0.5920 -0.0202 -0.8057
vn -0.5595 0.8169 -0.1405
vn 0.8731 -0.0683 -0.4827
vn 0.0039 0.9929 0.1187
vn 0.8305 0.5535 -0.0621
vn -0.3817 -0.6435 -0.6634
vn -0.4326 -0.4328 -0.7909
vn 0.6114 0.7222 0.3235
vn -0.0877 0.9052 0.4159
vn -0.7952 0.1698 0.5821
vn 0.7585 0.5995 -0.2555
vn -0.8545 0.4806 -0.1973
vn -0.3656 -0.8579 0.3610
vn -0.5764 -0.5609 0.5943
vn 0.8500 -0.5154 0.1087
vn 0.6924 -0.5259 0.4939
vn 0.7895 -0.2771 0.5476
vn 0.8390 -0.2567 0.4799
vn -0.8627 -0.4284 0.2689
vn 0.4057 -0.2896 0.8669
vn 0.5888 -0.3000 0.7505
vn -0.4725 -0.6048 -0.6411
vn -0.5016 -0.8523 0.1482
vn -0.7904 0.5441 -0.2815
vn -0.7262 0.6395 -0.2526
vn -0.4921 -0.6363 -0.5941
vn -0.1977 0.6433 0.7397
vn -0.9730 -0.2281 0.0343
vn 0.2890 0.1111 0.9509
vn 0.2035 0.9052 0.3730
vn -0.4433 0.8877 -0.1249
vn 0.9224 0.3686 0.1154
vn 0.9491 0.3074 0.0688
vn -0.2676 0.9573 -0.1090
vn 0.1544 -0.8423 0.5164
vn -0.0042 0.6073 0.7945
vn -0.0653 -0.5249 0.8486
vn 0.4875 0.4085 0.7716
vn -0.4742 0.4313 0.7675
vn -0.2887 -0.4824 0.8270
vn -0.9295 -0.2927 0.2245
vn 0.7707 -0.2546 0.5842
vn 0.6895 -0.1745 0.7029
vn 0.5727 0.7376 -0.3577
vn 0.9022 -0.1485 0.4050
vn 0.7899 0.5923 0.1587
vn -0.3494 -0.8589 -0.3745
vn 0.1226 -0.9059 0.4054
vn 0.2499 -0.9113 -0.3274
vn -0.8870 0.1517 -0.4361
vn -0.4853 -0.4350 -0.7585
vn -0.1052 0.2963 -0.9493
vn -0.6800 -0.6309 -0.3735
vn -0.2903 0.9505 -0.1108
vn -0.1617 0.9830 -0.0873
vn 0.4375 0.8926 0.1088
vn -0.1184 0.7332 0.6696
vn 0.1781 0.6819 0.7094
vn -0.1384 -0.9128 0.3843
vn 0.3055 0.9346 -0.1823
vn -0.0134 0.9498 -0.3126
vn 0.0349 -0.5986 0.8003
vn -0.3907 -0.8982 0.2015
vn 0.2251 -0.7339 0.6408
vn -0.3378 -0.5832 0.7388
vn 0.4762 -0.4314 0.7662
vn -0.0464 0.7673 0.6396
vn -0.7186 -0.1338 0.6824
vn -0.6583 -0.2087 0.7232
vn -0.7208 -0.0989 0.6860
vn 0.4453 0.1158 0.8879
vn -0.3527 -0.8313 -0.4295
vn -0.9881 0.0970 0.1191
vn -0.8897 0.0042 0.4565
vn 0.7331 -0.6744 -0.0883
vn -0.8284 -0.1671 0.5347
vn 0.1106 0.9461 0.3043
vn 0.8455 0.0240 0.5334
vn -0.0305 0.6365 -0.7707
vn 0.7184 0.6957 0.0054
vn -0.3661 0.9304 -0.0146
vn 0.3293 0.8019 0.4986
vn 0.2905 0.8392 0.4597
vn 0.9826 0.1855 -0.0080
vn -0.9911 0.0502 0.1229
vn -0.8579 -0.4654 0.2179
vn 0.8664 -0.4603 0.1937
vn 0.1724 -0.8795 0.4436
vn 0.9056 -0.1901 0.3791
vn 0.9905 0.0888 0.1051
vn 0.6468 0.7530 -0.1205
vn -0.0203 0.9899 -0.1404
vn -0.4050 0.8677 -0.2884
vn -0.0842 -0.5993 0.7961
vn 0.0093 -0.6411 0.7674
vn 0.0793 -0.8954 0.4381
vn -0.1057 -0.8528 0.5115
vn -0.1115 -0.4949 0.8618
vn -0.2120 -0.6243 0.7519
vn -0.4412 -0.6589 0.6092
vn 0.6132 -0.4992 0.6123
vn 0.4318 -0.6423 0.6332
vn -0.8202 -0.5661 0.0823
vn 0.5702 -0.4727 0.6719
vn 0.2864 0.7905 -0.5413
vn -0.1368 0.1332 0.9816
vn 0.0164 0.5653 0.8247
vn -0.3588 0.3978 0.8444
vn -0.9219 0.2344 0.3085
vn 0.5680 0.2114 0.7954
vn 0.3325 -0.2754 0.9020
vn 0.3539 0.0171 0.9351
vn 0.6064 -0.2243 0.7628
vn 0.1827 0.3327 0.9252
vn -0.2402 0.0401 0.9699
vn 0.4075 0.2086 0.8890
vn -0.3562 -0.0618 0.9324
vn -0.4346 0.3045 0.8476
vn 0.6120 -0.0407 0.7898
vn 0.0594 -0.1164 0.9914
vn 0.7373 -0.0702 0.6719
vn 0.7797 -0.5520 -0.2955
vn -0.5088 -0.8353 -0.2083
vn -0.3588 0.8830 0.3026
vn 0.1105 -0.9919 -0.0634
vn 0.8054 -0.5800 -0.1222
vn 0.3890 -0.3015 0.8705
vn 0.9422 -0.2479 0.2252
vn 0.8477 0.4314 0.3087
vn -0.1473 0.9634 -0.2238
vn -0.5151 0.7008 -0.4935
vn -0.2436 0.9578 -0.1526
vn -0.6200 0.4425 0.6479
vn 0.2991 0.5864 0.7528
vn -0.1866 0.9824 -0.0088
vn 0.3199 0.9317 0.1720
vn 0.8528 -0.3499 -0.3877
vn -0.1729 0.5642 0.8073
vn -0.1008 -0.8955 -0.4335
vn -0.9266 0.3692 -0.0720
vn -0.3009 0.9491 -0.0931
vn -0.1409 -0.6029 0.7853
vn 0.1635 -0.5919 0.7893
vn 0.6914 -0.1700 0.7022
vn 0.5356 -0.2526 0.8058
vn -0.4236 -0.0847 0.9019
vn 0.6926 0.6297 0.3517
vn 0.1796 0.2857 0.9413
vn -0.1777 -0.6185 0.7654
vn 0.3491 -0.7616 0.5460
vn -0.3031 -0.9263 0.2240
vn 0.3865 -0.9118 0.1386
vn -0.8473 -0.4798 0.2277
vn -0.8142 -0.3155 0.4873
vn -0.1707 0.3870 0.9061
vn 0.3988 -0.3740 0.8373
vn -0.6005 -0.0193 0.7994
vn 0.6573 -0.0043 0.7536
vn -0.2007 -0.7153 0.6694
vn 0.3313 0.0537 0.9420
vn 0.7597 -0.2323 0.6074
vn 0.3616 0.1664 0.9174
vn 0.1668 -0.5124 0.8424
vn 0.2418 -0.2371 0.9409
vn -0.5659 0.4071 0.7170
vn -0.4177 0.5997 0.6825
vn -0.1323 0.4278 0.8942
vn -0.5507 -0.6328 -0.5444
vn -0.1876 -0.4826 -0.8555
vn -0.3136 -0.6155 -0.7230
vn 0.7104 0.1081 0.6955
vn 0.3477 -0.8194 -0.4558
vn 0.1652 -0.9858 0.0291
vn -0.0307 -0.2510 0.9675
vn 0.0392 -0.2138 0.9761
vn -0.7415 -0.3813 -0.5520
vn -0.3508 0.7947 -0.4953
vn -0.5436 0.3605 0.7580
vn -0.2665 0.4568 0.8487
vn 0.4043 0.5894 0.6994
vn -0.9471 -0.1634 0.2762
vn -0.1510 0.5570 0.8166
vn 0.9151 0.3070 0.2614
vn 0.2954 -0.8624 -0.4112
vn 0.9436 0.3080 0.1218
vn -0.6313 0.7597 -0.1560
vn 0.0271 0.9767 -0.2130
vn -0.1907 -0.4343 0.8803
vn 0.4539 -0.5363 0.7116
vn 0.4555 -0.4017 0.7944
vn 0.4557 -0.2350 0.8585
vn 0.0941 -0.0126 0.9955
vn -0.1843 0.2131 0.9595
vn 0.4675 -0.0489 0.8827
vn -0.1651 -0.0463 0.9852
vn 0.5298 -0.3577 0.7690
vn -0.4322 -0.0121 0.9017
vn -0.1341 -0.0680 0.9886
vn 0.0321 -0.1947 0.9803
vn -0.9096 0.0308 0.4142
vn 0.4900 0.0811 0.8679
vn -0.6607 -0.6451 0.3838
vn 0.0640 0.2091 0.9758
vn 0.2167 0.0328 0.9757
vn -0.0932 -0.0005 0.9956
vn 0.3545 -0.5445 0.7602
vn -0.1261 0.5400 0.8321
vn 0.0282 -0.4087 0.9122
vn -0.6590 -0.4455 -0.6061
vn -0.0688 -0.0916 0.9934
vn 0.1057 0.4334 0.8950
vn -0.1007 0.1130 0.9885
vn 0.9175 -0.1841 0.3525
vn -0.1611 -0.8745 0.4576
vn -0.7365 -0.6764 0.0094
vn -0.2107 -0.8854 -0.4143
vn 0.3153 -0.8048 -0.5029
vn 0.3247 -0.9083 0.2638
vn -0.0953 -0.2566 0.9618
vn -0.7337 -0.5235 -0.4331
vn -0.2199 -0.1323 0.9665
vn 0.2817 -0.4608 -0.8416
vn 0.9751 0.2187 0.0377
vn 0.7308 -0.3835 -0.5646
vn -0.8350 0.5372 0.1191
vn -0.5977 0.5978 -0.5342
vn 0.0281 0.3244 0.9455
vn 0.0225 0.6321 0.7746
vn -0.0585 0.6842 0.7269
vn 0.9729 -0.2099 0.0969
vn 0.9456 -0.1702 0.2774
vn 0.9916 -0.0194 0.1279
vn -0.4481 -0.7853 -0.4272
vn 0.9634 0.0757 0.2573
vn 0.8281 0.1102 0.5496
vn -0.0608 0.9920 -0.1102
vn -0.0054 0.9788 -0.2045
vn -0.2921 -0.1924 0.9368
vn -0.0251 -0.0927 0.9954
vn 0.2353 0.1014 0.9666
vn 0.5589 -0.2376 0.7945
vn 0.1553 0.9307 0.3311
vn 0.3287 -0.1262 0.9360
vn 0.0333 0.1101 0.9934
vn 0.4683 0.1729 0.8665
vn -0.0527 -0.9837 -0.1720
vn 0.7023 -0.6818 0.2047
vn -0.9758 0.1279 0.1775
vn -0.8651 -0.4812 0.1417
vn -0.4355 -0.8758 0.2081
vn 0.2920 0.0718 0.9537
vn -0.0890 -0.0645 0.9939
vn -0.6808 -0.2980 0.6691
vn -0.1199 0.9928 -0.0056
vn 0.0020 0.7744 0.6327
vn 0.3423 0.4236 0.8386
vn 0.0922 -0.0307 0.9953
vn 0.2591 -0.5870 0.7670
vn 0.3331 0.9069 0.2580
vn 0.7037 -0.1224 0.6998
vn -0.2486 0.8556 0.4540
vn -0.8848 -0.4604 -0.0722
vn -0.0650 -0.0433 0.9969
vn 0.3913 -0.8538 -0.3434
vn 0.0152 -0.6539 -0.7564
vn 0.6122 -0.7797 0.1316
vn 0.3721 0.2683 0.8886
vn -0.6310 0.7227 0.2821
vn -0.3867 0.8315 0.3989
vn 0.7790 0.4901 0.3912
vn 0.9374 0.3429 -0.0614
vn 0.0945 -0.1719 0.9806
vn 0.1667 -0.1554 0.9737
vn -0.1688 -0.1873 0.9677
vn 0.1807 0.2838 0.9417
vn 0.2146 -0.0656 0.9745
vn -0.4021 -0.2755 0.8732
vn 0.2950 -0.9325 0.2085
vn 0.0049 -0.0335 0.9994
vn 0.8196 -0.4234 0.3861
vn 0.5740 -0.1705 0.8009
vn 0.1116 -0.3111 0.9438
vn 0.1582 -0.5295 0.8334
vn 0.4939 0.6654 0.5597
vn 0.8997 0.2561 0.3534
vn 0.0973 -0.7067 -0.7008
vn 0.6011 -0.7251 -0.3360
vn 0.2764 -0.0762 0.9580
vn -0.2834 -0.2490 0.9261
vn -0.8658 -0.4749 -0.1580
vn 0.8719 0.3208 -0.3699
vn 0.8636 0.2539 0.4356
vn 0.1966 0.0013 0.9805
vn 0.4367 0.4064 0.8026
vn 0.1506 0.0802 0.9853
vn 0.0831 -0.1380 0.9869
vn -0.0488 0.1295 0.9904
vn 0.0996 0.3691 0.9240
vn 0.1847 0.2707 0.9448
vn 0.1483 0.5335 0.8327
vn -0.8706 -0.3136 0.3791
vn -0.0052 0.9857 -0.1686
vn 0.0106 -0.0274 0.9996
vn -0.9176 0.3278 0.2247
vn 0.4079 -0.3084 0.8594
vn 0.1238 -0.2079 0.9703
vn -0.8276 0.5529 0.0965
vn 0.5569 0.3590 0.7490
vn 0.8266 -0.0240 0.5623
vn 0.2125 -0.9767 -0.0284
vn -0.7251 0.6392 0.2562
vn 0.1818 -0.9806 -0.0734
vn 0.6134 -0.7206 0.3233
vn -0.5173 -0.8490 -0.1077
vn 0.0606 0.0290 0.9977
vn 0.9260 -0.1827 0.3305
vn 0.3404 0.9369 0.0797
vn -0.4294 -0.5060 0.7481
vn 0.5198 -0.7408 0.4255
vn -0.8675 -0.4005 -0.2951
vn 0.2193 0.1970 0.9556
vn 0.0266 -0.1128 0.9933
vn -0.6061 -0.6637 0.4384
vn 0.7860 0.2998 0.5407
vn 0.8851 -0.4654 -0.0076
vn 0.8568 0.1618 -0.4896
vn -0.5674 -0.5331 0.6276
vn 0.9248 -0.2598 0.2780
vn 0.2791 -0.1080 0.9542
vn 0.0478 0.1582 0.9862
vn -0.3010 -0.0736 0.9508
vn -0.8447 -0.5332 0.0462
vn -0.7302 -0.6426 0.2322
vn 0.4434 -0.2383 0.8641
vn -0.4925 0.7859 0.3738
vn 0.0767 0.9783 0.1923
vn 0.5641 -0.6537 -0.5044
vn -0.4442 0.4892 0.7506
vn -0.0250 0.9974 -0.0683
vn 0.0572 -0.1430 0.9881
vn 0.8081 -0.4944 0.3201
vn -0.1745 -0.5927 0.7863
vn -0.8393 0.4724 0.2693
vn 0.1694 -0.9333 0.3166
vn -0.7020 0.7093 0.0639
vn -0.1253 -0.3137 -0.9412
vn 0.7232 -0.2372 -0.6486
vn -0.5884 -0.8074 -0.0438
vn -0.0040 -0.1070 -0.9943
vn 0.6331 -0.6562 -0.4107
vn -0.1732 -0.7757 -0.6068
vn -0.4895 0.3121 0.8142
vn 0.6850 -0.0305 -0.7279
vn -0.8497 0.4975 0.1745
vn -0.7273 -0.6465 0.2304
vn 0.8450 -0.5089 0.1645
vn 0.8878 -0.4550 -0.0697
vn 0.4297 0.4408 0.7880
vn 0.7350 -0.1335 0.6648
vn -0.5026 0.5877 0.6340
vn -0.2871 0.9565 0.0518
vn -0.9944 -0.0700 0.0795
vn 0.9838 0.1741 0.0430
vn 0.0995 -0.9260 -0.3642
vn -0.4217 -0.9065 -0.0218
vn 0.1744 -0.0500 0.9834
vn -0.2347 -0.8272 0.5106
vn -0.1496 -0.9632 -0.2232
vn 0.0208 -0.9785 -0.2052
vn 0.0248 0.8992 -0.4369
vn 0.2704 -0.9280 -0.2564
vn -0.4363 -0.5634 0.7016
vn -0.9032 -0.2807 -0.3247
vn 0.1978 -0.5443 -0.8152
vn -0.4991 -0.4591 -0.7349
vn -0.9131 0.3180 -0.2552
vn 0.0654 -0.1146 0.9913
vn 0.1906 -0.8158 0.5460
vn 0.8267 0.2353 0.5110
vn 0.1733 -0.9311 0.3210
vn 0.8752 -0.4726 0.1030
vn -0.5566 0.8278 -0.0699
vn -0.2553 0.9617 -0.1001
vn -0.0263 0.9905 -0.1353
vn -0.3616 -0.8655 -0.3467
vn -0.8763 -0.3439 -0.3373
vn 0.9777 -0.0918 0.1890
vn 0.3148 -0.9375 0.1485
vn 0.1002 0.9889 0.1096
vn 0.9068 0.0148 -0.4214
vn 0.3068 -0.9518 -0.0028
vn -0.3726 -0.6962 -0.6136
vn 0.0643 -0.5121 -0.8565
vn -0.0735 -0.3112 -0.9475
vn 0.1736 -0.9264 -0.3341
vn -0.2501 -0.3054 -0.9188
vn -0.0308 -0.3251 -0.9452
vn -0.0103 -0.1286 -0.9916
vn 0.8408 0.2994 -0.4509
vn 0.4833 -0.0926 0.8706
vn 0.0266 -0.7552 0.6549
vn 0.7970 0.1938 -0.5721
vn 0.5161 0.0446 -0.8554
vn 0.0631 0.9955 -0.0714
vn -0.5349 0.6992 -0.4743
vn -0.1540 0.9878 0.0227
vn -0.6970 -0.1621 0.6985
vn 0.9936 -0.1119 -0.0185
vn -0.0253 0.9956 -0.0904
vn 0.1566 0.9864 -0.0493
vn -0.3921 -0.2603 -0.8823
vn -0.5740 0.4630 -0.6754
vn 0.5231 0.4097 -0.7474
vn -0.5173 -0.7614 -0.3907
vn -0.3144 -0.6026 -0.7334
vn 0.9589 -0.2075 0.1937
vn 0.8633 -0.4955 -0.0960
vn 0.5075 -0.8200 0.2648
vn 0.6303 -0.3715 0.6817
vn -0.7825 -0.6008 0.1636
vn -0.4599 -0.7447 -0.4836
vn -0.1804 -0.6023 -0.7777
vn 0.0535 -0.9206 -0.3868
vn 0.6619 0.3675 -0.6533
vn -0.4287 -0.8236 0.3713
vn 0.2768 -0.6204 -0.7338
vn -0.4769 -0.2386 -0.8459
vn 0.0366 -0.3460 -0.9375
vn 0.0021 -0.5133 -0.8582
vn 0.4614 -0.5372 -0.7061
vn 0.5958 0.3726 -0.7115
vn 0.1712 -0.7659 -0.6197
vn -0.4183 -0.8973 0.1412
vn 0.3441 0.0336 0.9383
vn -0.5956 0.7844 0.1730
vn 0.3512 0.4644 0.8130
vn 0.5270 0.2837 -0.8011
vn 0.8549 -0.1478 0.4974
vn -0.3200 -0.3457 0.8821
vn -0.9776 -0.1800 0.1095
vn 0.9860 0.1497 0.0731
vn -0.1700 -0.4673 -0.8676
vn -0.5425 -0.3439 -0.7664
vn 0.6746 -0.1361 -0.7255
vn -0.3876 -0.8258 0.4095
vn 0.4660 -0.8847 -0.0103
vn 0.7438 -0.5726 0.3448
vn -0.2259 -0.5307 -0.8169
vn -0.5012 0.1790 -0.8466
vn 0.1237 -0.8361 -0.5345
vn 0.4261 -0.5259 -0.7361
vn -0.9969 -0.0727 0.0295
vn 0.2757 -0.7589 -0.5899
vn 0.1829 -0.2712 -0.9450
vn -0.6012 0.7581 -0.2528
vn 0.0788 0.2615 -0.9620
vn -0.2725 0.5940 -0.7570
vn -0.0029 0.7181 -0.6959
vn 0.8453 0.5071 0.1680
vn -0.6810 0.0799 -0.7279
vn -0.9857 -0.1051 0.1313
vn -0.3868 -0.8849 0.2596
vn -0.1469 -0.9339 -0.3260
vn -0.4441 -0.3070 -0.8417
vn -0.0397 0.2079 -0.9773
vn 0.6814 0.4093 -0.6068
vn 0.3007 -0.4670 -0.8315
vn 0.0244 -0.9655 -0.2594
vn -0.1907 -0.7107 -0.6772
vn 0.8216 0.5549 0.1307
vn 0.1371 -0.9678 0.2111
vn 0.0007 -0.9988 -0.0498
vn -0.0593 -0.0748 -0.9954
vn -0.3571 0.7258 -0.5880
vn -0.5316 -0.7069 -0.4665
vn -0.3895 -0.8288 -0.4017
vn -0.3572 -0.9241 -0.1361
vn 0.7381 -0.1842 0.6491
vn 0.8225 -0.4704 0.3197
vn 0.1169 0.9589 -0.2586
vn -0.6411 -0.7466 -0.1775
vn 0.3606 -0.6962 -0.6207
vn -0.3505 -0.3330 -0.8753
vn -0.3752 0.9214 0.1010
vn -0.3318 -0.3913 -0.8584
vn -0.5153 0.8560 -0.0408
vn -0.0995 0.4700 0.8770
vn -0.7188 0.6590 0.2215
vn 0.2806 -0.5102 -0.8130
vn -0.0154 -0.3703 -0.9288
vn 0.1544 -0.5500 -0.8208
vn -0.4867 0.8735 -0.0063
vn -0.4083 -0.8921 -0.1933
vn 0.7015 -0.6626 -0.2626
vn -0.9757 -0.1107 -0.1889
vn 0.1548 -0.9701 0.1870
vn -0.6392 -0.7220 -0.2649
vn 0.1394 -0.9055 -0.4008
vn -0.9150 -0.0062 -0.4034
vn -0.6796 0.5126 -0.5248
vn -0.1056 0.8489 -0.5180
vn 0.8828 0.0093 -0.4697
vn 0.0430 -0.9762 0.2124
vn 0.4394 -0.8561 -0.2720
vn -0.2366 -0.9172 -0.3205
vn 0.1092 -0.7237 -0.6814
vn -0.5245 -0.7385 -0.4238
vn -0.1578 -0.0897 -0.9834
vn -0.1509 -0.4503 -0.8800
vn 0.1456 -0.0385 -0.9886
vn 0.0256 0.1520 -0.9880
vn 0.7114 0.6374 -0.2960
vn 0.1588 -0.9566 -0.2442
vn -0.0411 -0.5531 -0.8321
vn -0.1967 -0.3402 -0.9195
vn -0.0472 -0.0102 -0.9988
vn -0.3953 -0.5917 -0.7025
vn -0.6118 -0.0663 -0.7882
vn -0.0283 -0.8768 -0.4799
vn 0.8893 -0.4096 0.2034
vn 0.3221 -0.2561 -0.9114
vn -0.4100 0.1704 -0.8960
vn -0.4306 0.6108 -0.6644
vn -0.4534 0.8012 -0.3906
vn -0.0076 -0.0572 -0.9983
vn 0.6516 0.7399 0.1675
vn 0.3393 -0.4989 -0.7975
vn 0.9685 -0.0124 0.2487
vn 0.9750 0.1921 0.1118
vn 0.9815 -0.1050 0.1602
vn -0.1673 -0.8062 -0.5675
vn -0.2157 -0.0741 -0.9736
vn -0.0960 -0.1743 -0.9800
vn 0.1124 0.4503 -0.8858
vn 0.2273 -0.4840 -0.8450
vn -0.6749 -0.1162 -0.7287
vn -0.1506 0.4957 -0.8553
vn 0.8920 0.0340 -0.4508
vn -0.0455 -0.1950 -0.9797
vn 0.0418 0.5997 -0.7992
vn -0.3068 -0.9451 0.1130
vn -0.3061 -0.9466 -0.1016
vn 0.3639 0.6095 -0.7043
vn 0.7750 0.5469 -0.3166
vn -0.6236 -0.4093 -0.6661
vn -0.4295 -0.8609 0.2729
vn -0.2743 -0.6873 -0.6726
vn -0.6132 -0.6173 -0.4928
vn 0.1559 -0.5408 -0.8266
vn 0.2567 -0.4344 -0.8633
vn 0.2233 -0.0342 -0.9741
vn 0.7922 -0.2810 -0.5418
vn 0.4936 0.8596 0.1320
vn 0.6418 0.7669 -0.0024
vn -0.6954 -0.7184 0.0177
vn 0.0724 -0.9900 -0.1212
vn -0.1235 -0.2216 -0.9673
vn 0.3007 0.4130 -0.8597
vn 0.4018 0.5586 -0.7256
vn -0.0285 -0.9520 -0.3047
vn 0.6916 -0.6143 -0.3801
vn -0.1139 -0.5839 -0.8038
vn -0.1506 -0.5584 -0.8158
vn -0.1333 -0.6123 -0.7793
vn -0.2928 0.5336 -0.7934
vn 0.1428 -0.5669 -0.8113
vn 0.0528 0.1953 -0.9793
vn -0.9414 0.1570 0.2984
vn -0.4181 0.6091 0.6740
vn -0.1757 0.6217 -0.7633
vn 0.0772 -0.3898 -0.9177
vn 0.8889 0.0830 0.4506
vn 0.9956 0.0858 0.0387
vn -0.1151 0.9915 -0.0602
vn -0.4028 0.8896 0.2154
vn 0.2431 0.9599 -0.1399
vn -0.6337 -0.6110 0.4745
vn 0.8756 -0.1796 -0.4484
vn 0.2765 -0.9559 -0.0994
vn -0.3656 -0.8791 -0.3058
vn 0.1162 -0.6352 -0.7635
vn 0.3010 -0.0169 -0.9535
vn -0.5706 0.5639 -0.5970
vn 0.6117 0.1971 -0.7661
vn -0.5220 0.8211 0.2307
vn 0.2881 0.9548 -0.0732
vn -0.4067 0.3726 -0.8341
vn 0.0622 -0.9820 0.1784
vn -0.3076 -0.9400 0.1476
vn -0.6762 -0.4104 -0.6118
vn 0.4328 -0.0444 -0.9004
vn 0.4044 -0.7968 -0.4489
vn 0.6752 -0.6475 -0.3532
vn -0.0222 -0.8465 -0.5320
vn 0.5206 0.4562 -0.7217
vn -0.0650 0.4298 -0.9006
vn 0.5053 -0.7749 -0.3797
vn 0.2653 0.6259 -0.7334
vn -0.1086 -0.5484 -0.8292
vn 0.0421 -0.8013 -0.5968
vn -0.2332 0.1444 0.9616
vn -0.0681 -0.7733 0.6304
vn -0.1902 -0.5322 0.8250
vn 0.6981 -0.4474 -0.5591
vn 0.2576 -0.9457 0.1984
vn -0.4849 -0.1739 0.8571
vn -0.4188 0.2245 0.8799
vn 0.9691 0.2266 -0.0979
vn -0.6291 -0.6118 0.4795
vn -0.5647 0.5880 0.5791
vn 0.2360 -0.4760 -0.8472
vn -0.1606 -0.6026 -0.7817
vn -0.4368 -0.8280 -0.3515
vn 0.9249 -0.3696 -0.0891
vn -0.4697 -0.8440 0.2588
vn -0.9618 0.2730 0.0190
vn -0.1842 -0.1781 -0.9666
vn -0.3902 0.9207 0.0089
vn -0.4299 0.7984 0.4217
vn -0.9787 0.1485 0.1420
vn 0.9090 0.3754 0.1809
vn 0.1664 0.5024 -0.8485
vn -0.2464 0.4984 0.8312
vn 0.0750 -0.4251 -0.9020
vn -0.6914 0.7224 -0.0114
vn -0.4962 0.8609 -0.1121
vn -0.4748 0.5366 -0.6976
vn 0.4612 -0.6163 0.6383
vn 0.9611 -0.0462 0.2723
vn 0.0112 -0.9984 -0.0559
vn -0.2836 -0.9535 0.1016
vn 0.2743 0.8984 -0.3430
vn 0.2775 -0.4837 0.8301
vn -0.7237 0.1053 0.6820
vn 0.9522 -0.3054 -0.0091
vn -0.0700 -0.9974 0.0157
vn -0.0095 -0.6758 -0.7370
vn 0.9375 -0.1847 0.2949
vn 0.6684 -0.7350 -0.1144
vn -0.1799 -0.3575 -0.9164
vn 0.6976 -0.7095 -0.1000
vn -0.0124 -0.6007 0.7994
vn -0.0806 -0.9531 0.2917
vn 0.0373 -0.8987 -0.4369
vn 0.2955 -0.9493 0.1073
vn -0.2428 -0.4092 -0.8795
vn 0.5468 -0.3493 -0.7609
vn 0.3835 0.2481 -0.8896
vn -0.9894 -0.0542 -0.1344
vn -0.7447 -0.6153 0.2585
vn 0.9995 0.0263 0.0180
vn -0.6050 -0.7029 0.3739
vn -0.1910 0.9290 -0.3171
vn 0.1176 0.9819 -0.1484
vn -0.9105 0.2752 0.3088
vn -0.0096 -0.6758 -0.7371
vn 0.1494 -0.9805 -0.1278
vn 0.9906 0.0401 0.1305
vn 0.0948 -0.9939 -0.0561
vn -0.0651 -0.9979 -0.0010
vn -0.0416 -0.9904 0.1318
vn 0.9734 -0.1575 0.1662
vn -0.0503 -0.5408 0.8397
vn 0.6706 -0.7418 0.0045
vn -0.6105 -0.7807 0.1333
vn -0.8596 -0.0140 0.5107
vn 0.6079 -0.7081 -0.3592
vn 0.0821 0.4389 -0.8948
vn -0.1499 -0.2556 -0.9551
vn -0.0596 0.5020 -0.8628
vn 0.4250 -0.7953 -0.4323
vn 0.4449 -0.5443 -0.7112
vn -0.9504 0.2463 0.1899
vn 0.7611 0.6358 -0.1285
vn -0.1170 0.8943 0.4318
vn 0.5255 0.8501 0.0341
vn -0.1745 -0.9493 0.2614
vn -0.2674 -0.9611 0.0700
vn -0.3286 -0.9125 0.2437
vn -0.0110 -0.9664 0.2568
vn 0.3736 -0.7191 0.5859
vn 0.6610 -0.7215 0.2063
vn -0.1538 -0.9874 0.0382
vn -0.8425 0.3447 0.4139
vn -0.0753 -0.4005 -0.9132
vn 0.0041 -0.9417 -0.3365
vn 0.4201 -0.2835 -0.8621
vn -0.3714 -0.1239 -0.9202
vn 0.2202 -0.1789 -0.9589
vn -0.6550 -0.7472 0.1125
vn 0.1309 -0.9015 0.4125
vn 0.8812 0.4198 -0.2176
vn 0.1980 -0.4283 -0.8817
vn -0.5418 0.7917 -0.2822
vn 0.0324 -0.6811 0.7315
vn 0.9605 -0.2393 -0.1420
vn 0.2012 -0.2172 -0.9552
vn -0.4308 0.7110 -0.5557
vn 0.5029 -0.6860 -0.5258
vn 0.6302 -0.6602 -0.4086
vn 0.0712 -0.5434 0.8365
vn 0.1047 -0.8383 -0.5350
vn 0.0198 -0.6958 0.7180
vn 0.2087 0.5857 0.7832
vn -0.0966 0.1195 -0.9881
vn -0.2708 0.8927 0.3602
vn -0.5471 0.2066 0.8111
vn 0.1797 -0.4896 0.8532
vn -0.8795 -0.4664 0.0947
vn -0.3070 -0.8472 0.4335
vn 0.6600 -0.6359 0.4001
vn 0.0116 0.9947 0.1024
vn 0.3172 0.9480 -0.0273
vn 0.4554 0.8759 0.1596
vn -0.3868 0.8317 -0.3982
vn 0.6756 -0.7347 -0.0612
vn -0.0541 -0.6639 0.7459
vn 0.4763 -0.3561 -0.8039
vn -0.5221 -0.8504 0.0649
vn 0.1769 -0.9168 0.3580
vn -0.1274 -0.9712 -0.2014
vn 0.5991 -0.6987 -0.3909
vn 0.1035 -0.7232 0.6829
vn -0.3946 -0.9182 -0.0343
vn 0.3092 -0.8871 -0.3427
vn -0.8250 0.4810 0.2969
vn -0.6908 0.7222 -0.0334
vn -0.2133 0.9770 0.0004
vn 0.4307 -0.3026 0.8503
vn 0.2955 -0.9105 0.2891
vn 0.1820 -0.9752 0.1261
vn -0.5381 -0.8282 0.1568
vn -0.4049 -0.6302 0.6626
vn 0.2037 -0.9424 0.2651
vn -0.0395 0.3488 0.9364
vn -0.5774 0.7845 0.2263
vn 0.0722 -0.9852 -0.1557
vn -0.1693 -0.9312 0.3227
vn -0.1813 -0.8362 0.5176
vn -0.3140 -0.1604 0.9358
vn -0.6715 -0.5564 0.4894
vn 0.4767 -0.3188 -0.8192
vn -0.4800 -0.7158 0.5072
vn 0.3394 -0.9157 -0.2150
vn 0.4480 -0.4500 0.7725
vn -0.9107 -0.0588 0.4089
vn -0.0399 -0.7318 0.6803
vn -0.5800 -0.7002 0.4163
vn 0.1154 -0.9335 -0.3395
vn -0.5397 -0.6043 -0.5861
vn 0.1303 -0.8032 -0.5814
vn 0.2681 -0.7952 -0.5439
vn -0.4704 -0.5857 0.6601
vn 0.8175 -0.2011 0.5397
vn 0.4612 -0.8497 0.2555
vn 0.6787 0.6890 0.2541
vn -0.6095 0.2874 0.7389
vn 0.2322 -0.5583 0.7965
vn 0.5644 0.7102 0.4209
vn 0.9141 -0.3998 0.0683
vn -0.1134 0.9839 0.1384
vn -0.0393 0.9992 -0.0067
vn -0.3790 -0.8843 0.2729
vn -0.4507 -0.8890 0.0807
vn -0.6385 -0.1199 0.7602
vn 0.0987 -0.9951 -0.0030
vn 0.2554 -0.9350 0.2462
vn -0.1941 -0.8224 0.5347
vn 0.1026 -0.8323 0.5447
vn -0.1226 -0.7532 0.6462
vn 0.1546 0.9619 0.2257
vn 0.4943 0.6586 0.5674
vn -0.2887 0.0001 0.9574
vn -0.1753 -0.9704 0.1664
vn 0.2915 -0.8957 -0.3358
vn 0.4165 -0.8756 0.2448
vn 0.4443 0.5601 0.6992
vn 0.4704 -0.6861 -0.5550
vn -0.2066 -0.9774 0.0440
vn -0.6170 -0.5026 0.6055
vn -0.9985 0.0152 0.0518
vn -0.4990 -0.7319 0.4639
vn 0.2309 -0.9089 0.3471
vn -0.0945 -0.7274 0.6797
vn -0.4174 0.5244 0.7421
vn 0.6704 -0.6898 -0.2732
vn 0.4133 0.0727 0.9077
vn -0.8410 -0.4437 0.3095
vn 0.2673 -0.6316 0.7278
vn 0.2817 -0.8690 -0.4067
vn -0.0818 0.4619 0.8832
vn -0.5499 -0.3989 0.7339
vn -0.4150 -0.9091 0.0378
vn -0.1589 0.3315 0.9300
vn -0.4609 -0.8714 0.1683
vn -0.8679 -0.2595 0.4235
vn -0.8529 0.4526 0.2602
vn -0.6646 0.7445 0.0634
vn -0.0828 0.9965 -0.0126
vn -0.3827 -0.4329 0.8162
vn -0.4077 -0.7090 0.5754
vn 0.7993 -0.2479 0.5474
vn -0.5382 0.8355 -0.1103
vn -0.2017 0.5595 -0.8039
vn 0.1512 0.5927 0.7911
vn 0.8631 0.3536 0.3605
vn 0.0930 -0.8757 0.4738
vn 0.9180 0.3274 0.2239
vn 0.5079 -0.5176 0.6886
vn 0.0901 0.9958 -0.0167
vn 0.3177 0.5487 -0.7733
vn -0.4918 -0.7222 0.4863
vn 0.1902 0.5045 0.8422
vn 0.3725 -0.2720 -0.8872
vn 0.6165 -0.5978 -0.5125
vn 0.9915 0.1293 0.0149
vn 0.5802 -0.1765 0.7951
vn 0.7507 -0.6594 0.0408
vn 0.5575 -0.4083 -0.7228
vn 0.0748 -0.9838 0.1626
vn -0.8168 0.4317 0.3827
vn -0.1438 -0.8891 -0.4345
vn 0.4871 -0.7690 0.4139
vn 0.0559 -0.0323 0.9979
vn 0.8706 -0.3800 -0.3124
vn -0.9425 -0.0891 0.3221
vn 0.4949 -0.3933 -0.7748
vn -0.6862 -0.7270 -0.0253
vn -0.4606 -0.7270 0.5092
vn 0.7369 -0.4013 0.5440
vn 0.7762 0.6300 0.0268
vn 0.9838 -0.1793 0.0073
vn -0.6622 -0.7480 -0.0448
vn -0.5262 0.8489 0.0494
vn 0.4616 0.8057 0.3713
vn -0.9601 0.2756 0.0464
vn -0.9926 -0.1143 0.0416
vn -0.7507 0.6581 -0.0580
vn -0.9559 0.2901 -0.0466
vn 0.9730 0.2295 -0.0247
vn -0.0915 -0.8040 0.5876
vn 0.1299 -0.9233 0.3615
vn 0.0450 -0.8418 0.5379
vn -0.0585 -0.9963 -0.0633
vn 0.1392 -0.7782 0.6123
vn -0.2482 0.2811 0.9270
vn -0.6935 0.5883 0.4159
vn -0.5732 0.7445 -0.3422
vn 0.8746 0.4842 -0.0230
vn -0.2425 -0.6557 0.7150
vn -0.2104 0.2039 0.9561
vn -0.4072 -0.3197 0.8556
vn -0.0567 -0.9917 0.1150
vn -0.2641 -0.7736 0.5761
vn 0.4657 0.5848 0.6642
vn -0.2772 -0.9179 0.2839
vn -0.0523 -0.0163 0.9985
vn 0.0628 -0.9157 0.3969
vn 0.3511 -0.9217 -0.1652
vn 0.2951 -0.8024 -0.5187
vn -0.0899 0.1879 0.9781
vn -0.7355 -0.6746 0.0628
vn -0.6890 -0.4187 0.5915
vn 0.6231 0.6192 0.4778
vn -0.4281 -0.7950 0.4297
vn 0.5324 -0.7816 -0.3252
vn 0.5117 -0.6938 0.5068
vn 0.1530 0.9863 -0.0609
vn 0.4978 -0.0213 0.8670
vn -0.4737 0.8792 -0.0505
vn 0.8813 -0.3035 0.3622
vn -0.0042 0.9997 -0.0238
vn 0.4622 -0.8405 -0.2828
vn 0.1827 -0.9364 0.2995
vn -0.5562 -0.5824 0.5928
vn 0.0369 0.1046 0.9938
vn -0.0222 0.9339 0.3569
vn -0.5157 0.1795 0.8378
vn -0.3295 -0.6752 0.6599
vn 0.4518 0.8819 -0.1347
vn -0.0616 -0.6938 0.7176
vn -0.3232 -0.2483 0.9132
vn -0.9985 0.0152 0.0520
vn 0.7566 -0.0315 -0.6531
vn -0.2619 -0.5721 0.7772
vn 0.8121 -0.3145 -0.4916
vn -0.9669 -0.1452 -0.2097
vn 0.9052 -0.4172 -0.0807
vn 0.4912 0.0424 -0.8700
vn -0.7557 -0.3385 -0.5606
vn 0.0196 -0.8233 0.5673
vn -0.1473 -0.7728 0.6173
vn 0.6548 0.0116 0.7557
vn 0.1072 -0.7845 0.6108
vn 0.4060 -0.8530 0.3280
vn -0.9707 -0.1732 -0.1663
vn 0.1046 -0.9304 -0.3513
vn -0.2711 -0.7955 0.5418
vn 0.2712 -0.5667 0.7780
vn -0.7522 -0.3563 0.5543
vn -0.3726 -0.9028 -0.2148
vn -0.6734 0.7326 -0.0991
vn 0.9838 0.0277 0.1772
vn -0.4841 -0.1898 0.8542
vn 0.8866 0.3975 0.2364
vn -0.8374 0.5380 -0.0968
vn -0.8659 0.3937 -0.3085
vn -0.6433 0.6602 -0.3877
vn -0.1014 0.8989 -0.4262
vn -0.0162 0.9994 -0.0303
vn 0.0141 0.9999 -0.0047
vn 0.1708 -0.5909 0.7885
vn -0.0499 -0.6983 0.7140
vn 0.9169 -0.2204 0.3327
vn -0.1538 -0.1468 0.9771
vn -0.1170 -0.0459 0.9921
vn 0.2463 -0.5383 0.8060
vn -0.3121 0.6020 0.7350
vn 0.4084 -0.7349 -0.5414
vn -0.4646 -0.8027 -0.3739
vn 0.0706 -0.5452 -0.8353
vn -0.7179 -0.6512 0.2461
vn 0.6421 -0.6509 0.4049
vn -0.4937 -0.8347 0.2441
vn 0.2390 -0.7773 0.5820
vn 0.9248 0.0970 0.3678
vn 0.1783 -0.7174 0.6735
vn -0.9179 0.3176 0.2381
vn -0.3579 -0.9319 0.0589
vn 0.1918 -0.9814 -0.0011
vn -0.2902 -0.9074 -0.3040
vn 0.1704 -0.6262 0.7608
vn -0.0941 -0.5028 0.8593
vn -0.1280 0.0073 0.9917
vn 0.8568 -0.5155 0.0165
vn -0.9293 -0.3097 0.2014
vn 0.6068 -0.0965 0.7890
vn -0.4550 0.5615 0.6911
vn 0.4411 0.3946 0.8060
vn -0.2582 -0.2361 0.9368
vn -0.7859 0.0206 0.6180
vn 0.5717 0.7125 0.4069
vn -0.8345 0.5081 0.2130
vn 0.3131 0.8563 -0.4107
vn -0.5038 0.7501 0.4285
vn -0.8579 -0.5133 -0.0224
vn -0.0366 0.9240 -0.3807
vn -0.2396 0.9709 0.0008
vn 0.0158 -0.2251 0.9742
vn -0.7035 -0.6096 0.3652
vn -0.6031 -0.7905 0.1066
vn 0.3247 -0.8592 0.3954
vn -0.4850 0.7093 -0.5115
vn 0.8763 0.3423 -0.3389
vn 0.8242 -0.4101 0.3905
vn 0.2798 -0.8858 -0.3703
vn -0.6150 -0.3216 0.7199
vn -0.0017 -0.9776 -0.2103
vn -0.1327 -0.9870 -0.0906
vn -0.3496 -0.6588 0.6662
vn -0.5544 -0.2807 0.7835
vn -0.3659 -0.3580 0.8590
vn 0.5773 -0.7944 0.1886
vn 0.3613 -0.2044 0.9098
vn 0.3216 0.3944 0.8608
vn 0.8833 0.0720 -0.4633
vn 0.3871 -0.8915 0.2352
vn 0.0485 -0.4508 0.8913
vn 0.4633 -0.6286 -0.6247
vn 0.1031 -0.6763 0.7293
vn 0.3123 0.7189 0.6211
vn 0.1964 0.6173 0.7618
vn -0.4167 0.8558 0.3065
vn 0.3523 -0.5592 0.7505
vn 0.6184 0.6357 0.4620
vn -0.2928 0.5294 0.7963
vn 0.3294 0.2049 0.9217
vn 0.4782 0.7055 0.5231
vn -0.3920 0.2034 0.8972
vn 0.0453 -0.1824 0.9822
vn -0.3181 0.0666 0.9457
vn -0.0408 -0.4631 0.8854
vn -0.4202 -0.6974 0.5806
vn 0.0208 0.3049 0.9522
vn -0.4216 -0.7732 0.4738
vn -0.0339 -0.5188 0.8542
vn -0.1601 0.2662 0.9505
vn 0.1089 -0.8103 0.5758
vn 0.3075 -0.9209 0.2397
vn 0.2648 -0.9185 0.2937
vn -0.7992 0.4969 -0.3382
vn 0.6044 -0.7029 0.3752
vn -0.9640 0.0120 -0.2655
vn -0.6460 0.2440 -0.7233
vn 0.9953 -0.0963 0.0054
vn 0.9963 0.0865 -0.0010
vn 0.9950 0.0995 -0.0029
vn 0.9876 0.1288 0.0895
vn -0.3722 0.9281 0.0037
vn -0.0280 0.9994 -0.0198
vn -0.3734 -0.8541 -0.3619
vn 0.6974 -0.7054 -0.1270
vn -0.6470 0.6450 0.4067
vn -0.7936 0.2024 0.5737
vn 0.2963 0.5202 0.8010
vn 0.7878 0.6149 0.0363
vn 0.3001 0.1933 -0.9341
vn -0.5751 0.2013 -0.7929
vn -0.5329 -0.8403 0.0990
vn 0.8272 -0.1308 -0.5464
vn -0.0078 -0.3364 0.9417
vn -0.9104 -0.4115 0.0425
vn 0.3681 -0.7404 0.5624
vn 0.8351 -0.4377 -0.3332
vn -0.0894 -0.5962 0.7978
vn 0.3056 -0.5397 0.7844
vn -0.2413 -0.5622 0.7910
vn 0.1762 -0.7428 0.6459
vn 0.3524 -0.5590 0.7505
vn -0.0941 -0.5026 0.8594
vn -0.0412 -0.9991 0.0032
vn -0.0786 -0.7851 -0.6144
vn -0.8711 0.4722 -0.1350
vn -0.6145 -0.6614 0.4301
vn 0.2685 0.4144 0.8696
vn 0.5417 -0.5217 0.6591
vn 0.5529 -0.8072 0.2066
vn 0.3528 0.3416 0.8711
vn -0.1987 -0.7368 0.6462
vn 0.8263 0.4819 0.2916
vn 0.9447 0.0267 0.3268
vn -0.5697 -0.8124 -0.1238
vn 0.0764 -0.9673 0.2420
vn -0.7158 -0.0426 0.6970
vn 0.8567 0.0683 -0.5113
vn 0.7636 0.6393 0.0905
vn 0.9828 0.1165 -0.1436
vn -0.4838 0.8695 0.0998
vn -0.9924 0.1063 -0.0618
vn 0.6841 -0.7021 0.1976
vn -0.0102 -0.6560 0.7547
vn 0.0379 -0.9464 0.3209
vn -0.9066 -0.0750 -0.4153
vn 0.2681 -0.4925 0.8280
vn -0.4573 -0.8157 -0.3543
vn -0.7079 -0.4544 -0.5407
vn 0.8043 -0.5940 -0.0151
vn 0.9988 0.0230 0.0430
vn 0.8712 -0.0984 -0.4809
vn 0.5692 -0.2530 0.7823
vn -0.3512 -0.6179 0.7034
vn -0.1981 -0.1133 -0.9736
vn -0.6963 -0.5909 0.4075
vn 0.3326 -0.3101 0.8906
vn -0.1731 0.9739 0.1467
vn 0.2881 -0.9530 0.0933
vn 0.2903 -0.7417 -0.6046
vn -0.0783 -0.3563 0.9311
vn 0.0280 -0.9642 0.2637
vn 0.1304 -0.8692 0.4770
vn -0.1951 0.8135 0.5478
vn -0.1399 0.9111 0.3877
vn 0.8103 0.5861 -0.0001
vn 0.3611 -0.4030 0.8409
vn 0.9599 -0.1136 -0.2563
vn -0.9111 -0.0060 0.4120
vn -0.2874 -0.8764 0.3864
vn 0.2619 -0.7672 0.5855
vn 0.6486 0.7420 0.1694
vn 0.9315 0.3343 0.1437
vn -0.5549 -0.1989 -0.8078
vn -0.8849 0.3964 -0.2444
vn -0.4750 0.7978 0.3712
vn -0.7171 0.5139 -0.4709
vn -0.3692 -0.0647 0.9271
vn -0.3021 -0.8676 -0.3950
vn 0.2969 0.0686 0.9524
vn -0.0034 -0.8455 0.5340
vn -0.9635 -0.0008 0.2678
vn -0.5004 -0.6891 -0.5241
vn -0.0309 -0.2531 0.9669
vn -0.3898 -0.9184 -0.0682
vn -0.7725 -0.6350 0.0052
vn 0.7896 0.5507 0.2708
vn -0.0012 -0.6837 0.7298
vn -0.0095 -0.4898 0.8718
vn -0.7406 -0.6681 -0.0718
vn 0.1210 0.9915 -0.0480
vn -0.4442 0.1274 0.8868
vn 0.9325 -0.3590 0.0400
vn -0.5186 -0.3146 -0.7950
vn -0.9964 0.0833 -0.0142
vn 0.1853 0.9827 -0.0046
vn -0.4775 -0.7127 0.5139
vn -0.4387 -0.8357 -0.3304
vn 0.0457 0.9629 0.2658
vn -0.5625 -0.2309 0.7939
vn 0.9239 0.1935 -0.3300
vn -0.9006 -0.4316 0.0505
vn 0.6135 -0.2779 0.7392
vn 0.6243 0.6976 -0.3516
vn -0.6913 -0.7222 0.0208
vn 0.8265 0.1936 -0.5286
vn 0.5084 -0.6007 -0.6170
vn -0.3965 -0.7685 0.5021
vn 0.8049 -0.5643 0.1835
vn -0.3164 0.7384 0.5955
vn 0.2714 -0.8318 -0.4842
vn 0.1502 0.8971 0.4155
vn -0.6869 -0.6311 0.3605
vn -0.1771 -0.9676 -0.1798
vn 0.9912 -0.1322 0.0016
vn 0.0597 -0.7017 -0.7100
vn -0.9930 -0.0210 0.1161
vn 0.8742 0.4602 0.1549
vn -0.1255 -0.8562 -0.5012
vn -0.0342 0.9994 0.0007
vn -0.4502 -0.8505 -0.2720
vn 0.9803 0.1300 0.1489
vn -0.2351 0.3843 -0.8928
vn -0.2442 -0.9648 -0.0979
vn -0.2803 -0.8956 0.3454
vn 0.9026 0.0072 -0.4304
vn 0.3235 -0.9408 0.1013
vn 0.4574 -0.7954 -0.3976
vn 0.8451 0.2554 0.4697
vn 0.1735 -0.1908 -0.9662
vn 0.1430 -0.6393 0.7555
vn -0.8638 -0.4011 0.3049
vn -0.2776 -0.8397 -0.4667
vn -0.6279 -0.7428 -0.2325
vn -0.4237 -0.8887 0.1752
vn 0.0978 -0.9374 -0.3344
vn -0.2437 -0.5278 -0.8137
vn 0.8428 -0.4685 -0.2648
vn -0.4224 -0.5084 -0.7504
vn -0.4844 -0.6605 -0.5736
vn -0.2480 -0.4687 0.8478
vn 0.1277 -0.4147 -0.9010
vn -0.5116 0.8532 0.1014
vn -0.9698 -0.0482 -0.2391
vn -0.8348 0.5506 0.0031
vn -0.1364 -0.9270 0.3493
vn 0.0639 -0.9972 -0.0400
vn -0.4602 -0.8761 -0.1438
vn -0.7753 -0.3912 -0.4959
vn 0.7929 -0.5536 0.2547
vn -0.5975 -0.3862 0.7027
vn 0.3207 -0.6925 0.6463
vn 0.3694 0.9255 0.0832
vn -0.7686 0.5386 -0.3452
vn 0.7407 0.6395 0.2061
vn -0.3092 -0.4852 0.8179
vn -0.9916 0.1286 0.0147
vn 0.6789 -0.6074 -0.4124
vn -0.2981 -0.9541 -0.0295
vn -0.9879 0.1234 -0.0942
vn -0.0088 -0.9988 -0.0475
vn -0.7326 0.0795 -0.6760
vn 0.5545 -0.7424 -0.3760
vn 0.0258 -0.9701 0.2415
vn -0.2525 0.9670 0.0352
vn 0.9488 0.3147 0.0267
vn 0.1292 -0.7119 -0.6903
vn 0.3271 0.4663 0.8219
vn 0.1114 -0.9443 0.3098
vn 0.8126 -0.5085 0.2849
vn -0.8455 0.3555 -0.3983
vn 0.9936 0.0534 0.0995
vn 0.0427 -0.9785 -0.2017
vn -0.7776 -0.6032 -0.1772
vn -0.3649 -0.9182 0.1543
vn 0.9878 0.1386 -0.0705
vn 0.0071 1.0000 0.0057
vn -0.9156 -0.2469 -0.3173
vn -0.3195 -0.8620 -0.3936
vn 0.2486 -0.2096 0.9457
vn 0.1888 -0.9180 -0.3487
vn -0.3027 -0.4832 -0.8215
vn 0.0512 0.5477 -0.8351
vn 0.0256 -0.9985 0.0478
vn -0.7884 -0.0395 -0.6139
vn 0.3678 -0.8281 -0.4230
vn 0.0854 -0.6931 -0.7158
vn 0.1090 0.7684 0.6306
vn -0.7208 0.6901 -0.0645
vn 0.7629 -0.1484 0.6292
vn 0.5472 0.0792 0.8332
vn 0.0783 0.0567 0.9953
vn -0.4920 -0.0511 0.8691
vn 0.0696 -0.8530 0.5173
vn -0.2336 -0.9219 0.3092
vn -0.9903 -0.1101 -0.0851
vn 0.9935 0.1026 -0.0491
vn -0.8578 0.3848 -0.3407
vn -0.8251 0.5649 0.0118
vn 0.6649 0.7470 -0.0000
vn -0.8713 -0.4620 -0.1657
vn -0.8538 -0.4776 -0.2071
vn 0.7397 -0.6438 0.1959
vn 0.1472 -0.9882 0.0415
vn -0.6412 -0.2386 -0.7293
vn -0.3631 -0.9248 0.1136
vn -0.6379 -0.6668 0.3853
vn -0.0676 -0.5308 -0.8448
vn -0.4642 -0.8503 0.2480
vn 0.4538 0.2421 0.8576
vn -0.7105 0.4077 -0.5736
vn 0.5416 -0.5183 0.6619
vn -0.9946 -0.0952 -0.0410
vn 0.5780 -0.6423 -0.5034
vn -0.6422 -0.1837 0.7442
vn -0.4607 0.1624 0.8726
vn -0.7138 0.4726 0.5168
vn 0.9930 -0.1177 -0.0033
vn 0.0814 -0.9934 0.0806
vn 0.8108 -0.3125 -0.4950
vn 0.9027 0.2678 -0.3367
vn -0.6379 -0.7332 -0.2355
vn 0.0498 -0.4006 0.9149
vn 0.7707 -0.3034 0.5603
vn -0.4802 -0.8499 0.2170
vn 0.7473 -0.2905 0.5976
vn -0.6415 -0.7184 0.2692
vn -0.7177 0.2872 0.6344
vn -0.5810 0.8132 0.0334
vn -0.9588 -0.2264 -0.1716
vn 0.0033 0.9558 -0.2938
vn -0.8072 -0.5697 -0.1547
vn -0.0570 -0.9645 -0.2578
vn -0.9772 -0.1969 -0.0801
vn 0.9861 0.1655 0.0162
vn 0.4571 -0.7940 -0.4009
vn -0.0338 -0.0504 0.9982
vn 0.4793 0.2556 -0.8396
vn -0.4294 -0.8920 -0.1410
vn 0.9025 -0.4304 -0.0142
vn 0.1419 0.9112 -0.3866
vn 0.0595 0.7530 0.6554
vn 0.9635 -0.2666 0.0248
vn -0.3831 -0.6845 0.6202
vn 0.9656 0.2423 0.0946
vn -0.6296 0.7767 -0.0191
vn 0.4125 0.9109 0.0014
vn 0.0034 1.0000 0.0083
vn -0.3056 -0.8441 -0.4406
vn 0.4385 -0.8545 -0.2783
vn 0.6136 -0.6657 -0.4247
vn -0.4088 -0.7988 -0.4414
vn 0.0551 -0.8531 0.5189
vn -0.0693 -0.9898 0.1243
vn 0.5863 0.7487 -0.3093
vn 0.9086 0.0993 -0.4056
vn -0.0866 -0.9144 -0.3954
vn 0.7702 0.6160 -0.1656
vn 0.7877 -0.6136 0.0552
vn 0.6777 -0.7293 0.0940
vn -0.0444 -0.4621 0.8857
vn -0.2887 -0.8737 -0.3914
vn -0.2092 -0.9774 0.0307
vn 0.2924 -0.9353 -0.1994
vn -0.1796 -0.1669 0.9695
vn 0.6898 0.7181 0.0927
vn 0.1115 0.6352 0.7643
vn -0.1690 -0.3629 0.9164
vn -0.3027 0.3780 0.8749
vn 0.2114 -0.8695 -0.4464
vn -0.6790 -0.6924 -0.2442
vn -0.9890 0.1480 -0.0007
vn -0.6750 0.7341 -0.0737
vn -0.4122 -0.9092 0.0589
vn -0.1219 -0.9900 -0.0704
vn -0.4843 -0.4259 0.7642
vn -0.2087 -0.9730 0.0982
vn -0.9084 0.0969 -0.4067
vn 0.2055 -0.6781 -0.7057
vn -0.2059 -0.8300 0.5183
vn 0.8867 0.0751 0.4562
vn -0.2348 0.1897 0.9534
vn -0.4349 -0.8971 0.0774
vn -0.0623 0.2547 0.9650
vn -0.2199 -0.6065 0.7641
vn 0.6306 -0.7689 0.1057
vn -0.9320 0.1597 -0.3252
vn 0.9934 -0.1143 -0.0033
vn 0.9627 0.1644 -0.2147
vn 0.2675 -0.8548 0.4448
vn 0.0982 -0.9952 -0.0012
vn 0.9862 -0.1207 -0.1134
vn -0.6413 0.5191 -0.5651
vn -0.2346 -0.7956 -0.5586
vn 0.6803 -0.1136 -0.7240
vn 0.6738 -0.7375 -0.0445
vn 0.7230 -0.6293 0.2851
vn 0.5602 -0.8102 -0.1727
vn 0.8575 -0.4799 -0.1855
vn 0.0689 0.9970 -0.0342
vn -0.3456 0.8969 -0.2759
vn -0.4894 -0.5050 0.7109
vn -0.4681 0.3048 0.8294
vn -0.5753 0.2702 -0.7721
vn 0.8564 0.5112 -0.0725
vn 0.1399 -0.9884 -0.0586
vn 0.9529 0.2079 0.2208
vn -0.0305 -0.9526 -0.3025
vn -0.6877 0.1290 0.7144
vn 0.8727 0.4184 -0.2515
vn -0.9403 -0.3158 -0.1269
vn -0.5370 -0.8387 0.0903
vn -0.5698 -0.7414 0.3544
vn -0.8887 0.4497 0.0899
vn -0.1432 0.9852 -0.0937
vn 0.6536 -0.7545 0.0592
vn -0.5688 0.7605 -0.3132
vn -0.0781 -0.9968 -0.0172
vn 0.2649 -0.9642 0.0117
vn 0.5858 -0.0054 0.8104
vn -0.8140 -0.5034 -0.2897
vn 0.3533 -0.9252 -0.1384
vn 0.8264 -0.4731 -0.3054
vn -0.5624 -0.8237 0.0720
vn 0.2686 -0.8531 -0.4473
vn 0.7963 0.6048 0.0100
vn 0.9029 -0.4010 0.1545
vn -0.8504 -0.3059 -0.4281
vn 0.9688 -0.2457 0.0314
vn 0.8466 -0.4454 -0.2914
vn -0.0960 -0.7229 0.6843
vn 0.3266 -0.9090 -0.2587
vn -0.9091 0.0664 0.4113
vn -0.3382 -0.0812 0.9376
vn -0.0166 -0.9996 -0.0233
vn 0.2470 0.9417 0.2287
vn 0.7583 0.4723 -0.4493
vn -0.5779 -0.7153 -0.3928
vn -0.7812 0.6037 0.1592
vn 0.2635 -0.7807 0.5666
vn 0.9917 -0.1121 -0.0627
vn 0.9064 -0.3953 0.1491
vn 0.9290 -0.3644 -0.0650
vn -0.2420 -0.9673 -0.0753
vn -0.7522 -0.6585 -0.0243
vn -0.6252 -0.2303 -0.7457
vn -0.2228 -0.9748 -0.0067
vn -0.0916 -0.2227 0.9706
vn 0.0307 -0.7299 0.6829
vn 0.4928 -0.6510 0.5774
vn -0.1699 -0.6294 0.7583
vn 0.8739 0.3544 -0.3327
vn -0.5220 -0.3897 -0.7587
vn 0.6214 0.5828 -0.5236
vn -0.8283 -0.2622 -0.4952
vn 0.6652 -0.5986 0.4462
vn -0.6080 0.7493 -0.2625
vn 0.2153 -0.7377 -0.6399
vn -0.4665 0.8825 -0.0597
vn 0.9624 0.2715 0.0006
vn -0.0310 -0.9819 -0.1868
vn -0.3677 -0.8871 -0.2790
vn -0.7382 -0.5900 -0.3271
vn -0.9413 -0.0893 -0.3255
vn -0.8550 0.1673 -0.4908
vn -0.7439 0.6311 0.2198
vn -0.7928 -0.2615 -0.5505
vn -0.6422 0.6110 -0.4629
vn -0.0537 0.4041 -0.9131
vn -0.5618 -0.6333 0.5322
vn -0.0771 -0.8684 0.4898
vn -0.7650 -0.4636 -0.4470
vn -0.8094 -0.5864 -0.0316
vn -0.6195 -0.7830 -0.0562
vn 0.9944 -0.0073 0.1055
vn 0.5866 0.8086 0.0459
vn 0.5665 -0.8240 0.0118
vn -0.7475 -0.6629 0.0412
vn -0.7539 0.4217 -0.5038
vn -0.5983 -0.2330 0.7666
vn 0.4057 -0.7464 0.5275
vn 0.2816 -0.5016 0.8180
vn -0.8737 -0.1899 -0.4479
vn 0.9646 0.1090 -0.2400
vn -0.7907 -0.5637 -0.2386
vn 0.1927 -0.9461 0.2602
vn -0.0092 1.0000 -0.0012
vn 0.8952 0.1069 0.4327
vn 0.1153 0.9678 -0.2237
vn 0.2533 -0.9672 -0.0207
vn 0.9628 -0.2610 -0.0701
vn -0.6988 -0.5138 0.4976
vn -0.4418 -0.8898 -0.1146
vn -0.6758 -0.7367 0.0226
vn -0.2791 -0.9602 0.0077
vn 0.5399 0.7617 -0.3582
vn 0.5499 -0.5525 -0.6264
vn -0.9422 0.3346 0.0145
vn 0.5871 0.8089 0.0320
vn -0.0342 0.9994 -0.0109
vn 0.7524 -0.4877 -0.4428
vn 0.9145 0.1436 -0.3782
vn -0.6745 -0.7329 -0.0892
vn -0.4956 0.3918 -0.7752
vn 0.4884 -0.8713 0.0485
vn -0.9429 0.1562 -0.2941
vn 0.9544 0.2432 -0.1733
vn 0.8418 0.0510 0.5373
vn 0.0505 -0.8365 0.5456
vn 0.5767 0.6669 -0.4719
vn -0.9388 0.3300 -0.0985
vn -0.3695 -0.9292 -0.0000
vn -0.4404 -0.8978 -0.0071
vn -0.6159 -0.6421 0.4565
vn 0.5230 -0.8469 -0.0964
vn -0.9879 -0.1548 0.0122
vn 0.9761 0.2112 -0.0519
vn -0.5754 0.8082 -0.1255
vn -0.7678 -0.6396 -0.0382
vn 0.3741 -0.8984 -0.2298
vn 0.5671 -0.7952 -0.2146
vn -0.7136 -0.2671 -0.6476
vn 0.0134 -0.9846 0.1742
vn -0.7191 0.6937 -0.0406
vn -0.6631 -0.5334 0.5251
vn 0.9569 -0.0294 -0.2889
vn 0.9745 -0.0828 -0.2085
vn -0.5503 -0.8323 -0.0672
vn -0.6172 0.4405 -0.6519
vn 0.6179 -0.6948 -0.3680
vn -0.7295 -0.3736 -0.5729
vn 0.9073 0.3881 -0.1617
vn -0.7745 0.3504 -0.5267
vn 0.9361 0.2968 -0.1889
vn -0.6889 -0.7166 -0.1090
vn 0.0086 0.9955 0.0943
vn 0.9548 -0.2793 0.1018
vn 0.5181 0.1603 -0.8401
vn 0.3423 0.3932 -0.8534
vn 0.4872 -0.8713 0.0584
vn -0.7757 -0.4927 0.3943
vn 0.6681 0.7388 -0.0884
vn 0.7333 -0.4487 0.5109
vn 0.7775 -0.6283 0.0273
vn -0.9054 -0.1031 0.4119
vn -0.6179 0.3333 -0.7121
vn -0.8756 0.1238 -0.4670
vn -0.9802 0.1848 -0.0716
vn 0.4692 0.8784 0.0905
vn -0.8832 -0.3407 -0.3224
vn 0.8561 -0.1993 -0.4769
vn 0.9041 0.3863 -0.1826
vn -0.0492 0.9987 -0.0087
vn 0.6026 -0.7703 -0.2086
vn -0.9792 0.0994 -0.1769
vn 0.4990 -0.8650 -0.0528
vn -0.0347 -0.8406 -0.5406
vn 0.4629 -0.8861 0.0228
vn -0.3589 -0.9312 0.0635
vn -0.1188 -0.7939 0.5963
vn -0.5841 -0.4989 0.6402
vn 0.9129 -0.0381 -0.4065
vn 0.9108 0.2297 -0.3430
vn -0.0248 0.9997 0.0078
vn -0.7512 -0.6199 -0.2268
vn -0.7366 -0.5544 0.3874
vn -0.2178 -0.8032 -0.5546
vn 0.9691 -0.0954 0.2276
vn 0.7406 -0.6661 -0.0882
vn 0.3946 -0.7885 0.4717
vn 0.8979 0.0360 0.4388
vn -0.6877 0.4000 0.6058
vn -0.9839 0.1726 0.0469
vn -0.2031 -0.8142 -0.5439
vn 0.0442 -0.9811 0.1882
vn 0.2844 -0.7719 -0.5685
vn -0.5750 0.8107 -0.1099
vn 0.5874 0.4375 -0.6808
vn 0.9648 -0.2525 0.0736
vn 0.3994 -0.9168 0.0066
vn 0.4114 0.9071 0.0887
vn -0.4042 0.7590 -0.5105
vn -0.5148 0.8281 0.2217
vn -0.8980 0.2680 -0.3489
vn -0.9898 0.0682 0.1247
vn 0.9936 0.0990 0.0542
vn 0.9837 0.1782 -0.0252
vn -0.2029 0.9792 -0.0016
vn 0.1119 -0.9865 -0.1196
vn -0.4411 -0.2109 0.8723
vn -0.4831 0.6486 0.5882
vn -0.8323 0.5533 0.0341
vn -0.6598 -0.4898 -0.5699
vn -0.0583 0.9914 0.1175
vn -0.4881 -0.8684 0.0872
vn -0.2187 -0.1025 -0.9704
vn -0.2021 -0.0016 -0.9794
vn -0.2699 -0.2126 -0.9391
vn 0.0244 -0.2579 -0.9659
vn 0.3545 -0.0023 -0.9350
vn 0.6673 -0.7421 0.0622
vn 0.5089 -0.1054 -0.8544
vn -0.5112 -0.8306 -0.2210
vn -0.8209 -0.5709 0.0126
vn -0.1831 -0.9524 -0.2439
vn -0.6236 -0.7790 -0.0655
vn 0.8841 -0.0829 -0.4599
vn -0.6575 -0.2402 -0.7142
vn -0.0754 -0.9881 -0.1343
vn 0.8573 0.5146 0.0134
vn 0.8683 0.2756 -0.4124
vn -0.2146 -0.5888 -0.7793
vn 0.4335 -0.5037 -0.7472
vn 0.4995 -0.1344 -0.8558
vn 0.9339 -0.0134 -0.3572
vn -0.2723 -0.8807 0.3875
vn 0.7396 -0.3565 -0.5709
vn -0.6947 0.1489 -0.7037
vn -0.1365 0.9809 -0.1388
vn -0.4284 -0.7734 -0.4672
vn -0.8918 0.4481 -0.0627
vn -0.0017 1.0000 -0.0025
vn 0.0254 0.9996 0.0101
vn 0.7633 -0.5880 0.2676
vn -0.1297 -0.9893 -0.0666
vn -0.8933 -0.2945 -0.3395
vn -0.9128 -0.2876 -0.2900
vn -0.4281 -0.5571 -0.7116
vn -0.4925 0.6940 -0.5251
vn -0.7727 -0.5510 -0.3153
vn -0.4403 0.1082 -0.8913
vn -0.4045 -0.2353 -0.8837
vn 0.9799 0.1996 0.0003
vn 0.8182 0.1331 0.5594
vn -0.8886 0.4498 0.0901
vn 0.1111 -0.7089 -0.6965
vn -0.0637 -0.9461 -0.3176
vn -0.1728 -0.3145 -0.9334
vn -0.7881 -0.6088 -0.0913
vn -0.4300 -0.8924 -0.1367
vn 0.7138 -0.6982 -0.0554
vn 0.6646 0.7402 -0.1019
vn -0.0568 -0.9646 -0.2576
vn 0.1680 0.9857 0.0158
vn 0.1412 -0.9498 0.2792
vn -0.3208 -0.9469 0.0233
vn -0.2359 -0.3423 -0.9095
vn -0.9927 0.0322 -0.1163
vn -0.0670 0.0144 -0.9977
vn -0.2594 0.0401 -0.9649
vn 0.1713 -0.5731 -0.8014
vn 0.0288 -0.9595 -0.2802
vn 0.4058 -0.8867 -0.2214
vn -0.0625 0.0490 -0.9968
vn 0.1246 0.0335 -0.9916
vn -0.5482 0.2826 -0.7871
vn 0.1938 0.6276 -0.7540
vn 0.0063 -0.3396 -0.9406
vn 0.9110 -0.4095 -0.0488
vn -0.0223 0.9998 -0.0013
vn -0.4954 -0.8505 -0.1766
vn 0.3583 -0.8347 -0.4183
vn -0.1029 0.0340 -0.9941
vn -0.1240 0.5636 -0.8167
vn 0.1408 -0.9730 -0.1830
vn 0.6873 0.7243 0.0543
vn 0.9219 -0.3818 -0.0663
vn -0.8165 -0.1821 -0.5479
vn 0.6209 -0.7828 0.0422
vn -0.2191 0.8895 -0.4009
vn -0.6069 -0.7880 0.1040
vn 0.4803 0.8730 -0.0852
vn -0.6943 0.5861 -0.4176
vn -0.2354 -0.4193 -0.8768
vn 0.9849 -0.1506 0.0852
vn 0.9631 -0.0745 -0.2584
vn 0.4368 -0.3924 -0.8095
vn 0.8789 -0.3122 -0.3607
vn 0.2994 -0.9527 -0.0521
vn -0.8205 0.1658 0.5471
vn -0.9731 0.2107 0.0934
vn 0.8799 -0.4749 -0.0160
vn 0.8896 0.1715 0.4233
vn -0.1195 -0.9758 0.1831
vn -0.4546 -0.8860 0.0912
vn 0.2012 -0.9631 -0.1789
vn -0.7183 -0.6938 0.0526
vn -0.4768 0.8358 -0.2721
vn 0.6332 0.7576 0.1588
vn -0.9089 -0.1805 0.3759
vn -0.6449 -0.2391 -0.7259
vn -0.4745 -0.4466 -0.7585
vn 0.4174 -0.8685 -0.2673
vn -0.3226 0.9124 -0.2518
vn 0.5056 -0.8600 0.0687
vn 0.1020 0.3115 -0.9447
vn -0.7019 0.7076 -0.0815
vn 0.0292 0.6132 -0.7894
vn -0.9056 -0.4217 -0.0455
vn 0.1546 0.0302 -0.9875
vn -0.2328 -0.3760 -0.8969
vn -0.1108 0.9890 -0.0979
vn 0.4972 0.8201 -0.2832
vn -0.2698 0.7992 0.5371
vn -0.9015 -0.4316 -0.0303
vn 0.6508 0.7508 -0.1131
vn 0.3612 0.0852 -0.9286
vn -0.9825 0.1753 -0.0629
vn -0.0775 0.9969 0.0142
vn 0.9795 0.1771 -0.0959
vn -0.2354 -0.8555 -0.4613
vn -0.9003 0.4136 -0.1358
vn -0.3341 -0.6843 -0.6482
vn -0.0588 0.1012 -0.9931
vn 0.5257 -0.7729 0.3553
vn -0.1451 -0.6427 -0.7523
vn 0.0453 0.0145 -0.9989
vn 0.8439 0.5365 0.0094
vn 0.0596 -0.8188 0.5710
vn 0.2364 -0.9717 -0.0028
vn 0.1705 -0.9840 0.0521
vn -0.3968 -0.7839 -0.4776
vn 0.2818 0.6480 -0.7076
vn 0.1862 0.9561 -0.2262
vn 0.2121 0.7837 -0.5838
vn -0.8179 0.5752 0.0159
vn 0.6506 -0.6951 -0.3059
vn -0.7467 -0.6141 0.2557
vn 0.2229 0.9432 -0.2464
vn -0.3139 0.9466 0.0737
vn -0.7637 -0.6140 0.1992
vn -0.1703 -0.7990 0.5767
vn -0.6582 0.4561 0.5990
vn 0.0709 0.0082 0.9975
vn -0.7532 -0.4763 0.4537
vn 0.0028 -0.6923 0.7216
vn 0.9954 -0.0957 -0.0061
vn 0.9935 0.1104 -0.0281
vn 0.9510 0.2859 0.1177
vn -0.9690 0.1366 -0.2060
vn -0.9047 0.3661 -0.2179
vn 0.9792 0.1969 0.0488
vn -0.5805 0.7866 -0.2103
vn 0.0005 0.9982 -0.0595
vn -0.9244 -0.3765 -0.0604
vn 0.4247 -0.8977 0.1173
vn -0.9933 0.0382 0.1092
vn 0.6408 -0.3600 0.6781
vn 0.3139 -0.9358 0.1605
vn -0.2337 0.9180 0.3203
vn 0.0896 -0.7522 0.6528
vn 0.3968 0.8823 0.2529
vn 0.9097 0.4149 -0.0173
vn 0.2841 0.9175 0.2783
vn 0.1481 -0.9617 -0.2308
vn 0.5766 0.8169 0.0132
vn -0.0039 -0.9693 0.2458
vn 0.4429 -0.3259 0.8352
vn -0.2971 -0.9151 -0.2726
vn -0.9129 0.2862 0.2912
vn -0.0050 0.9999 0.0145
vn -0.6470 -0.7561 0.0986
vn -0.2078 -0.9757 -0.0689
vn -0.1100 -0.9729 0.2032
vn 0.9717 0.0226 0.2351
vn -0.3006 -0.9326 -0.1999
vn -0.1311 -0.9244 0.3582
vn -0.4607 -0.3753 -0.8043
vn -0.2499 0.6911 0.6781
vn 0.7440 -0.6524 -0.1445
vn -0.7304 0.3860 0.5635
vn -0.4777 0.7649 0.4322
vn -0.4387 0.2886 0.8511
vn 0.2522 0.9150 0.3149
vn -0.4399 0.3718 0.8174
vn 0.1905 0.9804 -0.0508
vn -0.4286 -0.8012 -0.4176
vn -0.0703 -0.7650 0.6402
vn -0.7402 -0.6592 -0.1327
vn -0.1349 0.7539 0.6430
vn 0.1623 -0.9063 -0.3902
vn 0.9282 -0.0869 -0.3618
vn -0.7618 -0.2059 0.6143
vn -0.7760 -0.5534 -0.3027
vn -0.8714 -0.4650 0.1562
vn -0.9302 -0.3666 -0.0188
vn -0.0366 0.9993 0.0034
vn 0.1309 -0.1448 0.9808
vn -0.1828 -0.9480 0.2605
vn -0.6362 -0.1946 0.7466
vn 0.0917 0.9615 0.2592
vn 0.5521 0.6422 0.5318
vn 0.1347 -0.9838 0.1181
vn -0.2709 -0.9413 0.2014
vn 0.3467 0.9367 -0.0486
vn 0.6861 -0.7259 0.0478
vn -0.0434 -0.9260 0.3750
vn -0.2432 0.9562 0.1628
vn -0.1876 -0.9356 0.2990
vn -0.2498 -0.9433 -0.2185
vn 0.8969 -0.4404 -0.0397
vn -0.2011 -0.9794 0.0159
vn -0.1855 0.4221 0.8874
vn -0.2250 0.9399 0.2568
vn -0.2173 0.1345 0.9668
vn 0.2004 -0.7841 0.5874
vn 0.4520 -0.4963 0.7412
vn -0.9231 -0.3679 0.1122
vn 0.6537 0.7511 -0.0924
vn 0.9419 0.3276 0.0738
vn -0.9044 0.3776 -0.1986
vn 0.9875 -0.0781 0.1368
vn 0.6660 -0.7454 0.0289
vn -0.1962 0.2831 0.9388
vn -0.3386 -0.8807 0.3314
vn -0.0302 -0.4844 0.8743
vn -0.3191 -0.8935 0.3161
vn -0.3048 -0.7224 -0.6206
vn -0.2299 -0.9731 -0.0137
vn -0.5795 0.7139 0.3931
vn 0.4681 0.5193 0.7150
vn 0.0631 -0.9973 0.0363
vn -0.6014 0.5787 0.5508
vn 0.8140 -0.2139 -0.5400
vn -0.4927 0.7829 0.3799
vn 0.7555 0.4377 0.4875
vn -0.1002 -0.6841 -0.7224
vn -0.9896 0.1191 -0.0804
vn -0.4387 -0.8904 -0.1217
vn -0.1663 -0.9025 -0.3974
vn 0.9817 0.1855 0.0441
vn -0.1372 -0.5214 0.8422
vn -0.3521 -0.5087 0.7857
vn -0.8821 -0.2314 0.4103
vn -0.1552 0.2979 0.9419
vn -0.3002 -0.5362 0.7889
vn -0.0716 0.0717 0.9949
vn 0.8231 -0.4961 0.2764
vn 0.4670 -0.8208 0.3289
vn 0.9628 -0.2680 0.0346
vn -0.6556 -0.7535 -0.0488
vn -0.2927 0.7595 0.5809
vn 0.1412 0.7869 0.6008
vn 0.2039 0.3256 0.9233
vn -0.7792 0.5837 0.2284
vn 0.3244 -0.9216 -0.2129
vn -0.6881 0.7255 -0.0128
vn -0.8972 -0.3510 0.2680
vn 0.9932 0.1165 -0.0022
vn -0.1777 -0.9690 -0.1716
vn -0.6749 0.7369 0.0390
vn -0.2458 -0.7580 0.6042
vn -0.5708 -0.6652 0.4813
vn -0.6379 -0.4292 0.6395
vn -0.1605 -0.9859 -0.0466
vn 0.0809 -0.5584 0.8256
vn 0.8493 -0.5154 -0.1141
vn -0.5612 0.0232 0.8273
vn -0.4401 -0.6195 0.6501
vn 0.1411 -0.3967 0.9070
vn -0.7435 -0.2319 0.6273
vn -0.3337 -0.7290 0.5977
vn -0.4114 0.8763 0.2507
vn 0.3499 0.9334 -0.0791
vn -0.4822 -0.8759 0.0187
vn -0.3124 -0.7680 -0.5591
vn -0.0699 -0.7649 0.6403
vn -0.5753 0.7135 -0.3999
vn -0.8375 -0.0159 0.5462
vn -0.2888 -0.7848 -0.5483
vn 0.9643 0.2209 -0.1463
vn -0.9113 -0.1883 0.3661
vn -0.0948 -0.9875 -0.1261
vn -0.9619 -0.1028 -0.2534
vn -0.0000 0.9999 0.0131
vn -0.5002 -0.8482 0.1740
vn 0.8528 0.1403 0.5030
vn -0.9755 0.1326 -0.1758
vn 0.9446 0.2270 0.2371
vn -0.0876 0.6627 0.7437
vn -0.1209 -0.1862 0.9750
vn 0.1091 -0.5123 0.8519
vn -0.1767 -0.9438 0.2793
vn -0.9089 -0.0441 0.4146
vn -0.8441 -0.0106 0.5361
vn 0.0042 -0.9542 -0.2991
vn 0.3747 -0.6933 -0.6156
vn 0.0767 -0.7048 -0.7052
vn 0.2410 0.1337 -0.9613
vn -0.0290 -0.1214 -0.9922
vn -0.0991 -0.2085 0.9730
vn 0.6344 0.7036 0.3202
vn 0.0554 0.8480 -0.5271
vn 0.8065 0.3720 0.4595
vn 0.8863 -0.4448 -0.1293
vn 0.1223 -0.9827 0.1394
vn 0.5879 0.2729 -0.7615
vn -0.5387 0.7701 0.3418
vn 0.8221 -0.5472 -0.1573
vn 0.1734 -0.8600 -0.4800
vn 0.1426 -0.9892 -0.0328
vn 0.2240 0.9692 -0.1028
vn 0.9675 0.1807 -0.1769
vn -0.8677 -0.0191 -0.4968
vn 0.8737 0.4700 -0.1259
vn -0.0146 -0.9912 0.1319
vn 0.4665 -0.8630 0.1937
vn -0.6035 -0.3885 0.6963
vn 0.1188 -0.0910 0.9887
vn 0.9094 -0.2885 0.2997
vn -0.1396 -0.9885 0.0578
vn -0.1210 -0.9865 -0.1108
vn 0.0421 -0.9981 0.0443
vn -0.2227 -0.9355 0.2744
vn -0.8365 -0.4336 0.3352
vn 0.4653 -0.0272 -0.8847
vn 0.1337 -0.9353 0.3276
vn 0.2559 -0.2928 0.9213
vn 0.7215 -0.2796 0.6334
vn 0.7609 0.2238 0.6091
vn 0.5843 0.3129 -0.7488
vn -0.6161 0.7220 -0.3148
vn 0.4666 0.8716 0.1505
vn -0.9092 0.0733 0.4098
vn 0.1067 0.5434 0.8326
vn 0.0730 -0.3593 0.9304
vn -0.1069 -0.4501 0.8865
vn -0.3163 -0.6454 0.6953
vn -0.3473 0.6445 0.6812
vn -0.0185 -0.9759 0.2176
vn 0.2432 -0.9147 -0.3227
vn 0.5788 -0.7516 0.3164
vn -0.2506 0.9517 0.1776
vn -0.9105 0.1079 0.3991
vn -0.3684 0.7110 0.5990
vn -0.5915 -0.5787 0.5615
vn 0.1432 -0.7093 -0.6902
vn 0.8677 -0.0996 0.4869
vn -0.4791 0.0036 0.8777
vn 0.5232 -0.7566 0.3922
vn 0.9696 -0.0478 0.2401
vn -0.0208 -0.9435 -0.3307
vn 0.6826 -0.3227 0.6557
vn -0.6314 -0.6282 -0.4546
vn -0.4140 0.5668 -0.7123
vn 0.2461 0.8346 0.4929
vn -0.6848 -0.4013 0.6083
vn -0.1134 -0.8406 0.5297
vn 0.5070 -0.6261 -0.5924
vn 0.4226 0.9060 0.0225
vn 0.7797 0.4038 0.4786
vn -0.1657 -0.5637 -0.8092
vn -0.8937 -0.1664 0.4166
vn 0.1627 0.4544 -0.8758
vn 0.9223 -0.3842 0.0421
vn 0.4884 0.8664 0.1041
vn -0.7727 -0.6330 -0.0480
vn -0.8732 -0.2465 -0.4204
vn 0.9026 -0.4028 0.1515
vn 0.6344 0.4916 -0.5965
vn 0.6702 -0.7138 0.2033
vn -0.9062 0.4122 0.0939
vn -0.3530 0.9225 -0.1562
vn -0.1763 0.7645 0.6201
vn -0.0738 0.5154 0.8538
vn 0.2513 -0.7951 -0.5520
vn 0.6222 0.5798 -0.5261
vn 0.0880 -0.9444 -0.3168
vn 0.9940 -0.1095 0.0051
vn -0.1764 -0.9120 0.3704
vn -0.4400 -0.8596 -0.2598
vn -0.6782 -0.6587 -0.3258
vn 0.9754 0.1577 0.1539
vn 0.9888 0.1405 0.0509
vn 0.5011 -0.7790 0.3770
vn -0.3071 -0.8893 0.3390
vn -0.4310 -0.9007 0.0550
vn 0.4639 -0.8794 0.1071
vn -0.7612 0.3263 0.5605
vn 0.6972 -0.4881 -0.5251
vn -0.3057 -0.8720 -0.3823
vn 0.0776 -0.9969 0.0127
vn 0.2484 -0.8795 -0.4059
vn -0.0742 -0.6434 -0.7619
vn 0.8763 0.3052 0.3728
vn -0.1239 -0.9851 0.1194
vn -0.0730 0.8640 0.4982
vn 0.2405 -0.8242 -0.5126
vn -0.9896 0.1433 0.0149
vn -0.9672 -0.1621 0.1958
vn 0.4036 0.4398 0.8022
vn 0.2659 0.9496 -0.1662
vn -0.4773 -0.8185 -0.3198
vn -0.1470 -0.7674 -0.6241
vn 0.2215 0.9752 -0.0047
vn -0.2864 0.9286 0.2359
vn -0.9179 -0.2356 0.3192
vn -0.9291 -0.3177 0.1892
vn 0.9939 -0.0348 -0.1050
vn -0.8039 -0.5854 0.1057
vn -0.9499 0.0957 0.2975
vn -0.9483 -0.1611 0.2733
vn 0.0335 -0.9863 -0.1617
vn 0.0241 -0.8950 0.4455
vn 0.3716 -0.5897 -0.7171
vn -0.5623 -0.6976 0.4440
vn 0.0282 0.9944 -0.1014
vn -0.4594 -0.8450 0.2739
vn 0.1121 -0.5782 -0.8082
vn -0.0366 -0.6152 -0.7875
vn 0.9538 -0.2660 -0.1395
vn -0.5155 0.8305 0.2109
vn -0.6237 0.7747 -0.1044
vn -0.6290 -0.0414 0.7763
vn -0.8751 -0.2374 0.4217
vn -0.4003 -0.8430 0.3593
vn -0.1971 -0.9732 -0.1188
vn 0.9266 0.2648 0.2669
vn 0.5104 0.8594 -0.0301
vn 0.2711 0.9218 0.2771
vn 0.9083 -0.4176 -0.0236
vn 0.5938 -0.0169 -0.8044
vn -0.4361 -0.7582 -0.4847
vn -0.5188 0.8038 0.2912
vn 0.9544 -0.2592 -0.1484
vn -0.8564 -0.1523 0.4933
vn 0.9318 0.3463 -0.1086
vn 0.4606 0.4640 0.7567
vn 0.9060 -0.4010 -0.1355
vn -0.6844 0.6991 -0.2071
vn 0.0128 -0.9281 0.3721
vn 0.8975 -0.3490 0.2696
vn -0.0690 -0.9763 -0.2052
vn -0.1578 -0.9248 -0.3462
vn -0.1569 -0.8329 0.5308
vn -0.9091 0.1535 0.3873
vn 0.8527 0.4045 0.3306
vn -0.3524 -0.1508 -0.9236
vn 0.6408 -0.0414 0.7666
vn -0.5783 0.4438 0.6845
vn 0.5363 0.1966 -0.8208
vn -0.0763 0.6379 -0.7663
vn 0.4841 -0.3005 -0.8218
vn 0.2012 -0.0969 -0.9747
vn 0.0044 0.2628 -0.9648
vn 0.1301 -0.5536 -0.8226
vn -0.0351 -0.7639 -0.6444
vn -0.5755 -0.7977 -0.1804
vn -0.5630 0.2413 0.7904
vn 0.0330 -0.9745 -0.2221
vn -0.3810 -0.6488 -0.6587
vn 0.3842 -0.5907 -0.7095
vn 0.2780 -0.8615 0.4249
vn 0.5435 0.5959 0.5912
vn 0.5434 0.5959 0.5912
vn -0.9991 -0.0204 0.0375
vn 0.6759 -0.1462 -0.7223
vn -0.9095 0.3732 0.1832
vn -0.6970 0.7103 0.0980
vn -0.6608 0.6462 -0.3818
vn 0.9521 0.2482 0.1789
vn 0.3754 -0.9204 0.1091
vn 0.2166 -0.7453 0.6306
vn -0.0096 -0.6626 -0.7489
vn 0.3271 -0.9268 -0.1842
vn -0.6078 -0.3866 -0.6936
vn 0.5311 -0.5976 -0.6007
vn -0.2962 0.8671 -0.4005
vn 0.5026 0.5675 -0.6522
vn 0.5609 0.8204 0.1112
vn 0.5274 -0.8168 -0.2339
vn -0.4815 -0.0073 -0.8764
vn 0.7085 0.3588 -0.6077
vn -0.6370 -0.2711 -0.7217
vn -0.9705 0.2412 -0.0047
vn 0.3029 -0.9431 -0.1369
vn 0.2536 -0.9086 -0.3320
vn 0.9830 0.1833 0.0026
vn -0.0843 -0.9941 -0.0683
vn 0.9783 0.1065 0.1777
vn 0.7408 -0.1498 -0.6548
vn -0.1615 0.1551 0.9746
vn -0.7600 0.5480 0.3494
vn -0.7396 0.6233 0.2541
vn -0.3864 -0.8711 -0.3032
vn 0.9482 -0.3159 -0.0324
vn 0.3709 0.6594 -0.6539
vn 0.6293 0.6819 0.3729
vn 0.0473 0.9723 0.2290
vn -0.0639 -0.9370 -0.3435
vn 0.4349 0.6140 -0.6587
vn 0.0165 -0.9886 -0.1495
vn -0.5406 -0.4992 0.6772
vn -0.9829 -0.0738 0.1689
vn 0.9955 -0.0811 -0.0480
vn -0.9291 0.0593 0.3650
vn 0.0120 -0.9985 0.0538
vn -0.2199 0.7574 -0.6148
vn 0.3729 -0.1504 -0.9156
vn -0.7725 0.2932 0.5633
vn -0.2747 -0.9178 0.2868
vn 0.1769 -0.9840 -0.0205
vn -0.5907 -0.7728 -0.2321
vn 0.3254 -0.5161 -0.7923
vn -0.4978 -0.8659 -0.0495
vn -0.5269 0.4677 -0.7097
vn -0.9683 -0.2497 -0.0101
vn 0.4189 -0.5963 -0.6848
vn 0.9446 -0.2113 -0.2513
vn -0.5005 0.4121 -0.7614
vn 0.5567 0.6328 -0.5382
vn 0.9750 0.0428 -0.2180
vn -0.9451 -0.1017 0.3105
vn 0.9998 0.0127 -0.0153
vn -0.9980 -0.0143 0.0613
vn -0.0318 0.9875 0.1542
vn -0.0219 0.9991 0.0375
vn -0.5003 -0.8656 0.0192
vn 0.8777 -0.4590 0.1378
vn 0.4388 -0.8314 0.3408
vn -0.5982 0.7954 -0.0970
vn -0.5138 -0.4035 -0.7571
vn 0.1215 0.6768 -0.7261
vn -0.0844 0.5777 -0.8119
vn -0.4637 -0.8676 -0.1796
vn -0.9291 -0.0274 0.3689
vn -0.1842 0.7814 -0.5962
vn 0.4023 -0.7269 -0.5566
vn -0.4232 -0.8773 -0.2264
vn -0.8451 0.1014 0.5249
vn 0.5166 -0.8536 0.0667
vn 0.9881 0.0442 -0.1475
vn -0.9463 0.0066 0.3233
vn -0.8898 -0.4546 -0.0393
vn -0.4160 -0.6989 -0.5818
vn -0.3398 -0.9284 -0.1506
vn 0.8146 0.0229 -0.5796
vn 0.9366 -0.3006 0.1799
vn 0.6878 0.0225 0.7255
vn 0.6826 0.6351 0.3615
vn 0.5503 -0.3153 -0.7731
vn -0.4135 -0.8825 -0.2239
vn 0.5366 -0.8205 0.1972
vn 0.0423 0.6015 -0.7977
vn -0.3825 -0.1901 -0.9042
vn 0.7569 -0.1947 0.6239
vn 0.7452 -0.6196 -0.2466
vn 0.9286 -0.3509 0.1209
vn 0.0355 0.9572 -0.2873
vn 0.3775 0.7994 -0.4674
vn -0.2336 0.7402 -0.6305
vn -0.9097 -0.2358 0.3418
vn -0.8187 0.5743 -0.0015
vn 0.9644 0.2400 -0.1107
vn -0.6689 -0.7031 0.2413
vn -0.0077 -0.9999 0.0135
vn 0.6513 0.6361 0.4137
vn -0.9138 0.2761 0.2979
vn 0.8792 -0.2636 0.3969
vn 0.5660 0.7911 -0.2319
vn -0.9759 0.1756 -0.1298
vn -0.8325 -0.5459 0.0943
vn 0.8860 -0.3282 0.3275
vn 0.5421 -0.8035 0.2460
vn -0.2139 -0.9761 0.0384
vn -0.2118 0.5326 -0.8194
vn -0.6972 0.6937 -0.1809
vn -0.4630 -0.8337 -0.3010
vn 0.6876 -0.6717 0.2758
vn -0.7965 -0.0063 0.6046
vn 0.0208 0.4538 0.8909
vn -0.6903 -0.4100 -0.5961
vn 0.0851 -0.9938 0.0714
vn -0.7047 -0.6894 -0.1679
vn -0.8799 0.3509 0.3204
vn -0.5099 -0.8303 0.2249
vn 0.2742 -0.9548 0.1146
vn 0.7131 -0.3472 -0.6090
vn -0.9367 0.2539 0.2413
vn -0.4192 -0.1085 0.9014
vn -0.0871 -0.9165 0.3904
vn -0.6572 -0.7295 -0.1895
vn 0.3507 0.1675 -0.9214
vn -0.8440 -0.5361 -0.0192
vn 0.0471 0.9955 -0.0825
vn -0.8719 0.3220 0.3689
vn 0.0717 -0.2264 -0.9714
vn -0.5931 -0.6454 -0.4814
vn 0.1966 -0.8080 -0.5554
vn 0.9950 -0.0123 -0.0988
vn -0.8815 -0.4694 -0.0509
vn 0.9992 0.0017 -0.0393
vn -0.6415 0.7362 0.2155
vn -0.7516 0.5965 -0.2815
vn -0.9236 0.3810 0.0434
vn 0.2724 -0.9597 0.0696
vn -0.5646 -0.7549 0.3338
vn -0.0928 -0.9804 -0.1736
vn 0.4888 -0.6650 -0.5646
vn 0.2592 -0.7812 0.5680
vn 0.0148 -0.9325 -0.3609
vn -0.9588 0.2672 -0.0968
vn -0.4165 -0.8759 -0.2437
vn -0.5382 -0.2385 -0.8083
vn -0.0296 -0.2046 -0.9784
vn -0.2305 0.9727 -0.0274
vn 0.6057 0.7945 -0.0437
vn -0.9462 -0.2664 0.1837
vn 0.5032 -0.1349 -0.8536
vn -0.9810 -0.1038 0.1641
vn 0.9970 0.0272 -0.0721
vn 0.5256 -0.8028 -0.2815
vn -0.3267 -0.9399 -0.0989
vn 0.6159 -0.6105 -0.4981
vn 0.9869 0.1598 0.0235
vn 0.9978 0.0635 -0.0165
vn 0.9998 -0.0021 0.0218
vn 0.9939 -0.1098 -0.0074
vn 0.8980 -0.4107 0.1576
vn 0.0848 -0.9869 0.1370
vn -0.0739 0.7465 0.6613
vn -0.9812 0.1803 -0.0685
vn 0.0998 -0.8711 0.4808
vn 0.1645 -0.9510 0.2617
vn 0.2386 -0.9238 -0.2993
vn 0.2639 0.3336 -0.9050
vn -0.1968 0.3412 -0.9191
vn -0.4392 0.3645 -0.8211
vn 0.6902 0.7116 -0.1312
vn 0.5017 -0.6266 -0.5964
vn 0.5475 -0.3541 -0.7582
vn 0.4832 -0.5427 -0.6870
vn -0.5266 -0.6305 -0.5703
vn 0.9645 0.2304 -0.1291
vn -0.8106 0.2444 -0.5321
vn 0.7152 -0.6770 -0.1735
vn -0.3356 0.9128 -0.2327
vn -0.7304 -0.5655 0.3831
vn 0.3265 -0.9397 0.1013
vn -0.8060 -0.5656 0.1746
vn 0.0139 -0.9740 0.2262
vn -0.4392 0.8935 0.0934
vn 0.6921 -0.1731 0.7007
vn 0.4707 -0.3134 0.8248
vn -0.9852 0.1479 -0.0870
vn 0.0729 0.8556 -0.5124
vn 0.8455 -0.5306 -0.0594
vn 0.3611 -0.5643 -0.7424
vn 0.3674 0.4157 -0.8320
vn 0.9998 0.0143 -0.0108
vn -0.9425 -0.2719 -0.1943
vn -0.9763 0.1630 0.1422
vn 0.2800 -0.8857 -0.3704
vn -0.5074 -0.4840 -0.7129
vn 0.9779 -0.0731 -0.1960
vn 0.9860 0.1666 0.0014
vn -0.8559 0.5086 0.0934
vn -0.9098 0.0411 0.4130
vn -0.4129 -0.9067 -0.0860
vn -0.7465 -0.6592 -0.0902
vn -0.5981 -0.7912 0.1279
vn -0.5026 0.0122 -0.8644
vn 0.2493 -0.8790 0.4065
vn -0.4170 -0.8901 0.1839
vn -0.9495 0.0697 -0.3060
vn 0.2823 -0.9567 -0.0707
vn -0.8717 -0.4899 0.0111
vn -0.8069 0.5569 0.1972
vn 0.6443 0.3817 -0.6627
vn -0.9125 -0.0097 -0.4090
vn -0.2154 0.9468 -0.2392
vn -0.0304 0.9939 0.1059
vn 0.1110 0.9779 0.1774
vn 0.5737 -0.6913 0.4392
vn 0.7939 0.3633 0.4875
vn -0.5992 -0.7895 -0.1328
vn -0.3234 -0.9422 0.0880
vn -0.1922 -0.9743 -0.1176
vn 0.0355 -0.9035 -0.4271
vn 0.2457 0.3020 -0.9211
vn -0.3260 -0.7852 -0.5265
vn -0.8478 -0.0012 -0.5303
vn -0.2085 -0.1336 -0.9689
vn 0.2151 -0.8754 -0.4330
vn -0.9214 0.2298 0.3134
vn -0.6962 0.6079 -0.3817
vn 0.9014 0.2242 0.3703
vn -0.4514 0.7314 0.5111
vn 0.6364 -0.4686 0.6128
vn 0.5119 0.0495 0.8576
vn 0.2302 -0.9033 -0.3621
vn 0.4154 -0.7533 0.5099
vn 0.3101 -0.9505 -0.0209
vn 0.6385 -0.6067 0.4735
vn 0.5154 -0.6128 -0.5990
vn -0.1293 -0.8319 0.5397
vn 0.9666 0.2137 -0.1415
vn 0.8143 -0.5759 0.0725
vn -0.5109 -0.0811 -0.8558
vn -0.4257 -0.1335 -0.8950
vn 0.9385 0.1052 -0.3287
vn 0.0033 0.9999 0.0146
vn 0.0064 0.9995 0.0297
vn -0.1817 -0.4760 0.8605
vn 0.3255 -0.9098 0.2576
vn 0.4441 -0.2107 0.8709
vn 0.2068 -0.4259 0.8808
vn 0.3750 0.3427 0.8614
vn -0.1366 -0.8869 -0.4413
vn 0.8352 -0.5458 0.0677
vn 0.4559 0.1144 -0.8826
vn -0.2312 -0.3435 -0.9102
vn -0.4673 0.8839 0.0193
vn 0.3735 0.9272 0.0288
vn -0.5786 0.6963 -0.4248
vn 0.2509 -0.3363 -0.9077
vn -0.8005 0.2346 -0.5516
vn 0.0958 0.0644 -0.9933
vn -0.1897 -0.1791 -0.9654
vn 0.2553 0.1346 -0.9574
vn -0.8928 0.2363 0.3834
vn 0.9945 0.1038 -0.0167
vn 0.9985 0.0155 0.0532
vn -0.0793 0.9666 0.2439
vn 0.0357 0.9525 0.3025
vn -0.2364 -0.8019 0.5487
vn 0.1765 0.4788 0.8600
vn -0.2961 -0.8129 0.5015
vn 0.2370 0.7473 0.6208
vn -0.0282 -0.9888 0.1464
vn -0.1760 -0.7045 -0.6876
vn -0.2574 -0.8755 0.4090
vn -0.0835 -0.7622 0.6419
vn -0.4605 -0.8139 -0.3543
vn -0.0193 -0.9974 -0.0690
vn 0.0277 -0.9989 -0.0385
vn 0.2793 -0.1309 -0.9512
vn 0.6706 0.6564 -0.3456
vn -0.0449 0.5875 -0.8079
vn 0.5601 0.7271 -0.3970
vn -0.4690 0.3936 -0.7906
vn -0.8924 0.1511 0.4252
vn 0.9136 0.3419 -0.2199
vn 0.8911 -0.3332 0.3082
vn 0.1109 -0.9907 0.0793
vn -0.4365 -0.8997 0.0018
vn 0.2749 -0.9348 0.2248
vn -0.4747 -0.7186 0.5082
vn 0.4640 -0.8594 0.2148
vn 0.8165 -0.5749 -0.0522
vn 0.9364 -0.0669 0.3444
vn 0.7039 -0.6600 -0.2625
vn 0.5574 -0.7796 -0.2857
vn 0.1322 -0.9912 -0.0075
vn 0.6237 -0.6235 0.4715
vn 0.3519 -0.8221 -0.4476
vn -0.6589 -0.7385 -0.1431
vn 0.5849 0.5563 -0.5903
vn -0.4985 0.0588 -0.8649
vn -0.3456 0.9331 0.0991
vn 0.0816 -0.4325 -0.8979
vn 0.9029 0.1485 -0.4033
vn -0.9875 -0.0877 0.1311
vn -0.9767 -0.2128 -0.0262
vn 0.8484 -0.3707 -0.3778
vn 0.7624 -0.3798 -0.5239
vn 0.5398 0.8001 0.2617
vn -0.9105 0.3415 0.2333
vn 0.8609 -0.4437 0.2489
vn 0.0254 -0.7282 0.6849
vn -0.4084 0.8949 0.1801
vn -0.8245 -0.5650 -0.0300
vn 0.0491 -0.9911 0.1237
vn -0.7569 -0.1626 -0.6329
vn -0.2976 0.6439 -0.7049
vn 0.3544 -0.0893 -0.9308
vn 0.6205 -0.7640 -0.1771
vn -0.6684 0.0982 -0.7373
vn -0.7410 -0.5500 -0.3853
vn -0.3927 0.8688 -0.3017
vn 0.7082 0.6903 0.1483
vn 0.3899 0.9001 0.1946
vn -0.4874 0.8706 0.0666
vn 0.2746 -0.8576 0.4348
vn -0.9358 -0.3021 -0.1816
vn 0.4406 -0.2988 0.8465
vn 0.5397 -0.5377 0.6477
vn -0.1662 -0.7139 0.6802
vn -0.2184 -0.9546 -0.2027
vn 0.9616 0.2255 -0.1562
vn -0.5578 -0.8218 0.1158
vn -0.4767 -0.2463 -0.8439
vn -0.7104 -0.6847 -0.1630
vn 0.5989 -0.6945 -0.3988
vn -0.0107 -0.6205 -0.7841
vn -0.0083 0.9757 -0.2190
vn -0.3444 -0.4902 -0.8007
vn -0.8793 0.4668 -0.0947
vn -0.3775 -0.7202 -0.5821
vn 0.5494 0.8113 -0.2001
vn 0.0753 -0.2128 -0.9742
vn -0.6916 -0.1452 -0.7075
vn 0.1171 -0.5802 -0.8060
vn -0.0603 0.0331 -0.9976
vn -0.5945 0.8031 0.0390
vn 0.9832 0.1814 -0.0191
vn -0.1379 0.9902 -0.0230
vn -0.5487 -0.8088 0.2118
vn -0.8193 0.3587 -0.4472
vn -0.9113 -0.4055 0.0719
vn -0.1109 -0.9755 -0.1902
vn 0.1862 -0.8090 -0.5576
vn -0.5546 -0.8220 -0.1290
vn 0.4507 -0.2456 0.8582
vn 0.1741 -0.8970 -0.4063
vn -0.1504 -0.7408 0.6547
vn -0.1941 0.9720 -0.1325
vn 0.4321 -0.9001 0.0547
vn -0.8663 -0.4506 -0.2154
vn 0.5950 0.6420 -0.4836
vn -0.3111 0.9324 -0.1840
vn -0.5852 -0.7076 -0.3960
vn 0.0957 0.8304 -0.5489
vn 0.5502 0.5040 -0.6658
vn -0.2082 -0.7080 -0.6748
vn 0.1244 0.9561 -0.2653
vn 0.3303 -0.8930 0.3057
vn 0.6235 0.7813 -0.0299
vn 0.4971 -0.5062 0.7047
vn 0.6748 -0.4344 0.5967
vn 0.7057 -0.3911 0.5907
vn 0.0833 -0.9960 0.0337
vn 0.2731 -0.9604 -0.0554
vn -0.6905 -0.6900 -0.2170
vn -0.3722 -0.8030 -0.4654
vn 0.4622 -0.8800 0.1090
vn 0.2633 -0.9365 0.2318
vn -0.5399 0.8014 -0.2572
vn 0.8989 0.2169 -0.3806
vn 0.7967 0.6038 0.0258
vn -0.4621 -0.6437 -0.6100
vn 0.5539 0.3102 -0.7727
vn 0.0165 0.0553 -0.9983
vn -0.2608 -0.1454 -0.9544
vn -0.9045 0.4264 0.0092
vn -0.4795 0.8675 0.1321
vn 0.0666 -0.9788 0.1938
vn 0.2109 -0.9287 0.3050
vn -0.1765 -0.9342 0.3100
vn 0.5087 -0.7836 -0.3565
vn 0.2595 -0.1451 0.9548
vn -0.5064 -0.6065 0.6130
vn 0.4456 -0.8382 0.3144
vn -0.9903 0.1137 -0.0804
vn -0.9584 0.1652 -0.2328
vn 0.9145 -0.3986 0.0691
vn -0.4722 0.7476 0.4670
vn -0.4836 0.8623 -0.1505
vn 0.9898 0.0160 -0.1416
vn -0.7356 0.6567 0.1663
vn -0.6802 0.6984 -0.2227
vn -0.1167 -0.8978 -0.4246
vn 0.3140 0.8700 -0.3801
vn 0.4170 -0.8031 -0.4256
vn 0.8635 0.1994 0.4632
vn 0.5675 -0.6173 -0.5449
vn 0.8117 -0.2174 0.5421
vn 0.0795 0.9669 -0.2423
vn -0.6798 -0.2416 -0.6924
vn 0.8882 -0.2206 -0.4031
vn -0.6445 0.7608 0.0758
vn -0.7891 -0.2944 0.5391
vn 0.6455 0.5087 -0.5696
vn 0.0409 -0.9982 -0.0443
vn 0.0529 -0.4991 0.8649
vn 0.5181 -0.1944 0.8329
vn -0.0105 0.8339 0.5518
vn -0.1795 0.5905 0.7868
vn -0.6478 0.7589 0.0663
vn 0.8084 0.5878 -0.0329
vn -0.8010 0.5456 -0.2466
vn 0.3706 0.9286 0.0206
vn -0.0902 0.9932 0.0734
vn 0.1042 -0.8851 -0.4536
vn 0.5191 -0.4143 0.7476
vn 0.8407 0.1700 -0.5142
vn 0.3416 -0.8540 -0.3924
vn -0.2591 -0.8112 -0.5242
vn 0.0105 -0.6134 0.7897
vn 0.2685 0.8708 -0.4118
vn 0.2407 -0.3667 0.8987
vn 0.5599 -0.0318 0.8279
vn -0.2547 0.0264 0.9667
vn -0.9887 0.1435 -0.0436
vn -0.8610 -0.4878 0.1440
vn 0.9935 -0.0535 0.1002
vn -0.0293 -0.9984 -0.0491
vn -0.5660 -0.5257 0.6351
vn 0.0097 0.3335 -0.9427
vn -0.1790 -0.2316 -0.9562
vn -0.8939 -0.4483 -0.0054
vn 0.9965 0.0830 0.0062
vn -0.9151 -0.2570 0.3107
vn -0.9351 -0.2382 0.2623
vn -0.6997 -0.6441 -0.3092
vn -0.9759 0.2177 -0.0157
vn 0.0853 0.8087 -0.5821
vn 0.8984 0.4365 0.0491
vn -0.4235 -0.8920 -0.1581
vn -0.7595 0.5985 0.2551
vn 0.4607 -0.7364 0.4955
vn 0.6423 -0.3713 0.6705
vn -0.4219 0.2246 -0.8784
vn 0.8205 0.5344 -0.2031
vn 0.7108 -0.5562 0.4306
vn 0.0447 -0.9985 -0.0311
vn 0.6196 -0.7755 0.1211
vn -0.1413 -0.8454 -0.5151
vn -0.2866 -0.6367 0.7158
vn 0.6463 -0.5507 0.5282
vn 0.8341 0.4974 0.2386
vn 0.9869 0.0860 -0.1367
vn 0.3618 -0.3888 -0.8473
vn -0.4824 0.3931 -0.7828
vn -0.3875 -0.6882 -0.6134
vn 0.2310 -0.9656 0.1197
vn 0.6375 0.5917 0.4934
vn -0.5974 0.4451 0.6671
vn 0.0049 0.1310 0.9914
vn 0.3987 -0.8722 -0.2833
vn 0.1830 0.8276 0.5306
vn 0.9949 -0.0997 0.0182
vn -0.2548 -0.4755 -0.8420
vn 0.0802 -0.9584 -0.2738
vn -0.1855 -0.4102 -0.8929
vn 0.1051 -0.7860 -0.6092
vn 0.2872 -0.2911 -0.9126
vn -0.1400 -0.7679 -0.6251
vn 0.2896 0.6762 -0.6774
vn 0.2413 0.8023 -0.5460
vn 0.7914 0.4469 -0.4171
vn 0.3488 -0.6724 -0.6529
vn 0.2381 -0.9712 0.0099
vn -0.2256 -0.9408 0.2529
vn 0.2904 -0.9569 0.0062
vn -0.5217 -0.5629 0.6411
vn -0.0841 -0.9306 -0.3562
vn 0.4319 -0.4251 -0.7955
vn 0.3405 -0.2420 -0.9086
vn -0.3743 0.5458 -0.7497
vn -0.7964 -0.5968 0.0973
vn -0.4371 -0.7077 -0.5551
vn 0.1822 -0.9478 -0.2618
vn 0.5350 -0.0265 -0.8444
vn -0.2939 0.1481 -0.9443
vn 0.0577 -0.7336 -0.6771
vn 0.8942 0.0431 0.4457
vn 0.7499 0.6559 -0.0863
vn -0.7950 0.5847 -0.1615
vn 0.2562 0.8779 0.4045
vn -0.4638 0.3926 0.7942
vn -0.1048 0.2989 0.9485
vn -0.5848 -0.5619 0.5850
vn 0.1607 -0.3500 0.9229
vn 0.0928 -0.5657 -0.8194
vn -0.2623 0.9507 0.1656
vn 0.3231 -0.3841 -0.8649
vn -0.2440 -0.9426 -0.2280
vn -0.0168 -0.9207 -0.3900
vn -0.0045 -0.2204 -0.9754
vn 0.1625 0.4388 -0.8838
vn 0.1012 -0.2933 -0.9506
vn -0.1109 0.3523 -0.9293
vn 0.7188 -0.3395 -0.6067
vn 0.0564 0.5343 -0.8434
vn -0.1627 -0.0247 -0.9864
vn 0.6133 0.1143 -0.7815
vn 0.3253 0.3480 -0.8793
vn -0.0191 -0.9964 -0.0822
vn -0.2229 0.3785 -0.8983
vn 0.1169 0.5441 -0.8309
vn 0.5578 -0.1750 0.8113
vn -0.2878 -0.4657 -0.8368
vn -0.3843 0.1534 -0.9104
vn -0.2123 -0.8027 -0.5573
vn -0.0381 -0.9516 -0.3050
vn -0.5806 -0.3960 -0.7113
vn 0.9470 -0.2829 -0.1523
vn 0.4450 0.5150 -0.7326
vn 0.3005 0.4788 0.8249
vn 0.0005 0.8666 0.4990
vn -0.0022 -0.9999 0.0124
vn -0.0130 0.8347 0.5505
vn -0.1416 0.3902 0.9098
vn -0.3528 0.6131 0.7069
vn 0.2847 -0.0996 -0.9534
vn -0.3237 -0.8186 0.4745
vn 0.2798 -0.7924 0.5420
vn 0.3499 0.1302 -0.9277
vn -0.9944 -0.0531 -0.0915
vn -0.8013 0.5821 0.1383
vn -0.2781 -0.9188 -0.2801
vn 0.2810 -0.8918 -0.3545
vn 0.3091 0.0251 -0.9507
vn -0.1844 -0.9793 -0.0829
vn 0.1024 -0.8816 -0.4607
vn -0.3906 -0.3917 -0.8330
vn -0.0634 0.9592 -0.2757
vn 0.8646 0.3581 -0.3524
vn 0.2622 -0.9124 0.3144
vn 0.2536 -0.3877 0.8862
vn -0.3036 -0.2353 -0.9233
vn -0.4008 -0.8700 -0.2871
vn 0.2688 -0.4655 -0.8432
vn 0.0420 0.0769 -0.9962
vn -0.7543 -0.6564 -0.0069
vn 0.1578 -0.4881 -0.8584
vn 0.9199 0.3440 -0.1881
vn -0.4997 -0.2982 -0.8133
vn -0.4145 0.7447 -0.5231
vn -0.1328 -0.3825 -0.9144
vn 0.3717 0.3510 -0.8594
vn -0.1571 0.8533 -0.4973
vn 0.8633 -0.5008 -0.0633
vn 0.3125 -0.7654 -0.5626
vn -0.7330 -0.0966 0.6733
vn -0.2476 -0.7111 -0.6580
vn -0.5447 0.0152 0.8385
vn 0.9019 0.2007 -0.3825
vn -0.9069 0.4197 -0.0377
vn -0.9151 -0.3912 -0.0978
vn 0.0923 -0.9264 -0.3650
vn 0.2301 -0.8143 -0.5330
vn 0.0661 -0.7082 -0.7029
vn -0.0620 0.1896 -0.9799
vn 0.3296 -0.5118 -0.7934
vn -0.0859 -0.0595 -0.9945
vn -0.4141 -0.8559 -0.3096
vn 0.4548 0.0092 -0.8906
vn -0.0836 -0.0668 -0.9943
vn -0.3484 0.8831 -0.3143
vn -0.4532 0.8879 -0.0789
vn -0.2851 -0.3151 -0.9052
vn 0.2020 -0.5604 0.8032
vn -0.0581 -0.9714 -0.2300
vn -0.1773 -0.0720 -0.9815
vn 0.0315 0.0419 -0.9986
vn 0.3228 -0.2352 -0.9168
vn 0.5677 0.7423 -0.3561
vn 0.0171 -0.9983 -0.0549
vn -0.6120 -0.6978 0.3722
vn -0.1946 -0.5180 -0.8330
vn -0.1230 0.4195 0.8994
vn 0.3017 -0.4591 0.8356
vn 0.0133 0.2888 -0.9573
vn 0.0083 -0.9992 0.0399
vn 0.7635 0.0866 -0.6399
vn 0.0039 -0.7276 -0.6860
vn 0.3514 0.7569 0.5510
vn -0.8700 -0.1405 -0.4727
vn -0.0353 -0.6666 -0.7446
vn 0.3984 0.2870 0.8711
vn -0.9715 -0.2140 -0.1021
vn 0.3460 -0.2679 0.8992
vn -0.8108 -0.5419 -0.2213
vn -0.8222 0.3978 0.4070
vn -0.5908 -0.7902 0.1626
vn 0.3423 -0.8882 -0.3066
vn -0.3288 -0.9262 0.1846
vn -0.2774 -0.9523 -0.1272
vn -0.2085 0.9155 -0.3440
vn 0.8723 0.2275 0.4328
vn 0.3819 0.9211 0.0763
vn -0.1546 0.1037 -0.9825
vn 0.0302 -0.8351 -0.5493
vn -0.6388 0.1612 -0.7523
vn -0.2468 -0.5009 -0.8296
vn -0.5705 -0.4092 -0.7121
vn -0.3655 -0.1062 -0.9247
vn 0.6356 0.0995 -0.7656
vn 0.6007 -0.3357 -0.7256
vn -0.1033 -0.4251 -0.8992
vn 0.0269 0.2296 -0.9729
vn 0.9745 -0.0024 -0.2242
vn -0.3219 -0.9326 -0.1631
vn 0.1030 -0.9832 0.1504
vn 0.5654 -0.8158 -0.1219
vn -0.4977 0.7161 0.4894
vn 0.5182 0.7705 0.3711
vn 0.9197 -0.3838 0.0831
vn -0.9358 -0.2642 0.2332
vn -0.9273 0.1060 0.3591
vn -0.6153 0.6444 0.4540
vn -0.1945 -0.7112 0.6756
vn -0.5325 -0.8071 0.2550
vn 0.0047 -0.9515 0.3077
vn -0.0486 -0.9988 0.0075
vn 0.4836 -0.8464 -0.2228
vn -0.2388 0.9578 -0.1600
vn 0.9365 -0.3259 0.1292
vn 0.2095 0.9485 0.2378
vn 0.1925 -0.8600 -0.4726
vn -0.3231 -0.9304 0.1733
vn 0.8770 0.4801 0.0204
vn 0.1131 -0.9344 -0.3378
vn -0.5673 -0.0535 -0.8217
vn -0.2616 -0.8078 -0.5283
vn -0.0929 -0.7104 -0.6977
vn 0.6866 -0.1407 -0.7133
vn -0.0132 -0.5357 -0.8443
vn -0.0985 -0.8422 -0.5301
vn -0.0110 -0.7166 0.6974
vn -0.1297 -0.8567 -0.4993
vn 0.1053 0.0939 -0.9900
vn 0.3026 -0.9354 -0.1827
vn -0.8767 0.4757 -0.0718
vn 0.9967 -0.0696 -0.0425
vn 0.5088 -0.5421 -0.6688
vn -0.1312 -0.8643 -0.4855
vn 0.0600 0.8770 -0.4767
vn -0.7645 -0.1473 -0.6276
vn -0.4891 -0.7234 -0.4873
vn -0.0164 0.9836 0.1796
vn 0.7403 0.0509 -0.6703
vn 0.2125 -0.6016 0.7700
vn -0.0416 -0.8598 0.5090
vn -0.2949 0.9032 0.3118
vn -0.3492 -0.9200 0.1777
vn 0.8175 -0.1971 0.5412
vn 0.2292 -0.5797 -0.7820
vn -0.5999 0.7791 0.1820
vn -0.1601 -0.8986 -0.4085
vn -0.1229 0.4194 0.8995
vn 0.8416 -0.1098 -0.5288
vn 0.0018 0.9916 0.1296
vn -0.0981 -0.8422 -0.5301
vn 0.2206 -0.8457 -0.4859
vn 0.8417 -0.1100 -0.5287
vn 0.6415 -0.7429 0.1910
vn -0.4534 -0.1419 0.8799
vn 0.2847 -0.6621 0.6932
vn 0.5859 -0.6606 -0.4694
vn -0.4261 -0.6477 0.6316
vn 0.1914 -0.8009 -0.5674
vn 0.7168 0.5055 -0.4803
vn -0.8677 -0.4409 0.2295
vn 0.2616 0.9636 0.0552
vn -0.0837 0.6685 -0.7390
vn 0.7237 0.5962 0.3477
vn -0.2715 0.8645 -0.4230
vn -0.5877 0.4517 -0.6713
vn -0.0955 0.6358 0.7659
vn 0.1532 0.4163 0.8962
vn 0.4818 -0.4051 0.7770
vn -0.0398 0.9958 0.0819
vn 0.9886 0.1493 0.0207
vn -0.0473 0.9263 0.3738
vn -0.2267 -0.9467 0.2287
vn 0.2558 -0.7871 0.5612
vn -0.8611 -0.4760 0.1784
vn 0.4916 -0.8542 0.1695
vn 0.0298 -0.9996 0.0035
vn 0.2768 -0.5756 0.7695
vn -0.4048 0.7650 0.5010
vn 0.3029 -0.9529 0.0137
vn -0.1581 -0.8713 -0.4646
vn 0.0628 -0.9161 0.3961
vn 0.4914 0.8244 -0.2808
vn 0.6474 0.5452 0.5325
vn -0.6724 -0.5852 -0.4532
vn -0.4607 -0.8467 0.2661
vn -0.4561 -0.8431 -0.2848
vn 0.6764 0.0765 -0.7325
vn 0.8710 -0.3473 0.3475
vn -0.9429 0.3219 0.0859
vn -0.3129 -0.9498 -0.0073
vn -0.1208 -0.5504 0.8261
vn -0.7076 -0.6083 -0.3596
vn -0.0243 0.9977 0.0627
vn -0.5701 0.3793 -0.7288
vn -0.7607 0.4715 -0.4462
vn 0.1709 0.4207 0.8910
vn 0.3465 0.5915 0.7280
vn -0.1653 0.9810 -0.1011
vn 0.3523 0.2842 -0.8917
vn -0.8732 0.4827 -0.0669
vn -0.4255 -0.7354 -0.5274
vn 0.0778 -0.7267 0.6826
vn -0.0754 0.5736 0.8157
vn -0.9500 0.1678 -0.2632
vn 0.4084 -0.8947 0.1810
vn -0.1721 0.0485 -0.9839
vn 0.8091 0.5683 -0.1496
vn -0.6385 -0.4948 0.5895
vn -0.8805 -0.3935 0.2646
vn 0.5005 -0.8653 -0.0285
vn 0.4554 0.8288 -0.3250
vn -0.3688 0.4457 0.8157
vn 0.5545 -0.4242 -0.7159
vn 0.1066 -0.3435 0.9331
vn 0.3204 -0.6389 0.6994
vn -0.2699 0.6606 0.7006
vn 0.6226 -0.2095 -0.7540
vn 0.2433 -0.1684 -0.9552
vn 0.0173 -0.2115 -0.9772
vn 0.0292 -0.6563 -0.7539
vn -0.7887 -0.5684 -0.2341
vn 0.4237 -0.7748 -0.4691
vn -0.4118 -0.6018 -0.6843
vn 0.0385 0.8361 -0.5473
vn 0.1437 -0.9795 0.1409
vn 0.5352 -0.1783 -0.8257
vn 0.4572 0.7563 -0.4680
vn -0.5624 0.0634 0.8245
vn -0.4636 -0.2405 0.8528
vn -0.6727 0.7361 0.0759
vn -0.4315 0.7753 -0.4612
vn -0.7733 0.5314 0.3458
vn -0.0403 -0.7534 -0.6563
vn 0.5933 -0.7850 -0.1780
vn -0.0984 -0.5079 0.8558
vn -0.8745 -0.2136 -0.4354
vn 0.4793 -0.8004 0.3600
vn -0.0820 -0.8966 0.4352
vn 0.0696 0.4452 0.8927
vn 0.2808 -0.8001 0.5301
vn -0.0063 -0.8614 0.5079
vn -0.2887 -0.8930 0.3452
vn -0.2811 -0.9530 -0.1131
vn -0.4981 0.8454 0.1931
vn -0.4965 0.8243 -0.2722
vn -0.0352 -0.7800 0.6248
vn 0.9994 0.0156 -0.0296
vn -0.4161 -0.4928 0.7642
vn 0.3872 -0.5666 -0.7274
vn -0.7180 -0.6863 0.1162
vn 0.6379 -0.7566 0.1440
vn -0.5169 -0.8539 0.0599
vn 0.3362 -0.5360 0.7744
vn 0.0702 -0.1884 0.9796
vn -0.4118 0.9084 -0.0723
vn 0.1032 0.9183 -0.3822
vn -0.3785 -0.4513 -0.8081
vn -0.2910 -0.0324 0.9562
vn 0.2478 0.4535 0.8561
vn -0.1946 -0.0783 -0.9777
vn 0.4212 0.1475 0.8949
vn 0.2019 0.5127 0.8345
vn -0.8571 -0.4257 0.2902
vn -0.1196 0.8895 0.4411
vn 0.6498 -0.6912 0.3164
vn 0.9823 0.1326 -0.1324
vn -0.4787 -0.7746 0.4134
vn -0.0322 -0.0814 0.9962
vn 0.4646 -0.8154 0.3455
vn -0.1157 0.6854 0.7189
vn 0.2789 -0.8956 0.3466
vn -0.8126 0.2164 0.5411
vn 0.4958 0.3912 0.7753
vn 0.5218 0.4108 0.7477
vn -0.7947 0.5426 0.2721
vn -0.2781 -0.8446 0.4575
vn 0.3860 -0.5521 0.7390
vn 0.0966 -0.7183 0.6890
vn 0.0919 -0.8941 -0.4383
vn -0.0261 -0.9600 -0.2789
vn -0.2883 -0.9531 -0.0920
vn 0.1070 -0.5762 0.8103
vn 0.6962 -0.4403 0.5670
vn -0.2417 0.0857 0.9666
vn 0.3530 -0.2917 -0.8890
vn -0.2185 -0.9227 -0.3176
vn 0.1516 -0.7813 0.6055
vn 0.0448 0.9449 -0.3244
vn 0.2163 0.1003 0.9712
vn -0.0264 -0.2093 -0.9775
vn 0.0659 0.3395 -0.9383
vn -0.1845 0.1306 -0.9741
vn -0.0898 0.4093 -0.9080
vn 0.1517 0.4295 -0.8902
vn -0.9813 0.1155 0.1537
vn -0.4283 -0.4058 0.8074
vn -0.4974 -0.4534 0.7396
vn -0.2455 0.5282 0.8128
vn 0.8333 0.4219 -0.3571
vn -0.9780 -0.2088 0.0043
vn -0.1903 -0.9771 0.0947
vn 0.1901 -0.5520 0.8119
vn -0.3458 -0.9081 0.2360
vn 0.1467 -0.9232 0.3551
vn 0.2353 -0.4781 0.8462
vn -0.4463 0.0929 0.8901
vn 0.0045 -0.4094 0.9124
vn 0.5477 0.1939 0.8139
vn -0.0005 -0.6108 0.7918
vn 0.5141 0.0026 0.8577
vn -0.1683 -0.8131 0.5573
vn 0.7617 -0.6400 0.1007
vn -0.6384 -0.4900 0.5937
vn -0.7240 0.6316 0.2773
vn 0.3707 0.8859 -0.2788
vn -0.2921 -0.9113 -0.2901
vn -0.4334 -0.1329 0.8914
vn 0.0355 -0.7167 -0.6965
vn -0.1091 -0.7164 0.6891
vn 0.3742 -0.3838 0.8442
vn -0.4806 0.0712 0.8740
vn 0.4920 0.1555 0.8566
vn 0.0218 0.5126 0.8584
vn 0.1374 0.4006 0.9059
vn 0.2095 0.0207 0.9776
vn 0.5404 0.3025 -0.7851
vn -0.7904 -0.4683 0.3950
vn 0.1044 0.0337 0.9940
vn 0.2326 -0.2202 -0.9473
vn 0.7001 0.1754 -0.6922
vn -0.2531 0.5136 0.8199
vn 0.9799 0.0849 -0.1806
vn 0.8715 -0.2395 0.4280
vn 0.5692 -0.7431 0.3519
vn 0.1856 -0.9776 0.0995
vn -0.1379 -0.4411 0.8868
vn -0.2055 -0.2078 0.9564
vn 0.2285 -0.3993 0.8879
vn -0.8648 -0.4717 0.1721
vn -0.8939 0.2532 0.3700
vn 0.7941 0.1722 0.5829
vn 0.1291 -0.2233 0.9662
vn -0.2698 0.6607 0.7005
vn 0.0856 -0.9854 -0.1474
vn 0.2538 -0.2516 0.9339
vn 0.3728 -0.9204 0.1178
vn -0.6539 -0.7554 -0.0416
vn -0.7556 -0.5491 0.3571
vn 0.0513 -0.8520 0.5210
vn 0.5142 -0.6247 -0.5877
vn -0.4928 -0.7124 -0.4997
vn 0.0401 -0.4843 -0.8740
vn 0.7703 -0.6289 0.1056
vn 0.7519 0.4564 -0.4757
vn -0.0911 0.8710 0.4828
vn 0.6692 0.2256 0.7081
vn -0.0233 0.9994 -0.0269
vn 0.3742 -0.3840 0.8441
vn -0.4950 0.0042 0.8689
vn 0.7319 -0.4874 0.4762
vn -0.7709 0.5905 0.2388
vn -0.9832 -0.1761 -0.0478
vn 0.1564 0.0915 0.9835
vn 0.3009 0.6099 0.7331
vn 0.1645 0.9104 -0.3797
vn -0.3754 -0.1621 0.9126
vn -0.9583 -0.0911 0.2707
vn -0.8981 -0.2168 -0.3825
vn 0.3710 0.5045 0.7797
vn 0.1551 0.5626 0.8121
vn 0.0291 -0.1985 0.9797
vn 0.8942 -0.3691 -0.2533
vn -0.9387 -0.2565 -0.2304
vn 0.2068 -0.2143 0.9546
vn 0.8395 0.4703 -0.2721
vn -0.1580 0.4105 0.8981
vn -0.0946 -0.2045 0.9743
vn -0.1084 -0.8290 0.5487
vn 0.3275 -0.2929 0.8983
vn 0.9044 -0.3596 0.2295
vn 0.2931 -0.2632 0.9191
vn -0.1843 -0.4043 0.8959
vn 0.0013 -0.7440 -0.6682
vn 0.1841 -0.7650 0.6172
vn -0.0177 -0.9028 0.4297
vn -0.1973 0.0062 0.9803
vn -0.1994 -0.7831 0.5890
vn -0.9448 0.2891 -0.1542
vn -0.9753 -0.1974 -0.0994
vn 0.5142 -0.6246 -0.5878
vn -0.8260 -0.1878 -0.5314
vn 0.7963 0.4887 0.3565
vn 0.1239 0.8079 0.5761
vn -0.1222 0.8044 0.5814
vn -0.4823 -0.1446 0.8640
vn -0.1636 -0.4104 0.8971
vn 0.7389 0.6597 0.1371
vn 0.8682 0.4683 0.1641
vn 0.5863 -0.0928 0.8048
vn -0.1992 -0.0817 0.9765
vn 0.0026 -0.4060 0.9139
vn 0.7815 -0.0119 -0.6238
vn -0.5114 -0.2212 0.8304
vn -0.1233 0.9555 0.2680
vn 0.0006 0.9846 0.1746
vn 0.4964 -0.3795 0.7807
vn 0.8620 -0.5064 0.0218
vn -0.2297 0.8564 0.4624
vn 0.0003 -0.0330 0.9995
vn 0.8373 0.5361 -0.1071
vn -0.2583 -0.1734 0.9504
vn 0.9908 -0.0700 -0.1161
vn -0.5209 -0.7448 -0.4171
vn 0.0163 -0.9282 -0.3717
vn 0.9870 -0.0420 -0.1549
vn -0.0328 -0.4548 0.8900
vn 0.9747 0.0459 0.2186
vn 0.5079 -0.7562 0.4125
vn -0.4315 0.0035 -0.9021
vn -0.1503 -0.9213 0.3586
vn -0.1733 -0.3643 0.9150
vn 0.9858 0.1599 -0.0522
vn 0.4293 0.0202 0.9029
vn 0.9470 -0.0053 -0.3212
vn 0.4774 -0.4637 0.7464
vn 0.9825 0.0506 -0.1791
vn 0.5937 -0.7982 -0.1015
vn -0.2722 0.1627 -0.9484
vn 0.5308 -0.8470 0.0285
vn 0.2082 0.2257 0.9517
vn -0.0733 0.2526 0.9648
vn -0.4502 -0.0681 0.8903
vn 0.4239 0.7930 0.4375
vn 0.0873 -0.8037 0.5886
vn 0.1386 -0.7184 0.6817
vn -0.3117 -0.7755 0.5490
vn 0.2873 0.1627 -0.9439
vn 0.9350 0.1077 -0.3380
vn 0.6024 0.0696 0.7952
vn -0.9818 0.1887 0.0209
vn -0.3961 -0.3035 0.8666
vn -0.3227 -0.7698 0.5507
vn -0.9791 0.1660 -0.1177
vn -0.7596 -0.6042 0.2407
vn -0.9970 0.0708 -0.0307
vn 0.9741 0.2203 0.0500
vn -0.5299 -0.6973 0.4827
vn -0.6188 -0.7850 -0.0280
vn 0.3235 -0.6619 0.6762
vn 0.0234 -0.4709 0.8819
vn -0.3501 -0.6128 -0.7085
vn -0.2230 -0.8210 0.5255
vn 0.0683 -0.1011 0.9925
vn 0.2060 -0.9782 -0.0273
vn 0.0986 -0.3794 0.9200
vn -0.3534 -0.5512 0.7558
vn -0.0661 -0.8941 0.4430
vn -0.3746 -0.0295 -0.9267
vn -0.2901 0.0052 0.9570
vn -0.6838 -0.3946 0.6138
vn -0.5349 0.5522 -0.6395
vn 0.5028 -0.6919 -0.5182
vn -0.4497 -0.8625 -0.2323
vn 0.1022 -0.9930 0.0598
vn -0.3771 0.5064 -0.7755
vn -0.8586 0.2898 0.4228
vn -0.5391 0.8019 -0.2575
vn 0.8150 0.4990 0.2947
vn 0.7441 0.1732 0.6452
vn -0.7208 -0.4834 0.4968
vn -0.4658 0.8751 -0.1313
vn -0.4853 0.8736 -0.0349
vn 0.4196 -0.5589 0.7152
vn 0.5977 -0.4827 0.6401
vn 0.2250 -0.8238 0.5203
vn -0.0692 -0.9095 0.4099
vn 0.9078 0.1845 0.3766
vn -0.6409 0.7367 0.2155
vn 0.9505 0.2996 -0.0820
vn -0.3462 -0.6655 -0.6613
vn -0.0855 -0.0086 -0.9963
vn -0.0214 -0.5622 -0.8267
vn 0.0296 0.1152 -0.9929
vn -0.4545 -0.0840 -0.8868
vn -0.6594 -0.3825 -0.6472
vn 0.4788 -0.4664 -0.7438
vn 0.8036 -0.4423 -0.3982
vn -0.6016 0.0392 -0.7978
vn -0.0056 0.9794 -0.2017
vn 0.0194 -0.9880 -0.1535
vn -0.2567 -0.9642 -0.0661
vn 0.0148 -0.9910 0.1330
vn 0.2275 -0.9024 0.3660
vn -0.5460 -0.3960 0.7383
vn -0.0764 -0.7522 0.6544
vn -0.1437 -0.7433 0.6533
vn 0.1679 0.4459 0.8792
vn 0.1561 -0.9784 -0.1354
vn 0.8752 -0.1174 -0.4693
vn 0.3398 0.5697 0.7483
vn 0.9046 0.2778 0.3235
vn -0.5172 -0.7729 0.3677
vn -0.7364 -0.4359 -0.5175
vn -0.4383 0.2876 0.8516
vn 0.8563 -0.5084 0.0909
vn 0.5464 0.6594 -0.5163
vn -0.6543 -0.6114 0.4450
vn -0.9867 -0.0497 0.1548
vn -0.2011 -0.5810 0.7887
vn -0.9841 0.1679 -0.0575
vn -0.0307 0.9442 -0.3281
vn 0.0438 -0.9851 -0.1666
vn -0.0275 -0.9521 -0.3047
vn -0.3382 -0.9317 -0.1326
vn 0.0867 -0.4431 -0.8923
vn -0.3210 -0.7956 -0.5138
vn 0.1870 -0.3236 -0.9275
vn -0.7427 -0.3782 -0.5526
vn 0.2275 0.4749 -0.8501
vn -0.2192 -0.2116 -0.9524
vn -0.2929 0.5786 -0.7612
vn 0.4835 0.2523 -0.8382
vn 0.3189 -0.6947 0.6447
vn -0.2278 -0.7419 0.6306
vn 0.0630 -0.8381 0.5419
vn -0.3773 -0.8736 0.3074
vn 0.0999 0.0280 0.9946
vn 0.1642 -0.9315 0.3247
vn 0.5471 -0.0087 -0.8370
vn -0.0776 -0.9558 -0.2836
vn 0.3663 0.3374 0.8672
vn 0.9889 -0.1253 0.0795
vn 0.1642 0.8958 0.4130
vn -0.7342 0.6586 0.1649
vn 0.9667 -0.0936 -0.2383
vn -0.9080 0.3537 -0.2245
vn -0.0560 -0.1004 -0.9934
vn 0.4520 0.1276 -0.8829
vn 0.2065 0.7027 -0.6809
vn -0.3476 0.8912 -0.2915
vn -0.2713 0.9400 0.2068
vn 0.2016 -0.2978 -0.9331
vn -0.0613 -0.9980 -0.0173
vn 0.7412 -0.6552 0.1462
vn 0.6107 0.2695 0.7446
vn 0.0139 0.9684 0.2490
vn -0.3953 0.8315 0.3903
vn 0.0224 0.9909 0.1325
vn 0.2067 -0.3836 -0.9001
vn 0.0365 0.6479 -0.7609
vn -0.0387 -0.0408 -0.9984
vn -0.0934 0.0465 -0.9945
vn 0.2823 -0.4693 -0.8367
vn -0.3256 -0.2097 -0.9220
vn 0.0057 -0.0263 -0.9996
vn -0.2027 -0.4558 -0.8667
vn -0.2189 0.1273 -0.9674
vn 0.2845 0.0522 -0.9572
vn -0.0474 -0.0573 -0.9972
vn 0.7738 -0.1286 -0.6202
vn -0.8874 -0.3930 -0.2408
vn 0.3427 -0.1386 -0.9291
vn 0.1782 -0.9409 -0.2879
vn -0.3894 -0.8596 -0.3307
vn 0.6385 0.0155 -0.7695
vn 0.2369 0.1303 -0.9628
vn -0.9476 -0.0280 -0.3183
vn -0.3710 0.2506 -0.8942
vn -0.1054 -0.0493 -0.9932
vn 0.0062 0.0592 -0.9982
vn -0.8909 0.2320 -0.3904
vn -0.7964 0.0112 -0.6047
vn 0.6814 -0.0964 -0.7255
vn -0.1721 -0.6586 -0.7326
vn -0.2244 -0.8947 0.3862
vn -0.0355 0.4675 -0.8833
vn 0.2511 -0.9157 0.3139
vn 0.9196 -0.3324 0.2093
vn 0.2204 0.4787 -0.8499
vn -0.8976 0.1431 -0.4169
vn -0.1711 -0.1269 -0.9771
vn -0.0823 -0.0442 -0.9956
vn 0.1501 -0.0567 -0.9870
vn -0.2653 -0.8268 0.4960
vn -0.5980 -0.8013 0.0154
vn -0.1535 -0.7058 -0.6915
vn 0.2062 0.2300 -0.9511
vn -0.3547 0.9001 0.2530
vn -0.7279 0.1916 -0.6584
vn -0.7538 0.3256 -0.5707
vn 0.0843 -0.0534 -0.9950
vn 0.0014 -0.2585 -0.9660
vn -0.0845 -0.2614 -0.9615
vn -0.2052 0.3902 -0.8976
vn 0.0113 -0.0226 -0.9997
vn 0.0049 0.2121 -0.9772
vn 0.7699 0.5010 0.3953
vn 0.0274 0.3409 -0.9397
vn -0.2104 -0.1808 -0.9607
vn -0.1570 0.7124 -0.6840
vn -0.8083 -0.3837 -0.4466
vn 0.3406 0.5095 -0.7902
vn -0.0922 0.6518 -0.7528
vn -0.8654 -0.4988 -0.0480
vn 0.0225 0.4155 -0.9093
vn 0.9238 0.1041 0.3685
vn 0.4772 -0.8753 0.0787
vn 0.0135 0.9611 0.2758
vn -0.7157 -0.6635 0.2179
vn -0.9287 0.2252 0.2945
vn 0.9591 -0.2744 -0.0695
vn 0.7663 0.4594 -0.4492
vn -0.0364 0.8593 0.5102
vn 0.0388 -0.8368 -0.5461
vn 0.1275 -0.9422 -0.3100
vn 0.1993 -0.6045 -0.7713
vn -0.7439 -0.6598 -0.1061
vn 0.0571 -0.2300 -0.9715
vn -0.0260 -0.7453 -0.6662
vn 0.0049 -0.4404 -0.8978
vn 0.0312 0.0621 -0.9976
vn 0.4422 -0.6228 -0.6454
vn 0.4107 -0.4079 -0.8155
vn 0.5186 -0.4442 -0.7306
vn 0.3178 -0.3875 -0.8654
vn 0.2961 -0.1401 -0.9448
vn 0.6074 -0.3685 -0.7038
vn 0.7724 -0.4577 -0.4403
vn -0.9395 -0.3424 -0.0116
vn -0.9676 -0.2005 -0.1532
vn 0.3138 -0.7281 -0.6094
vn -0.4001 -0.2233 -0.8888
vn -0.5068 -0.2259 -0.8319
vn -0.8877 -0.2425 -0.3915
vn 0.7062 -0.0516 -0.7061
vn -0.7491 -0.1608 -0.6427
vn 0.2930 -0.3413 -0.8931
vn 0.1504 0.2456 -0.9576
vn -0.3117 0.8284 -0.4655
vn 0.6461 0.0643 -0.7605
vn -0.4751 0.5816 -0.6603
vn -0.4798 -0.4896 0.7281
vn 0.7676 0.3107 -0.5606
vn 0.5575 -0.1451 -0.8174
vn 0.4376 -0.0709 -0.8964
vn 0.0587 -0.0500 -0.9970
vn 0.5569 0.0784 -0.8268
vn 0.5419 -0.4689 -0.6975
vn -0.4838 0.5124 -0.7095
vn 0.1246 0.8593 0.4961
vn 0.0204 -0.9361 -0.3511
vn -0.5535 0.8195 -0.1486
vn -0.7865 0.6054 -0.1220
vn 0.1122 -0.5214 -0.8459
vn 0.4741 0.4069 -0.7808
vn -0.2841 -0.0661 -0.9565
vn -0.4607 -0.0155 -0.8874
vn 0.1123 0.5054 -0.8555
vn 0.4932 0.5897 -0.6396
vn -0.4477 0.8116 0.3754
vn -0.8063 -0.5707 0.1553
vn 0.0379 0.9060 0.4216
vn -0.5982 -0.7981 0.0726
vn 0.2424 -0.7471 -0.6189
vn 0.2716 -0.8136 -0.5140
vn -0.4156 -0.4954 -0.7628
vn -0.6341 -0.5691 -0.5235
vn 0.0375 0.5685 -0.8218
vn 0.6191 -0.5985 -0.5084
vn 0.3562 0.2088 -0.9108
vn -0.4655 0.4381 -0.7691
vn -0.6366 -0.4449 -0.6300
vn 0.5687 -0.3010 -0.7655
vn 0.8059 0.4630 -0.3689
vn 0.3462 -0.3776 -0.8588
vn 0.5040 -0.1041 -0.8574
vn 0.8946 -0.1747 -0.4114
vn -0.7599 -0.3139 -0.5692
vn 0.9064 -0.2576 -0.3348
vn -0.3249 0.0512 -0.9444
vn 0.6099 0.0054 -0.7925
vn 0.6238 -0.1401 -0.7689
vn -0.5488 -0.2036 -0.8108
vn 0.7806 0.0102 -0.6249
vn 0.1046 -0.6246 0.7739
vn 0.8614 0.1909 -0.4706
vn -0.5014 -0.0180 -0.8651
vn 0.8400 0.1553 -0.5198
vn -0.6727 0.7398 0.0115
vn 0.7201 -0.2659 -0.6409
vn 0.2204 -0.3197 -0.9215
vn -0.0351 -0.7139 -0.6993
vn -0.5358 -0.8418 0.0655
vn 0.0034 -0.1553 -0.9879
vn -0.1226 -0.0326 -0.9919
vn 0.4503 -0.8752 0.1767
vn -0.6522 -0.4576 -0.6043
vn 0.9793 0.0913 -0.1807
vn 0.8901 0.4502 0.0710
vn -0.4994 0.7472 -0.4384
vn 0.1908 0.9402 -0.2820
vn -0.1857 0.7713 -0.6088
vn 0.0466 0.9186 -0.3924
vn -0.9915 -0.0545 0.1183
vn 0.9870 -0.0933 -0.1305
vn 0.9882 0.1171 0.0987
vn -0.9416 0.2844 0.1804
vn -0.5184 0.8410 0.1550
vn 0.9251 0.1315 0.3562
vn -0.4125 -0.9105 -0.0293
vn 0.0801 -0.9527 -0.2931
vn -0.1224 -0.9022 -0.4137
vn 0.7118 -0.6058 -0.3555
vn 0.6526 -0.5532 -0.5177
vn 0.6584 -0.6175 -0.4304
vn -0.3191 0.1726 -0.9319
vn 0.2239 0.5034 -0.8346
vn -0.2544 0.2692 -0.9289
vn -0.1323 -0.7824 -0.6085
vn -0.1094 0.3296 -0.9377
vn 0.6498 -0.1373 -0.7476
vn -0.3182 -0.0809 -0.9446
vn -0.5560 0.1751 -0.8125
vn 0.2143 0.0263 -0.9764
vn 0.1536 -0.1712 -0.9732
vn -0.3116 0.4851 -0.8171
vn -0.7649 0.6197 0.1757
vn -0.0142 -0.1662 -0.9860
vn -0.3285 -0.8692 -0.3695
vn -0.9728 0.2063 -0.1056
vn 0.7364 0.6217 -0.2669
vn 0.0600 -0.2229 0.9730
vn 0.6024 -0.3847 0.6994
vn -0.1804 0.7365 -0.6520
vn 0.2928 0.9053 -0.3077
vn 0.1370 -0.9534 0.2689
vn -0.1795 -0.3102 0.9336
vn 0.4245 -0.7054 0.5677
vn 0.1256 -0.0868 -0.9883
vn 0.1494 0.4819 -0.8634
vn -0.9272 -0.3706 0.0540
vn -0.3123 -0.4565 -0.8331
vn -0.6196 0.5046 -0.6012
vn -0.9479 0.0461 0.3154
vn 0.6246 0.4437 0.6426
vn -0.3683 0.9214 -0.1240
vn -0.0167 0.8124 -0.5829
vn -0.0296 0.9530 -0.3015
vn -0.1498 0.8875 -0.4357
vn 0.7117 -0.7021 0.0218
vn -0.9482 -0.3104 0.0683
vn 0.8368 0.4378 0.3286
vn -0.0101 0.9371 0.3488
vn 0.0699 0.8470 0.5270
vn -0.0015 -0.9016 0.4327
vn -0.2406 -0.8787 -0.4123
vn -0.5292 -0.8446 0.0805
vn -0.6859 -0.6906 -0.2293
vn 0.6997 -0.6977 -0.1534
vn -0.7386 -0.6722 0.0519
vn 0.9648 -0.1338 0.2265
vn -0.8456 -0.5190 -0.1253
vn -0.9042 -0.4266 -0.0199
vn -0.8708 -0.3201 -0.3731
vn 0.8515 -0.3305 -0.4071
vn -0.4406 0.0709 -0.8949
vn -0.7596 0.4587 -0.4610
vn -0.7248 0.0400 -0.6878
vn 0.6961 -0.6100 -0.3786
vn 0.9173 0.0554 -0.3944
vn -0.9454 -0.1875 -0.2664
vn 0.0266 -0.6283 0.7775
vn 0.4499 -0.0081 -0.8930
vn -0.7521 -0.4158 0.5113
vn 0.0027 0.1732 -0.9849
vn 0.1033 -0.5173 0.8495
vn 0.1346 -0.6004 0.7883
vn -0.2564 -0.2278 -0.9393
vn 0.9861 -0.0969 -0.1348
vn -0.1607 -0.1401 0.9770
vn 0.8411 -0.4904 0.2281
vn -0.5251 0.6835 -0.5071
vn -0.2653 -0.3710 0.8900
vn 0.9352 0.3493 0.0580
vn 0.4636 -0.8523 -0.2421
vn -0.8707 -0.4421 0.2157
vn -0.0408 -0.9927 -0.1133
vn 0.9183 0.3143 0.2408
vn 0.6380 0.3859 -0.6664
vn 0.8924 -0.4102 -0.1878
vn -0.8999 0.2502 -0.3571
vn 0.7849 0.6024 0.1448
vn 0.3576 0.8632 -0.3564
vn 0.6033 0.7888 -0.1179
vn 0.0591 0.9926 -0.1056
vn 0.7876 0.6145 -0.0448
vn 0.9732 0.2264 0.0390
vn 0.0441 -0.9862 -0.1595
vn -0.2894 -0.9553 -0.0604
vn 0.8876 -0.4606 0.0022
vn -0.6762 -0.5712 -0.4653
vn -0.7026 -0.6308 -0.3293
vn -0.7949 -0.6059 -0.0306
vn -0.0823 0.4072 -0.9096
vn 0.9099 -0.3670 -0.1935
vn 0.2412 0.5627 -0.7907
vn 0.2750 0.4015 -0.8736
vn -0.0426 -0.4452 -0.8944
vn -0.4009 -0.6137 -0.6802
vn -0.1985 0.1498 -0.9686
vn -0.1710 -0.2636 -0.9494
vn 0.5297 0.0141 -0.8480
vn 0.1069 -0.0279 -0.9939
vn 0.7300 -0.1429 -0.6683
vn -0.3718 -0.1851 -0.9097
vn -0.8496 -0.5215 -0.0791
vn -0.1126 -0.5661 0.8166
vn 0.7083 -0.7059 0.0052
vn -0.3626 -0.5764 0.7323
vn -0.8784 -0.4381 -0.1912
vn 0.1387 -0.2777 0.9506
vn 0.4252 -0.8178 0.3877
vn -0.3173 -0.5329 0.7845
vn -0.0113 0.6194 -0.7850
vn -0.0595 -0.2432 0.9681
vn -0.0276 -0.9345 0.3549
vn -0.0715 -0.3752 -0.9242
vn -0.8390 0.5379 0.0820
vn 0.0123 0.7325 -0.6806
vn 0.6714 0.6977 -0.2499
vn -0.5035 0.8570 -0.1101
vn -0.9435 -0.3315 0.0034
vn -0.2850 0.9429 -0.1725
vn -0.0313 0.9900 -0.1379
vn -0.4393 0.8978 -0.0295
vn 0.1440 0.9690 -0.2008
vn -0.1070 0.9881 -0.1108
vn 0.9764 -0.1814 0.1169
vn -0.8463 0.5316 -0.0340
vn 0.0360 -0.8754 0.4821
vn -0.6338 -0.6410 0.4329
vn -0.2199 -0.9718 -0.0856
vn -0.2078 -0.9746 -0.0830
vn 0.2343 -0.9333 -0.2723
vn 0.7215 -0.6705 -0.1727
vn 0.6666 -0.7424 -0.0666
vn -0.0007 0.7442 -0.6680
vn 0.8788 -0.4635 -0.1133
vn 0.9577 -0.2845 0.0439
vn -0.9808 -0.1679 -0.0996
vn 0.2958 -0.5683 0.7678
vn -0.4397 -0.6292 0.6409
vn -0.7212 -0.1679 0.6721
vn 0.0055 -0.9653 0.2611
vn -0.0978 -0.7390 0.6665
vn 0.0008 -0.5635 0.8261
vn -0.0807 -0.8028 0.5908
vn 0.9827 -0.0880 -0.1630
vn -0.3577 -0.9290 0.0947
vn 0.1216 0.9885 -0.0903
vn 0.0802 0.5612 -0.8238
vn -0.2975 0.8680 0.3975
vn 0.8498 -0.2497 -0.4643
vn -0.8731 -0.4081 -0.2667
vn -0.7221 -0.6300 -0.2859
vn -0.4144 -0.9093 -0.0365
vn -0.9931 -0.0970 -0.0656
vn 0.5375 -0.8236 -0.1811
vn -0.6039 0.7877 0.1220
vn 0.0089 0.8640 0.5034
vn 0.3644 -0.9217 -0.1330
vn -0.7136 -0.6928 -0.1037
vn -0.5062 -0.8587 -0.0798
vn 0.7872 -0.6121 -0.0752
vn 0.8000 -0.5760 0.1682
vn -0.3334 0.7835 -0.5244
vn -0.8262 -0.5461 0.1386
vn -0.9378 -0.3323 0.1007
vn 0.9763 -0.2146 -0.0294
vn -0.4900 -0.8699 0.0554
vn -0.9810 -0.1923 -0.0240
vn -0.3350 0.0975 -0.9372
vn 0.7587 0.2132 -0.6155
vn 0.9263 -0.2454 -0.2859
vn -0.9473 -0.0267 0.3192
vn 0.5123 0.6379 -0.5749
vn -0.2486 -0.9686 -0.0085
vn -0.2447 0.1467 0.9584
vn 0.5181 -0.7277 -0.4494
vn -0.0468 -0.9985 -0.0278
vn 0.3562 0.3451 -0.8683
vn -0.8747 0.4387 0.2062
vn -0.7945 0.5264 0.3027
vn -0.3757 0.9261 -0.0354
vn 0.0113 0.9998 0.0150
vn -0.8041 -0.5788 -0.1356
vn -0.7460 0.6441 0.1694
vn 0.8588 0.0482 0.5101
vn 0.3633 0.8040 0.4708
vn 0.2247 -0.9742 0.0212
vn -0.3745 0.6795 -0.6309
vn -0.5440 -0.8381 0.0418
vn -0.5881 -0.2420 0.7717
vn 0.8314 -0.5491 -0.0849
vn -0.9816 -0.1622 0.1003
vn -0.9059 -0.4223 -0.0316
vn -0.5527 0.5235 -0.6485
vn 0.1360 -0.9890 0.0574
vn 0.9982 0.0228 -0.0554
vn -0.2388 -0.9464 0.2173
vn 0.6405 0.7162 0.2772
vn -0.4830 0.8755 -0.0143
vn 0.0409 0.9962 0.0771
vn -0.0561 -0.9444 -0.3239
vn 0.7620 0.0017 0.6476
vn 0.5251 -0.8505 0.0292
vn -0.8406 -0.5335 -0.0937
vn 0.9295 -0.3611 0.0756
vn 0.2781 0.0228 -0.9603
vn -0.9679 -0.1962 0.1572
vn 0.9709 -0.1470 0.1889
vn 0.9890 -0.1213 0.0840
vn -0.9695 0.1158 0.2161
vn -0.9891 -0.0694 0.1300
vn -0.8874 0.1950 0.4178
vn 0.9720 0.2102 -0.1049
vn 0.9952 -0.0955 0.0202
vn -0.4950 -0.5021 0.7091
vn 0.9228 0.3028 0.2382
vn 0.6503 0.7575 -0.0578
vn 0.1293 0.9883 -0.0813
vn -0.2992 -0.9479 0.1095
vn 0.2923 -0.5837 0.7576
vn -0.6598 -0.7454 -0.0955
vn -0.9139 0.0057 -0.4060
vn 0.0029 0.8161 0.5778
vn -0.1804 -0.9836 -0.0067
vn 0.3121 -0.9500 0.0002
vn -0.3668 -0.8525 -0.3723
vn 0.4743 -0.8804 0.0011
vn -0.6907 -0.6764 -0.2560
vn -0.1023 0.3335 -0.9372
vn 0.8799 -0.4095 0.2410
vn 0.9941 -0.1011 0.0398
vn 0.8818 -0.2351 -0.4089
vn -0.9483 0.2788 0.1516
vn 0.1795 -0.9564 -0.2303
vn 0.9145 -0.3950 -0.0879
vn -0.6430 -0.7587 -0.1042
vn -0.6843 -0.5008 0.5301
vn -0.9325 -0.3234 0.1607
vn -0.5640 0.8212 -0.0870
vn 0.8862 -0.4515 -0.1044
vn 0.5203 0.8022 -0.2928
vn -0.1704 0.9274 -0.3331
vn -0.4624 -0.5497 0.6957
vn -0.9760 -0.0195 0.2168
vn -0.4297 -0.7767 0.4606
vn 0.0510 0.9109 0.4094
vn -0.1809 -0.8446 -0.5039
vn -0.0619 -0.8186 0.5710
vn -0.5497 0.7864 0.2817
vn -0.6172 0.5715 0.5408
vn -0.0036 0.7967 0.6044
vn -0.2437 -0.9696 0.0201
vn -0.5458 -0.8283 0.1262
vn -0.8543 -0.4563 0.2490
vn -0.8859 -0.2743 0.3742
vn 0.0715 -0.9325 0.3541
vn 0.0065 -0.7457 0.6662
vn 0.8974 -0.0403 0.4394
vn -0.4839 0.8729 0.0629
vn -0.9690 -0.2022 0.1418
vn 0.2680 0.9622 -0.0475
vn 0.3049 0.5843 -0.7521
vn -0.3438 -0.7573 -0.5553
vn -0.8919 -0.0798 0.4451
vn 0.8547 -0.5120 0.0855
vn -0.0828 0.8638 0.4971
vn 0.0035 -1.0000 0.0032
vn 0.0162 -0.9992 0.0354
vn -0.3759 -0.9263 -0.0266
vn 0.8391 -0.5410 0.0567
vn -0.0604 0.5443 0.8367
vn -0.3711 -0.8464 -0.3820
vn -0.8321 0.2994 0.4668
vn -0.0160 -0.8753 0.4833
vn -0.3498 -0.3013 0.8870
vn -0.1772 -0.9341 0.3099
vn -0.4024 -0.8125 0.4218
vn 0.9229 0.3026 0.2382
vn 0.8670 -0.1467 0.4762
vn 0.7792 -0.2472 0.5760
vn -0.6842 -0.5009 0.5301
vn 0.8325 0.5533 0.0294
vn -0.7151 0.5563 0.4233
vn 0.5256 0.8405 -0.1312
vn -0.3161 0.9483 -0.0289
vn -0.8956 -0.2969 -0.3312
vn -0.9574 -0.2483 -0.1472
vn 0.5809 0.3817 0.7190
vn 0.8079 -0.5259 -0.2661
vn 0.7421 -0.6624 0.1027
vn -0.7845 -0.5607 0.2647
vn 0.8644 -0.4926 -0.1011
vn -0.8797 -0.4261 0.2110
vn -0.8826 -0.3735 0.2857
vn 0.8871 -0.4188 0.1941
vn 0.9712 -0.1968 0.1344
vn -0.8930 -0.1720 0.4159
vn 0.9715 -0.1691 0.1659
vn -0.9501 0.0489 0.3081
vn 0.9239 0.1486 0.3527
vn -0.1416 -0.9722 0.1866
vn 0.9419 0.3210 -0.0989
vn -0.8893 0.4385 0.1302
vn 0.9824 -0.1516 -0.1095
vn -0.9191 0.1493 0.3648
vn -0.8848 -0.3837 0.2646
vn 0.1456 0.9617 0.2322
vn -0.5934 0.7613 0.2614
vn -0.3164 0.9474 -0.0488
vn 0.2933 0.8813 0.3705
vn -0.0610 0.9743 0.2168
vn -0.3024 0.5459 -0.7814
vn -0.6367 0.5840 0.5035
vn -0.0092 0.9926 0.1212
vn 0.2055 0.6981 0.6859
vn -0.5937 -0.8045 0.0167
vn -0.6089 -0.7917 0.0492
vn 0.8714 -0.4812 0.0948
vn 0.6646 -0.7470 0.0190
vn -0.9408 0.1919 0.2794
vn 0.2063 -0.9744 -0.0894
vn 0.6635 0.7455 -0.0639
vn 1.0000 0.0036 -0.0033
vn -0.5049 0.8305 0.2351
vn -0.5890 0.2312 0.7744
vn 0.5893 0.7942 -0.1481
vn 0.1161 0.9859 0.1206
vn 0.1068 -0.7318 0.6731
vn 0.9619 0.1016 -0.2537
vn -0.4811 -0.8766 -0.0056
vn 0.2627 -0.9510 -0.1633
vn -0.9554 0.0186 -0.2948
vn -0.7653 -0.6436 0.0070
vn -0.0459 -0.9948 -0.0910
vn 0.5717 0.2577 0.7789
vn 0.0137 0.5327 0.8462
vn 0.0008 0.6908 0.7230
vn -0.6469 -0.5026 0.5735
vn 0.0416 -0.9911 0.1265
vn 0.5213 -0.8433 0.1303
vn 0.7253 -0.4633 0.5092
vn 0.2241 -0.9723 0.0661
vn 0.9727 -0.2020 0.1146
vn -0.9507 -0.0820 0.2989
vn 0.7801 -0.6256 -0.0109
vn -0.5729 0.7296 0.3734
vn 0.6877 0.3692 -0.6251
vn 0.2689 0.5216 0.8097
vn 0.3984 0.9114 0.1031
vn -0.0005 0.8173 0.5762
vn 0.9311 -0.0705 0.3580
vn 0.6109 -0.7881 -0.0752
vn 0.5148 0.8553 -0.0595
vn 0.1183 -0.9094 0.3988
vn -0.7544 0.2762 -0.5955
vn -0.6656 0.4185 0.6179
vn -0.1348 0.8499 0.5093
vn 0.1508 0.5904 0.7929
vn -0.0019 0.5715 0.8206
vn 0.0764 -0.9456 0.3163
vn -0.6704 -0.3907 0.6307
vn 0.8206 -0.5490 0.1589
vn 0.9068 -0.1879 0.3774
vn 0.8490 -0.5284 -0.0052
vn -0.9509 -0.0862 0.2974
vn 0.0429 -0.9989 0.0201
vn 0.8900 0.4385 -0.1249
vn -0.8395 -0.5200 0.1576
vn -0.8641 0.3001 0.4040
vn -0.9278 -0.3605 0.0962
vn -0.6646 0.6365 0.3915
vn -0.5659 0.8048 0.1791
vn 0.1632 0.9794 0.1189
vn -0.3991 0.7992 0.4495
vn -0.1827 0.9769 -0.1105
vn -0.3931 0.6211 0.6780
vn 0.0755 -0.9961 0.0461
vn -0.3837 -0.9169 0.1103
vn 0.3130 -0.9490 -0.0379
vn 0.4762 -0.8462 0.2391
vn -0.6420 -0.7106 0.2877
vn 0.5951 -0.6142 0.5183
vn 0.6884 -0.6725 0.2718
vn 0.5979 0.4118 0.6877
vn 0.8867 0.4425 0.1335
vn -0.9467 -0.2551 0.1968
vn 0.6292 -0.7425 -0.2297
vn -0.6831 -0.5805 0.4432
vn -0.9193 -0.2975 0.2577
vn 0.0777 -0.2562 0.9635
vn 0.1901 0.6866 0.7018
vn 0.6431 0.6093 0.4640
vn -0.6082 -0.6131 0.5041
vn 0.2780 0.1252 0.9524
vn 0.2615 0.8380 -0.4789
vn 0.7069 0.6255 0.3303
vn -0.1514 -0.1328 0.9795
vn 0.5217 0.7995 0.2978
vn -0.7116 -0.5286 0.4628
vn 0.7687 -0.4642 -0.4399
vn -0.4617 0.6820 0.5672
vn -0.9245 0.3029 0.2315
vn -0.0694 0.9927 0.0988
vn -0.3731 -0.8686 0.3261
vn -0.5720 -0.8055 -0.1550
vn -0.1696 -0.9742 0.1488
vn 0.8965 0.3669 0.2484
vn -0.3333 -0.5915 -0.7342
vn -0.7604 0.4527 0.4656
vn 0.9569 0.1470 0.2505
vn -0.2955 0.5468 0.7834
vn -0.0023 -0.9654 0.2607
vn -0.4699 -0.8371 0.2801
vn -0.2958 -0.8430 0.4493
vn 0.4096 -0.8931 0.1859
vn -0.6520 -0.6711 0.3529
vn 0.9554 -0.1404 0.2597
vn -0.2417 -0.6506 -0.7199
vn 0.3078 -0.7243 0.6170
vn -0.3876 -0.7314 0.5610
vn 0.9384 0.3305 -0.1013
vn 0.5421 0.2634 -0.7980
vn 0.5245 0.7163 -0.4602
vn -0.4366 -0.4924 0.7529
vn -0.0860 0.8838 -0.4598
vn 0.3278 -0.2422 0.9132
vn -0.1179 -0.5059 0.8545
vn 0.3204 0.7662 0.5571
vn -0.6068 -0.7915 -0.0727
vn -0.1687 0.9232 0.3453
vn -0.3571 0.3353 0.8718
vn -0.1694 -0.9683 -0.1833
vn -0.5486 -0.6695 0.5007
vn -0.5664 -0.3589 -0.7418
vn 0.8756 0.2573 0.4087
vn -0.7161 0.2342 0.6575
vn 0.6181 -0.5873 -0.5226
vn -0.0578 0.9865 0.1533
vn 0.2204 0.2730 0.9364
vn -0.1943 -0.9293 0.3140
vn -0.4391 -0.7806 0.4448
vn 0.4442 -0.8856 0.1358
vn -0.5731 -0.5334 0.6221
vn -0.7029 -0.2472 0.6669
vn -0.8592 -0.2712 0.4338
vn 0.2126 0.7348 0.6441
vn -0.2642 0.0857 0.9607
vn 0.5778 0.0215 0.8159
vn -0.2736 -0.0749 0.9589
vn 0.6472 -0.2340 0.7255
vn 0.2076 -0.2053 0.9564
vn -0.8734 0.4850 0.0445
vn -0.8551 0.2956 0.4260
vn 0.2734 -0.7683 -0.5788
vn -0.7554 0.1039 0.6470
vn -0.1752 -0.9843 -0.0186
vn -0.1019 -0.9669 0.2341
vn -0.9060 0.3025 0.2960
vn 0.6269 0.5263 0.5745
vn 0.7271 -0.5837 -0.3614
vn 0.7599 0.1961 -0.6197
vn 0.9193 -0.2389 0.3126
vn -0.6726 0.2490 -0.6969
vn -0.8306 0.3185 -0.4568
vn -0.9125 -0.4069 0.0422
vn -0.1134 0.5119 0.8516
vn -0.0952 0.4211 0.9020
vn -0.0196 0.9776 0.2096
vn 0.4652 0.8850 -0.0175
vn -0.3534 -0.8869 0.2976
vn 0.7351 -0.3885 0.5556
vn 0.6603 -0.7043 0.2609
vn -0.1958 0.3551 0.9141
vn -0.3945 -0.1565 0.9055
vn 0.6020 -0.3318 0.7263
vn -0.2401 0.1701 0.9557
vn 0.3481 0.0726 0.9346
vn 0.3967 0.2473 0.8840
vn -0.0892 -0.0294 0.9956
vn -0.5231 0.2539 0.8135
vn -0.5599 0.0989 0.8227
vn -0.0037 -0.0674 0.9977
vn -0.5820 -0.1095 0.8058
vn 0.1161 -0.0657 0.9911
vn -0.8093 0.0372 0.5862
vn 0.5804 -0.6747 -0.4560
vn 0.0172 -0.7386 -0.6740
vn 0.6146 0.7881 -0.0343
vn 0.8481 0.0077 -0.5298
vn 0.8304 0.1491 -0.5369
vn 0.5746 0.6222 0.5317
vn -0.3915 0.6065 0.6921
vn -0.4077 0.8478 0.3391
vn -0.1764 0.8661 0.4677
vn 0.0477 0.9575 0.2845
vn -0.1076 0.9637 0.2444
vn 0.1076 0.7920 0.6009
vn 0.2612 0.3134 -0.9130
vn 0.2976 -0.1776 -0.9380
vn 0.2627 -0.3685 -0.8917
vn -0.4196 -0.2037 -0.8846
vn 0.7490 0.3031 0.5892
vn 0.1414 0.0618 0.9880
vn 0.0154 0.2136 0.9768
vn -0.1391 -0.8533 0.5026
vn 0.1980 -0.6724 0.7132
vn 0.2462 -0.9428 0.2247
vn -0.6540 -0.4804 0.5844
vn -0.5828 -0.5041 0.6374
vn -0.4999 -0.2567 0.8272
vn 0.8084 -0.3299 0.4876
vn 0.0692 -0.1160 0.9908
vn 0.2404 -0.0606 0.9688
vn 0.9787 0.0076 0.2050
vn -0.3781 -0.0812 0.9222
vn -0.3055 0.2652 0.9145
vn -0.3499 0.0150 0.9367
vn -0.2639 -0.1166 0.9575
vn 0.1081 0.1176 0.9872
vn 0.2921 0.0580 0.9546
vn -0.2122 -0.3319 0.9191
vn -0.2285 -0.2064 0.9514
vn -0.3826 -0.7729 0.5062
vn 0.1268 -0.2653 0.9558
vn 0.3666 -0.3543 0.8603
vn 0.0854 0.1639 0.9828
vn -0.1984 -0.7946 0.5739
vn 0.0696 0.0144 0.9975
vn -0.2819 -0.8700 0.4045
vn 0.2188 -0.5439 0.8102
vn 0.0402 -0.2033 0.9783
vn -0.0532 0.2973 0.9533
vn 0.9025 0.1254 0.4120
vn -0.0488 -0.5439 0.8377
vn -0.1363 -0.1532 -0.9787
vn 0.8009 0.1460 -0.5807
vn 0.7047 0.4075 0.5808
vn 0.1771 0.2777 -0.9442
vn 0.4073 0.3446 0.8458
vn -0.4260 0.8275 0.3659
vn 0.0198 0.6537 -0.7565
vn -0.2790 0.7959 0.5374
vn -0.3805 0.6058 0.6987
vn -0.4191 0.8367 0.3526
vn 0.0913 0.9567 0.2764
vn -0.2421 0.6707 -0.7012
vn -0.5588 -0.7512 -0.3513
vn -0.1087 -0.6689 -0.7354
vn -0.1545 -0.6340 -0.7577
vn 0.1267 0.2652 0.9558
vn 0.0643 -0.1473 0.9870
vn 0.0065 -0.1597 0.9872
vn -0.0126 -0.0095 0.9999
vn 0.0041 0.0206 0.9998
vn 0.0037 0.2132 0.9770
vn 0.0115 0.0748 0.9971
vn -0.0044 -0.0841 0.9964
vn 0.0497 -0.1003 0.9937
vn 0.1514 0.3557 0.9222
vn -0.1906 -0.9144 0.3570
vn 0.0890 -0.8350 0.5430
vn -0.3192 -0.4340 0.8424
vn 0.8384 -0.3525 0.4158
vn -0.8697 -0.3487 0.3493
vn -0.0167 0.1386 0.9902
vn -0.0781 0.2552 0.9637
vn -0.6875 0.3028 0.6600
vn 0.1617 -0.1728 0.9716
vn -0.0864 -0.0745 0.9935
vn 0.8420 0.3561 0.4053
vn 0.0901 0.1170 0.9890
vn 0.3755 0.2069 0.9034
vn -0.3350 0.0723 0.9394
vn 0.4381 -0.0167 0.8988
vn -0.5960 -0.0860 0.7984
vn -0.3672 -0.2149 0.9050
vn 0.1683 -0.1310 0.9770
vn 0.1763 0.1458 0.9735
vn -0.0888 0.0513 0.9947
vn 0.0483 -0.0315 0.9983
vn -0.4407 -0.3105 0.8422
vn 0.4984 -0.7924 0.3518
vn -0.1179 0.3534 0.9280
vn -0.1843 -0.2560 0.9489
vn 0.5139 0.5215 0.6811
vn -0.0603 0.4323 0.8997
vn -0.5469 0.1483 0.8240
vn 0.1306 -0.3739 0.9182
vn 0.3372 -0.9395 -0.0600
vn 0.9709 -0.2294 0.0691
vn -0.8395 -0.5200 0.1578
vn 0.5799 0.5348 0.6146
vn 0.8430 0.5379 0.0060
vn 0.3890 -0.3166 -0.8651
vn 0.5755 0.5313 0.6217
vn -0.5944 -0.4132 0.6899
vn 0.1677 -0.0218 -0.9856
vn 0.5885 0.6257 0.5121
vn -0.5545 0.8088 0.1960
vn -0.4313 -0.8948 -0.1156
vn -0.2538 -0.3695 -0.8939
vn 0.2817 -0.0553 -0.9579
vn -0.0197 0.0106 -0.9997
vn -0.4635 0.3399 0.8183
vn 0.1708 -0.0986 0.9804
vn -0.0098 0.4515 0.8922
vn 0.0728 -0.8043 0.5898
vn -0.0333 -0.7541 0.6560
vn 0.4950 -0.6095 0.6193
vn -0.0771 0.1200 0.9898
vn -0.2051 -0.1559 0.9662
vn -0.1192 0.0042 0.9929
vn -0.0021 0.0002 1.0000
vn -0.0024 0.4332 0.9013
vn 0.1724 0.3224 0.9308
vn -0.0539 0.0933 0.9942
vn -0.2207 -0.3706 0.9022
vn -0.0701 -0.3584 0.9309
vn -0.1091 0.0510 0.9927
vn -0.5302 -0.3575 0.7688
vn 0.0954 -0.6031 0.7919
vn 0.8241 -0.0663 0.5626
vn 0.3394 -0.0535 0.9391
vn -0.4471 -0.1005 0.8888
vn 0.7578 -0.1395 0.6374
vn -0.7183 -0.1160 0.6860
vn -0.4402 0.1989 0.8756
vn 0.7974 -0.1659 0.5802
vn 0.2203 -0.0969 0.9706
vn -0.1728 -0.1639 0.9712
vn 0.2633 -0.1666 0.9502
vn 0.9136 -0.4067 -0.0008
vn 0.6284 -0.6171 0.4736
vn 0.7453 0.1283 0.6542
vn 0.7833 0.1912 0.5915
vn -0.5119 0.1599 0.8440
vn -0.8395 -0.5199 0.1579
vn -0.9278 -0.3605 0.0964
vn -0.1364 -0.1531 -0.9788
vn -0.2971 0.1970 0.9343
vn 0.8847 0.4660 0.0156
vn -0.7695 -0.6387 0.0053
vn 0.9207 0.3899 -0.0198
vn 0.5204 0.6969 0.4935
vn -0.6684 -0.4809 0.5674
vn 0.6993 0.6507 0.2960
vn 0.1156 -0.1656 -0.9794
vn 0.6265 0.2231 0.7468
vn 0.1708 -0.5422 -0.8227
vn 0.7526 -0.1949 0.6290
vn -0.0010 0.1980 0.9802
vn -0.0706 0.7346 0.6748
vn 0.0386 0.3346 0.9416
vn 0.2720 0.0316 0.9618
vn -0.0635 -0.8197 0.5692
vn -0.4323 -0.0363 0.9010
vn -0.5877 -0.3463 0.7313
vn 0.5005 -0.4901 0.7136
vn 0.7701 -0.4037 0.4939
vn 0.1365 -0.8451 0.5169
vn 0.1378 -0.4722 0.8707
vn 0.1626 0.3307 0.9296
vn -0.3148 0.0641 0.9470
vn 0.8203 -0.3875 0.4208
vn 0.6251 -0.1991 0.7547
vn -0.2715 -0.0430 0.9615
vn -0.5821 0.3533 0.7323
vn 0.0975 0.7692 0.6315
vn 0.8213 -0.3921 0.4144
vn -0.2006 -0.2415 0.9494
vn -0.0351 -0.0789 0.9963
vn -0.0594 -0.4416 0.8952
vn -0.0915 -0.1958 0.9764
vn -0.5496 -0.5800 -0.6013
vn 0.0796 -0.9580 0.2756
vn -0.4810 0.2693 0.8343
vn 0.0168 0.0510 0.9986
vn 0.5219 0.4849 0.7018
vn 0.4051 0.5438 0.7350
vn -0.3403 0.6331 0.6952
vn 0.2484 0.8404 0.4817
vn 0.3180 0.6325 0.7062
vn -0.1714 -0.5375 -0.8257
vn -0.0410 0.3275 0.9440
vn -0.0592 0.1927 0.9795
vn 0.3767 0.2135 0.9014
vn -0.0056 0.4054 0.9141
vn 0.1262 -0.0163 0.9919
vn -0.1523 -0.4894 0.8587
vn 0.3882 -0.5759 0.7195
vn 0.3794 -0.7692 0.5143
vn 0.6812 -0.6136 0.3993
vn 0.4931 -0.4748 0.7290
vn -0.0533 -0.0931 0.9942
vn -0.0096 -0.7512 0.6600
vn -0.2420 0.1371 0.9605
vn 0.8335 -0.0765 0.5472
vn -0.1449 0.1385 0.9797
vn 0.1618 -0.4142 0.8957
vn 0.6356 -0.2751 0.7213
vn -0.2804 -0.4628 0.8410
vn -0.0907 -0.0371 0.9952
vn 0.5074 -0.1394 0.8503
vn -0.2890 -0.0546 0.9558
vn -0.5692 -0.7812 0.2565
vn 0.4602 0.2029 0.8643
vn 0.6286 -0.1737 0.7581
vn 0.6767 -0.5423 0.4981
vn -0.4122 -0.6725 -0.6148
vn -0.5080 -0.8560 -0.0960
vn 0.5399 0.0487 0.8403
vn -0.0195 -0.7588 0.6510
vn -0.1154 -0.0814 0.9900
vn -0.6751 0.1571 0.7208
vn 0.4791 0.3549 0.8028
vn -0.2409 0.7385 0.6297
vn 0.0268 0.2836 0.9586
vn -0.1679 -0.0337 0.9852
vn 0.8656 0.4887 -0.1091
vn 0.0134 0.3647 0.9310
vn -0.1915 0.7468 0.6369
vn 0.4789 -0.8483 -0.2259
vn -0.3974 0.1602 0.9036
vn -0.0998 0.2149 0.9715
vn 0.8521 0.5180 -0.0745
vn 0.0047 0.5392 0.8422
vn 0.1298 0.1783 0.9754
vn 0.0107 0.1368 0.9905
vn 0.0296 0.0660 0.9974
vn -0.0043 0.3675 0.9300
vn 0.0052 -0.6063 0.7952
vn 0.0444 -0.2932 0.9550
vn -0.1350 -0.3150 0.9394
vn 0.2153 -0.5936 0.7754
vn 0.3632 -0.3158 0.8766
vn -0.4117 -0.2281 0.8823
vn 0.2970 -0.1504 0.9429
vn -0.0350 0.0723 0.9968
vn 0.5026 -0.1439 0.8525
vn 0.4005 -0.1828 0.8979
vn -0.5735 0.1220 0.8101
vn -0.3816 0.4851 0.7868
vn -0.1692 -0.0583 0.9838
vn -0.3459 0.0853 0.9344
vn -0.3423 -0.0802 0.9362
vn 0.0605 -0.0562 0.9966
vn 0.5276 0.3051 0.7928
vn -0.0636 -0.5807 0.8117
vn -0.4505 0.2205 0.8651
vn 0.1117 -0.1418 0.9836
vn 0.8856 -0.4464 0.1282
vn -0.0947 0.0869 0.9917
vn 0.3483 0.3030 0.8870
vn 0.4904 0.2333 0.8397
vn 0.2505 0.2886 0.9241
vn 0.3326 0.3690 0.8679
vn 0.3354 0.2034 0.9199
vn -0.1182 0.6432 0.7565
vn -0.0497 0.4643 0.8843
vn 0.3878 -0.6829 0.6191
vn -0.0287 0.3189 0.9473
vn 0.2383 0.4307 0.8704
vn -0.0337 0.3413 0.9394
vn -0.0022 -0.0549 0.9985
vn -0.0041 -0.0343 0.9994
vn -0.1696 0.1197 0.9782
vn 0.0193 0.2504 0.9680
vn 0.1307 0.1293 0.9830
vn -0.0361 0.1068 0.9936
vn 0.0222 0.1006 0.9947
vn -0.3440 -0.2185 0.9132
vn 0.2055 -0.2574 0.9442
vn -0.2052 -0.2509 0.9460
vn -0.2249 -0.1344 0.9651
vn 0.1791 0.3800 0.9075
vn 0.3833 -0.2781 0.8808
vn 0.4256 -0.2227 0.8770
vn -0.0510 0.0170 0.9986
vn 0.0821 0.1083 0.9907
vn 0.3805 -0.1704 0.9090
vn 0.5163 0.0921 0.8515
vn -0.1428 -0.0874 0.9859
vn -0.8505 -0.5257 -0.0174
vn 0.1543 0.1074 0.9822
vn -0.0480 -0.1334 0.9899
vn -0.0692 -0.0802 0.9944
vn -0.1904 0.1372 0.9721
vn 0.3424 -0.1558 0.9265
vn -0.4194 0.5482 0.7236
vn 0.0246 -0.9812 0.1912
vn 0.8237 0.1719 0.5404
vn -0.4337 0.2939 0.8518
vn 0.0229 0.2779 0.9603
vn 0.0102 0.2808 0.9597
vn -0.0103 0.0408 0.9991
vn 0.2355 -0.0047 0.9719
vn -0.0196 -0.2815 0.9593
vn 0.3509 -0.3048 0.8854
vn -0.0870 -0.0263 0.9959
vn 0.2130 -0.0808 0.9737
vn -0.3041 -0.4770 0.8247
vn 0.4555 -0.4064 0.7920
vn -0.6537 -0.2498 0.7143
vn 0.0039 0.0004 1.0000
vn 0.1414 -0.0066 0.9899
vn -0.4776 -0.7642 0.4334
vn 0.2995 -0.3825 0.8741
vn -0.0404 -0.7037 0.7094
vn -0.0253 -0.5115 0.8589
vn 0.6193 0.2535 0.7431
vn 0.5860 -0.5467 0.5982
vn 0.0468 0.0872 0.9951
vn 0.6030 0.2958 0.7409
vn 0.2427 0.4129 0.8779
vn -0.4690 0.2049 0.8591
vn -0.5684 0.6734 -0.4727
vn 0.3214 0.2276 0.9192
vn -0.0883 0.4816 0.8720
vn -0.0635 0.2867 0.9559
vn -0.2539 -0.7998 0.5439
vn 0.7331 0.0235 0.6797
vn -0.1907 0.0780 0.9785
vn 0.4010 0.2908 0.8687
vn 0.1698 0.2256 0.9593
vn 0.3362 -0.0546 0.9402
vn 0.0123 0.1982 0.9801
vn -0.3012 -0.1147 0.9466
vn -0.0169 0.7413 0.6709
vn 0.1918 -0.0983 0.9765
vn -0.3759 -0.2740 0.8852
vn 0.8475 -0.5148 0.1293
vn -0.6890 -0.1742 0.7035
vn -0.2730 -0.3795 0.8840
vn -0.3218 0.0961 0.9419
vn -0.0615 0.1249 0.9903
vn -0.7049 -0.7026 0.0977
vn -0.0451 0.1979 0.9792
vn 0.0671 0.2955 0.9530
vn 0.3918 -0.1431 0.9088
vn 0.5161 0.2885 0.8065
vn -0.0500 0.1132 0.9923
vn -0.0059 0.2558 0.9667
vn -0.0764 0.1457 0.9864
vn -0.1619 0.0238 0.9865
vn 0.2695 -0.4458 0.8536
vn -0.2060 0.1019 0.9732
vn -0.7152 0.0079 0.6988
vn 0.2189 -0.8269 0.5181
vn -0.2474 0.1028 0.9634
vn -0.0060 0.3952 0.9186
vn 0.0583 0.5672 0.8215
vn 0.0571 0.5117 0.8573
vn 0.4330 0.1301 0.8919
vn 0.7139 -0.4437 0.5418
vn 0.0745 -0.4177 0.9055
vn -0.0855 -0.2294 0.9696
vn -0.6576 0.6185 0.4302
vn 0.1755 -0.2468 0.9530
vn -0.0078 -0.2191 0.9757
vn -0.2953 0.3048 0.9055
vn -0.2141 -0.2000 0.9561
vn -0.3332 0.0657 0.9406
vn -0.0659 0.5294 0.8458
vn -0.0717 0.2767 0.9583
vn 0.0008 -0.1256 0.9921
vn -0.2416 -0.1640 0.9564
vn 0.0023 -0.1165 0.9932
vn 0.2000 0.4924 0.8471
vn -0.3253 -0.3740 0.8685
vn -0.5455 0.3800 0.7471
vn 0.1368 -0.7801 0.6105
vn -0.0206 0.3686 0.9294
vn 0.1497 0.6917 0.7064
vn 0.0012 0.4298 0.9029
vn 0.0802 0.2283 0.9703
vn 0.8094 -0.4503 0.3769
vn -0.0004 -0.3029 0.9530
vn 0.3396 -0.1273 0.9319
vn -0.0798 -0.0682 0.9945
vn 0.8156 0.4855 0.3148
vn 0.0822 0.2066 0.9750
vn 0.3163 -0.0946 0.9439
vn 0.1721 0.1422 0.9747
vn -0.6171 -0.0393 0.7859
vn 0.2571 0.9437 -0.2083
vn -0.8164 0.1134 0.5662
vn -0.0221 0.3520 0.9357
vn -0.1530 -0.3509 0.9238
vn -0.0133 -0.4008 0.9161
vn -0.0575 -0.0325 0.9978
vn 0.1380 0.0868 0.9866
vn -0.0355 -0.2270 0.9732
vn -0.3388 0.2970 0.8928
vn 0.2733 0.2051 0.9398
vn -0.2916 0.6279 0.7216
vn -0.0190 0.0835 0.9963
vn -0.2047 -0.1157 0.9720
vn -0.3941 -0.0137 0.9190
vn 0.0043 -0.0762 0.9971
vn -0.0525 0.3582 0.9322
vn 0.4864 0.5892 0.6451
vn 0.0258 0.3797 0.9247
vn 0.4683 0.1980 0.8611
vn 0.1243 -0.0987 0.9873
vn -0.3880 -0.4274 0.8165
vn -0.6471 -0.7308 -0.2171
vn 0.0973 -0.1970 0.9756
vn -0.1897 0.3722 0.9086
vn -0.6617 0.7389 0.1272
vn -0.0778 0.2879 0.9545
vn -0.1608 -0.2768 0.9474
vn 0.1327 0.1946 0.9719
vn -0.0309 -0.0101 0.9995
vn -0.1834 -0.1897 0.9646
vn 0.0542 0.7514 0.6576
vn 0.2263 0.8123 0.5376
vn -0.5421 0.1893 -0.8187
vn 0.7644 0.3486 -0.5423
vn -0.3275 0.3402 0.8815
vn 0.4372 -0.0308 0.8989
vn 0.1674 0.0469 0.9848
vn -0.0708 0.9469 -0.3135
vn 0.0020 -0.0443 0.9990
vn 0.1824 -0.3740 0.9093
vn 0.4742 -0.4642 0.7481
vn -0.4073 -0.4473 0.7963
vn -0.2995 0.0247 0.9538
vn 0.0929 0.2040 0.9745
vn 0.0827 0.1631 0.9831
vn -0.0902 0.4069 0.9090
vn -0.0056 0.0452 0.9990
vn 0.2179 0.0488 0.9748
vn -0.5947 -0.3404 0.7283
vn -0.1940 0.3502 0.9164
vn 0.2139 0.1914 0.9579
vn -0.0197 -0.6512 0.7586
vn 0.2540 0.0533 0.9657
vn -0.6127 0.3220 0.7218
vn 0.9098 0.2203 0.3518
vn 0.0192 0.9972 0.0730
vn -0.9476 0.1624 -0.2750
vn 0.0752 0.0369 -0.9965
vn -0.4856 0.5511 -0.6785
vn 0.3775 0.3551 -0.8552
vn -0.3268 0.0786 0.9418
vn 0.0442 -0.3397 -0.9395
vn 0.2329 -0.7545 -0.6136
vn -0.9327 0.0437 -0.3581
vn -0.9721 0.1844 -0.1453
vn -0.9327 0.0438 -0.3581
vn -0.3841 0.9202 0.0754
vn 0.9160 0.1987 0.3484
vn 0.2840 0.8609 -0.4221
vn 0.7768 0.4736 0.4151
vn -0.8486 -0.4877 0.2051
vn -0.0630 -0.9980 0.0045
vn -0.7552 0.6554 0.0099
vn -0.3195 0.8130 0.4868
vn 0.1499 -0.7444 0.6507
vn -0.3446 -0.2704 0.8990
vn 0.8778 -0.3949 0.2712
vn -0.3893 0.1557 0.9078
vt 0.854923 0.547165
vt 0.859537 0.544940
vt 0.860809 0.547540
vt 0.837598 0.546285
vt 0.833674 0.543409
vt 0.833660 0.548191
vt 0.367560 0.187838
vt 0.370068 0.186648
vt 0.368328 0.189842
vt 0.860966 0.559712
vt 0.836266 0.562256
vt 0.839346 0.581721
vt 0.834230 0.582097
vt 0.836424 0.579560
vt 0.821651 0.585125
vt 0.823748 0.553264
vt 0.831608 0.591642
vt 0.971665 0.588912
vt 0.970319 0.578201
vt 0.973182 0.588960
vt 0.825998 0.585534
vt 0.974593 0.579094
vt 0.858748 0.563894
vt 0.810147 0.555819
vt 0.370068 0.203144
vt 0.851501 0.565035
vt 0.838568 0.564708
vt 0.163147 0.377166
vt 0.166924 0.389986
vt 0.163147 0.392115
vt 0.821722 0.588291
vt 0.861393 0.570926
vt 0.831142 0.593594
vt 0.976438 0.577678
vt 0.967808 0.566185
vt 0.963852 0.567486
vt 0.972351 0.566341
vt 0.973941 0.559117
vt 0.851982 0.575443
vt 0.833660 0.568498
vt 0.860571 0.573910
vt 0.854380 0.595259
vt 0.391641 0.573030
vt 0.391802 0.574010
vt 0.391169 0.574162
vt 0.810147 0.607857
vt 0.390686 0.575085
vt 0.390038 0.572455
vt 0.390319 0.577777
vt 0.202564 0.407261
vt 0.191889 0.407029
vt 0.200455 0.404236
vt 0.336998 0.855908
vt 0.333179 0.864248
vt 0.336902 0.843947
vt 0.333364 0.876397
vt 0.568764 0.483545
vt 0.575242 0.486604
vt 0.557706 0.483079
vt 0.336998 0.892888
vt 0.332854 0.885129
vt 0.736560 0.835762
vt 0.729230 0.846481
vt 0.737923 0.828082
vt 0.725822 0.837493
vt 0.587152 0.484871
vt 0.586053 0.482454
vt 0.606282 0.474963
vt 0.393064 0.572553
vt 0.978207 0.562274
vt 0.984224 0.572694
vt 0.799663 0.873010
vt 0.797624 0.868343
vt 0.801041 0.863245
vt 0.207996 0.409437
vt 0.804702 0.888164
vt 0.121078 0.385816
vt 0.105151 0.376069
vt 0.118491 0.381612
vt 0.258056 0.379390
vt 0.258786 0.377563
vt 0.259842 0.383906
vt 0.256498 0.377598
vt 0.326087 0.871430
vt 0.717066 0.866817
vt 0.730633 0.851599
vt 0.950724 0.137070
vt 0.946069 0.136502
vt 0.946380 0.135908
vt 0.949999 0.137600
vt 0.946799 0.131621
vt 0.726796 0.826321
vt 0.384954 0.577897
vt 0.376948 0.603580
vt 0.351349 0.618880
vt 0.234639 0.124745
vt 0.229490 0.160441
vt 0.229984 0.147551
vt 0.390522 0.581692
vt 0.083745 0.385816
vt 0.107072 0.373307
vt 0.860362 0.603765
vt 0.873765 0.588855
vt 0.869611 0.594328
vt 0.431611 0.561790
vt 0.433059 0.547300
vt 0.433059 0.573212
vt 0.710580 0.869871
vt 0.722019 0.867460
vt 0.324764 0.856797
vt 0.940336 0.133149
vt 0.939074 0.133068
vt 0.709804 0.858847
vt 0.326127 0.892478
vt 0.571626 0.497624
vt 0.403138 0.546028
vt 0.414949 0.415736
vt 0.404717 0.413148
vt 0.414949 0.321003
vt 0.002189 0.088832
vt 0.014876 0.087476
vt 0.001728 0.097160
vt 0.968784 0.558911
vt 0.964957 0.563068
vt 0.900957 0.557464
vt 0.905561 0.555153
vt 0.908821 0.558385
vt 0.234639 0.202356
vt 0.898690 0.561758
vt 0.984224 0.560982
vt 0.062380 0.206790
vt 0.045840 0.205674
vt 0.046121 0.190313
vt 0.057301 0.217013
vt 0.040991 0.216968
vt 0.932930 0.127849
vt 0.765749 0.229948
vt 0.770678 0.207320
vt 0.776356 0.203644
vt 0.772673 0.193683
vt 0.882125 0.589980
vt 0.250122 0.374201
vt 0.942197 0.129241
vt 0.795269 0.072394
vt 0.781926 0.061123
vt 0.793030 0.065035
vt 0.951349 0.131763
vt 0.586027 0.493366
vt 0.380762 0.567526
vt 0.078526 0.332007
vt 0.073664 0.353894
vt 0.059048 0.336657
vt 0.001969 0.370068
vt 0.662973 0.076850
vt 0.658751 0.077163
vt 0.658313 0.074698
vt 0.016897 0.089066
vt 0.662973 0.008918
vt 0.981687 0.558600
vt 0.620455 0.074014
vt 0.609242 0.054988
vt 0.620455 0.001225
vt 0.918084 0.538900
vt 0.193695 0.111020
vt 0.190433 0.053679
vt 0.193695 0.013119
vt 0.160192 0.726227
vt 0.170488 0.711994
vt 0.168808 0.726675
vt 0.796829 0.854867
vt 0.831263 0.048903
vt 0.849464 0.045740
vt 0.848749 0.050501
vt 0.755310 0.233084
vt 0.756013 0.234561
vt 0.206521 0.401545
vt 0.213205 0.409182
vt 0.065794 0.195447
vt 0.616308 0.955317
vt 0.600295 0.923531
vt 0.617305 0.946075
vt 0.197773 0.387456
vt 0.892282 0.628329
vt 0.907497 0.606926
vt 0.911081 0.617615
vt 0.317276 0.860827
vt 0.740592 0.850272
vt 0.262242 0.375841
vt 0.579893 0.475231
vt 0.815227 0.077282
vt 0.290543 0.409437
vt 0.273332 0.352147
vt 0.773468 0.060843
vt 0.050385 0.327283
vt 0.016719 0.328805
vt 0.956550 0.134933
vt 0.199747 0.384029
vt 0.221526 0.344606
vt 0.218079 0.152786
vt 0.228760 0.104554
vt 0.059136 0.035207
vt 0.029138 0.023430
vt 0.127555 0.023430
vt 0.076386 0.351633
vt 0.087281 0.360482
vt 0.105509 0.368378
vt 0.102739 0.370068
vt 0.023055 0.087314
vt 0.150100 0.720816
vt 0.069432 0.202738
vt 0.790399 0.852528
vt 0.617195 0.955520
vt 0.149864 0.704282
vt 0.147019 0.711982
vt 0.143182 0.710545
vt 0.787800 0.862558
vt 0.146240 0.704868
vt 0.776356 0.237741
vt 0.893036 0.612276
vt 0.759906 0.218674
vt 0.309748 0.963296
vt 0.314690 0.963241
vt 0.313639 0.967816
vt 0.117007 0.358181
vt 0.308951 0.972595
vt 0.564936 0.472963
vt 0.055095 0.310844
vt 0.938250 0.123217
vt 0.956446 0.123217
vt 0.587475 0.496960
vt 0.959028 0.132603
vt 0.784119 0.089553
vt 0.765927 0.070492
vt 0.091786 0.348093
vt 0.903806 0.566570
vt 0.382845 0.604297
vt 0.054288 0.229132
vt 0.066442 0.185827
vt 0.148304 0.715341
vt 0.141139 0.712446
vt 0.835072 0.059240
vt 0.156976 0.701520
vt 0.916192 0.612407
vt 0.042477 0.222636
vt 0.169891 0.703048
vt 0.171649 0.695394
vt 0.265663 0.402410
vt 0.934992 0.127136
vt 0.312493 0.960399
vt 0.307904 0.960259
vt 0.724087 0.354068
vt 0.740136 0.329695
vt 0.740136 0.392115
vt 0.885014 0.584148
vt 0.776761 0.568216
vt 0.752956 0.564391
vt 0.784230 0.555820
vt 0.784230 0.608191
vt 0.067841 0.038582
vt 0.083904 0.354330
vt 0.017828 0.093562
vt 0.090964 0.352425
vt 0.651387 0.525453
vt 0.653485 0.520372
vt 0.656769 0.520944
vt 0.139892 0.706361
vt 0.150783 0.697573
vt 0.744418 0.443654
vt 0.724609 0.459829
vt 0.744154 0.440235
vt 0.852209 0.054390
vt 0.856809 0.052856
vt 0.865933 0.050459
vt 0.315352 0.971525
vt 0.317072 0.964325
vt 0.157415 0.686353
vt 0.159724 0.679797
vt 0.871237 0.604029
vt 0.815725 0.083739
vt 0.753197 0.557496
vt 0.782812 0.614156
vt 0.463141 0.200428
vt 0.485182 0.200188
vt 0.463026 0.204893
vt 0.477593 0.207391
vt 0.780532 0.110720
vt 0.092821 0.336613
vt 0.004360 0.100622
vt 0.094606 0.350316
vt 0.392616 0.585010
vt 0.756835 0.657038
vt 0.760608 0.612940
vt 0.760608 0.656066
vt 0.098494 0.354903
vt 0.909471 0.562975
vt 0.020550 0.000175
vt 0.212639 0.070319
vt 0.219802 0.069476
vt 0.216927 0.078947
vt 0.219008 0.068156
vt 0.514032 0.917646
vt 0.508121 0.919294
vt 0.508117 0.912253
vt 0.504481 0.913686
vt 0.655931 0.517386
vt 0.651669 0.519193
vt 0.303950 0.593684
vt 0.301318 0.574073
vt 0.314952 0.592901
vt 0.138865 0.709242
vt 0.139837 0.714069
vt 0.069666 0.183289
vt 0.750419 0.236415
vt 0.748094 0.440203
vt 0.755346 0.455353
vt 0.014948 0.580391
vt 0.000395 0.623604
vt 0.005163 0.581093
vt 0.336998 0.106156
vt 0.325610 0.150389
vt 0.324571 0.097526
vt 0.848008 0.066869
vt 0.000395 0.550112
vt 0.748090 0.248812
vt 0.954413 0.393690
vt 0.954413 0.357901
vt 0.959028 0.390255
vt 0.041396 0.178872
vt 0.150754 0.691213
vt 0.714251 0.877140
vt 0.033829 0.188358
vt 0.307904 0.990523
vt 0.885014 0.633053
vt 0.767343 0.189365
vt 0.732536 0.865777
vt 0.483962 0.204387
vt 0.907219 0.573823
vt 0.753723 0.625268
vt 0.213596 0.066121
vt 0.199442 0.028791
vt 0.214045 0.052369
vt 0.196440 0.118894
vt 0.299204 0.467455
vt 0.288519 0.483140
vt 0.285958 0.482092
vt 0.030457 0.034851
vt 0.207731 0.029637
vt 0.220491 0.036102
vt 0.755880 0.608661
vt 0.380020 0.323350
vt 0.373827 0.337435
vt 0.355205 0.323363
vt 0.223998 0.065890
vt 0.202222 0.017962
vt 0.238666 0.028326
vt 0.225959 0.034678
vt 0.660882 0.522854
vt 0.512331 0.921766
vt 0.158162 0.731260
vt 0.149462 0.723443
vt 0.298159 0.580313
vt 0.213523 0.846900
vt 0.208136 0.837186
vt 0.210592 0.837663
vt 0.831263 0.064510
vt 0.144476 0.720785
vt 0.133547 0.708354
vt 0.802070 0.851845
vt 0.744654 0.231177
vt 0.909257 0.274910
vt 0.907633 0.275155
vt 0.907209 0.268835
vt 0.008619 0.621314
vt 0.336998 0.044467
vt 0.916509 0.605195
vt 0.936446 0.089769
vt 0.938556 0.074904
vt 0.938556 0.110233
vt 0.000649 0.096060
vt 0.000649 0.001234
vt 0.011811 0.003115
vt 0.736665 0.436670
vt 0.932100 0.136606
vt 0.932725 0.138017
vt 0.329125 0.974088
vt 0.408688 0.816492
vt 0.400938 0.819300
vt 0.400653 0.815646
vt 0.034093 0.229018
vt 0.934021 0.140003
vt 0.275208 0.603842
vt 0.278874 0.611708
vt 0.264338 0.610162
vt 0.011381 0.226391
vt 0.747956 0.214372
vt 0.392388 0.770280
vt 0.405495 0.788856
vt 0.893996 0.675571
vt 0.893996 0.629105
vt 0.918084 0.651358
vt 0.815725 0.116532
vt 0.752930 0.633257
vt 0.234474 0.062758
vt 0.054244 0.103934
vt 0.053515 0.095240
vt 0.055117 0.100230
vt 0.238183 0.035376
vt 0.135089 0.620976
vt 0.122854 0.625997
vt 0.125343 0.622110
vt 0.513313 0.912145
vt 0.664114 0.513368
vt 0.606282 0.531058
vt 0.594199 0.547974
vt 0.587226 0.553618
vt 0.748139 0.891167
vt 0.757459 0.869454
vt 0.753349 0.891452
vt 0.697936 0.446309
vt 0.694442 0.451288
vt 0.686007 0.445741
vt 0.509186 0.923617
vt 0.679510 0.445495
vt 0.206652 0.847537
vt 0.723037 0.173096
vt 0.731095 0.174164
vt 0.733971 0.185232
vt 0.319780 0.299158
vt 0.317487 0.299815
vt 0.315167 0.294262
vt 0.911792 0.272808
vt 0.914137 0.280512
vt 0.308454 0.290558
vt 0.315514 0.286222
vt 0.322422 0.988777
vt 0.306264 0.281194
vt 0.258333 0.603886
vt 0.250660 0.594461
vt 0.892282 0.581582
vt 0.248276 0.601833
vt 0.600295 0.960603
vt 0.732322 0.906900
vt 0.714660 0.916901
vt 0.708414 0.892142
vt 0.254256 0.609053
vt 0.302354 0.612815
vt 0.290397 0.614504
vt 0.284182 0.612814
vt 0.412983 0.792793
vt 0.745606 0.856522
vt 0.000731 0.100520
vt 0.051963 0.076869
vt 0.196440 0.010776
vt 0.247457 0.012850
vt 0.255898 0.101332
vt 0.058266 0.078982
vt 0.055117 0.092061
vt 0.129375 0.282288
vt 0.125274 0.264660
vt 0.139351 0.272072
vt 0.653317 0.737856
vt 0.661692 0.729579
vt 0.653500 0.746147
vt 0.139446 0.630357
vt 0.110539 0.629690
vt 0.112596 0.625781
vt 0.106489 0.636202
vt 0.776784 0.441064
vt 0.763551 0.448357
vt 0.778229 0.429325
vt 0.748222 0.894475
vt 0.584545 0.559707
vt 0.816571 0.119006
vt 0.809888 0.122422
vt 0.818874 0.115680
vt 0.659359 0.508552
vt 0.703120 0.445370
vt 0.201871 0.808905
vt 0.776751 0.418454
vt 0.779196 0.421290
vt 0.516880 0.922051
vt 0.774102 0.416214
vt 0.513629 0.924483
vt 0.435604 0.565140
vt 0.439048 0.563240
vt 0.442897 0.567731
vt 0.692888 0.441930
vt 0.645415 0.515192
vt 0.501542 0.920238
vt 0.446149 0.564668
vt 0.683661 0.439710
vt 0.451648 0.565866
vt 0.313948 0.576828
vt 0.657199 0.461766
vt 0.637408 0.491624
vt 0.632554 0.470227
vt 0.451727 0.547074
vt 0.452273 0.559339
vt 0.233064 0.861503
vt 0.213067 0.862105
vt 0.214840 0.850643
vt 0.082125 0.242500
vt 0.089761 0.247156
vt 0.082125 0.253536
vt 0.836050 0.073116
vt 0.907209 0.299242
vt 0.909285 0.295689
vt 0.912003 0.299854
vt 0.306264 0.302354
vt 0.723412 0.935406
vt 0.724760 0.926724
vt 0.734237 0.928594
vt 0.803127 0.834153
vt 0.797726 0.845645
vt 0.797726 0.823088
vt 0.730923 0.169448
vt 0.731986 0.172097
vt 0.741711 0.147532
vt 0.742481 0.432667
vt 0.890456 0.711046
vt 0.892767 0.705367
vt 0.897027 0.715034
vt 0.713408 0.926826
vt 0.717746 0.924074
vt 0.598408 0.947870
vt 0.595284 0.951305
vt 0.593764 0.950632
vt 0.263569 0.577833
vt 0.889253 0.698565
vt 0.899187 0.703684
vt 0.881406 0.695803
vt 0.856055 0.061848
vt 0.106257 0.348978
vt 0.110643 0.353118
vt 0.408330 0.821036
vt 0.197542 0.484091
vt 0.194291 0.484773
vt 0.191757 0.484304
vt 0.257838 0.611282
vt 0.190348 0.486035
vt 0.188910 0.485827
vt 0.192168 0.487535
vt 0.936477 0.146395
vt 0.268208 0.618471
vt 0.260354 0.620328
vt 0.190130 0.488442
vt 0.296771 0.618406
vt 0.273838 0.617206
vt 0.034762 0.185445
vt 0.015219 0.154320
vt 0.188019 0.489164
vt 0.187007 0.487975
vt 0.282658 0.620281
vt 0.293009 0.622294
vt 0.507551 0.754269
vt 0.514317 0.762261
vt 0.505233 0.769351
vt 0.100434 0.335982
vt 0.750672 0.625894
vt 0.403138 0.618612
vt 0.247724 0.048710
vt 0.235354 0.038760
vt 0.150522 0.623900
vt 0.149794 0.621320
vt 0.155901 0.621533
vt 0.144804 0.622635
vt 0.140685 0.266445
vt 0.138102 0.264011
vt 0.140790 0.619961
vt 0.139571 0.275739
vt 0.155618 0.631338
vt 0.133612 0.617205
vt 0.120724 0.615341
vt 0.112235 0.623693
vt 0.781420 0.455478
vt 0.784519 0.452364
vt 0.783905 0.456744
vt 0.136504 0.295322
vt 0.128427 0.303927
vt 0.781093 0.451458
vt 0.209047 0.655282
vt 0.211643 0.665628
vt 0.207335 0.666578
vt 0.784096 0.442082
vt 0.672638 0.764219
vt 0.653317 0.787379
vt 0.717761 0.445927
vt 0.712548 0.445569
vt 0.717042 0.443546
vt 0.785126 0.433496
vt 0.782205 0.426753
vt 0.504078 0.903256
vt 0.702761 0.441806
vt 0.218046 0.825551
vt 0.650122 0.510383
vt 0.436238 0.576337
vt 0.672422 0.470609
vt 0.231489 0.841571
vt 0.220429 0.846219
vt 0.212976 0.874802
vt 0.154004 0.737558
vt 0.455872 0.560142
vt 0.801132 0.848742
vt 0.011041 0.619354
vt 0.146287 0.729510
vt 0.730629 0.922196
vt 0.735412 0.921588
vt 0.735347 0.920705
vt 0.913908 0.294823
vt 0.062713 0.181232
vt 0.649176 0.821106
vt 0.640041 0.817393
vt 0.645069 0.810094
vt 0.729368 0.919403
vt 0.722296 0.917567
vt 0.731695 0.438874
vt 0.719282 0.440284
vt 0.637495 0.803358
vt 0.643616 0.795239
vt 0.860252 0.695816
vt 0.201569 0.479052
vt 0.875507 0.685887
vt 0.895670 0.689095
vt 0.935562 0.426795
vt 0.924488 0.408575
vt 0.938556 0.403418
vt 0.857464 0.680723
vt 0.890949 0.684553
vt 0.864857 0.679105
vt 0.873222 0.682580
vt 0.878521 0.683656
vt 0.930960 0.770535
vt 0.939792 0.768807
vt 0.932009 0.774781
vt 0.126506 0.358368
vt 0.189281 0.488024
vt 0.945398 0.768188
vt 0.390924 0.473879
vt 0.400071 0.462813
vt 0.434786 0.464272
vt 0.948004 0.774424
vt 0.393886 0.463130
vt 0.391904 0.459867
vt 0.394394 0.460030
vt 0.949768 0.145519
vt 0.408772 0.787273
vt 0.420098 0.445217
vt 0.480270 0.227325
vt 0.445026 0.449256
vt 0.456651 0.480301
vt 0.950739 0.535236
vt 0.959028 0.563523
vt 0.950739 0.571637
vt 0.111808 0.931335
vt 0.104554 0.925539
vt 0.108843 0.921512
vt 0.200108 0.001124
vt 0.299204 0.492899
vt 0.918084 0.580831
vt 0.254929 0.024375
vt 0.125383 0.060653
vt 0.126649 0.053605
vt 0.136664 0.047715
vt 0.126996 0.047028
vt 0.123375 0.045462
vt 0.142516 0.000317
vt 0.118733 0.049260
vt 0.117983 0.044642
vt 0.120953 0.053703
vt 0.115608 0.039093
vt 0.118246 0.036251
vt 0.115470 0.046003
vt 0.155278 0.617577
vt 0.144335 0.265651
vt 0.142035 0.287077
vt 0.389114 0.723716
vt 0.387396 0.720130
vt 0.393583 0.715513
vt 0.672571 0.748004
vt 0.225190 0.647100
vt 0.208968 0.673464
vt 0.216248 0.671665
vt 0.114792 0.284786
vt 0.722814 0.480301
vt 0.420122 0.275054
vt 0.412630 0.270983
vt 0.425570 0.269307
vt 0.408989 0.267026
vt 0.712958 0.440859
vt 0.408710 0.274737
vt 0.672422 0.499031
vt 0.668007 0.495904
vt 0.393919 0.255897
vt 0.522116 0.921627
vt 0.394305 0.263772
vt 0.643956 0.530694
vt 0.644476 0.524529
vt 0.657321 0.492049
vt 0.785215 0.412687
vt 0.496882 0.912872
vt 0.741711 0.209443
vt 0.666123 0.839242
vt 0.662306 0.836244
vt 0.662089 0.830329
vt 0.657006 0.834417
vt 0.650644 0.829152
vt 0.908414 0.772731
vt 0.913360 0.791934
vt 0.908185 0.809426
vt 0.161837 0.739592
vt 0.112982 0.173025
vt 0.116532 0.166911
vt 0.116532 0.177948
vt 0.202921 0.854067
vt 0.647012 0.830973
vt 0.455877 0.560789
vt 0.148695 0.735805
vt 0.206751 0.853766
vt 0.081495 0.185578
vt 0.748099 0.434947
vt 0.750863 0.438019
vt 0.321251 0.297589
vt 0.908699 0.295073
vt 0.913025 0.286533
vt 0.720745 0.921215
vt 0.958704 0.474002
vt 0.958704 0.441955
vt 0.965327 0.453525
vt 0.917743 0.286654
vt 0.279793 0.589933
vt 0.635355 0.811779
vt 0.471321 0.784470
vt 0.490278 0.758159
vt 0.493242 0.775804
vt 0.465773 0.667481
vt 0.466526 0.673251
vt 0.465231 0.671053
vt 0.911190 0.023717
vt 0.931276 0.026920
vt 0.925022 0.044093
vt 0.899187 0.690208
vt 0.863336 0.060381
vt 0.859408 0.063957
vt 0.938556 0.436250
vt 0.935413 0.432343
vt 0.928158 0.427253
vt 0.921377 0.421523
vt 0.194172 0.488570
vt 0.932337 0.765949
vt 0.940599 0.765088
vt 0.287803 0.627589
vt 0.945821 0.764286
vt 0.943312 0.146150
vt 0.954198 0.139757
vt 0.461940 0.212832
vt 0.018299 0.100263
vt 0.736758 0.630241
vt 0.743706 0.653922
vt 0.743864 0.648823
vt 0.900327 0.583918
vt 0.741173 0.642350
vt 0.740665 0.625516
vt 0.145607 0.115885
vt 0.142969 0.111762
vt 0.147510 0.115494
vt 0.145023 0.121655
vt 0.915628 0.584235
vt 0.443902 0.225190
vt 0.443784 0.204647
vt 0.458255 0.204647
vt 0.249459 0.042706
vt 0.664548 0.789213
vt 0.625833 0.796161
vt 0.630216 0.794117
vt 0.622426 0.788466
vt 0.613040 0.820830
vt 0.610883 0.826748
vt 0.113513 0.038968
vt 0.397438 0.702573
vt 0.393367 0.710714
vt 0.392239 0.700856
vt 0.395421 0.694614
vt 0.401640 0.696872
vt 0.146162 0.290245
vt 0.407425 0.707750
vt 0.391564 0.730790
vt 0.381748 0.731554
vt 0.140934 0.298814
vt 0.403044 0.688896
vt 0.207434 0.651031
vt 0.203045 0.658658
vt 0.137940 0.302007
vt 0.410978 0.724586
vt 0.393055 0.735412
vt 0.432631 0.270376
vt 0.426759 0.274556
vt 0.113853 0.276610
vt 0.722814 0.445378
vt 0.708779 0.475963
vt 0.412379 0.280283
vt 0.815887 0.124742
vt 0.784927 0.422425
vt 0.518556 0.929263
vt 0.224188 0.883322
vt 0.666123 0.808535
vt 0.111618 0.585554
vt 0.099700 0.585810
vt 0.112351 0.579547
vt 0.015384 0.613869
vt 0.751181 0.428703
vt 0.750136 0.419088
vt 0.143956 0.727316
vt 0.017967 0.580312
vt 0.046783 0.496049
vt 0.015836 0.485778
vt 0.085824 0.496049
vt 0.570063 0.446221
vt 0.567985 0.437242
vt 0.567985 0.429353
vt 0.966085 0.685020
vt 0.948242 0.677121
vt 0.970051 0.681670
vt 0.117076 0.575955
vt 0.109661 0.578568
vt 0.638274 0.821720
vt 0.746331 0.398636
vt 0.726923 0.921212
vt 0.979500 0.527544
vt 0.953628 0.499743
vt 0.979500 0.497120
vt 0.589036 0.952882
vt 0.596032 0.941386
vt 0.871172 0.716515
vt 0.715285 0.918481
vt 0.722356 0.918924
vt 0.597295 0.964323
vt 0.589010 0.954996
vt 0.856146 0.893820
vt 0.838391 0.912405
vt 0.838391 0.880428
vt 0.412174 0.823888
vt 0.708414 0.920178
vt 0.728692 0.441649
vt 0.186051 0.478780
vt 0.936576 0.443148
vt 0.923369 0.432661
vt 0.918875 0.414732
vt 0.916803 0.402094
vt 0.921571 0.402383
vt 0.527544 0.974775
vt 0.509538 0.960299
vt 0.527443 0.967246
vt 0.518253 0.763379
vt 0.524239 0.750394
vt 0.748010 0.856536
vt 0.522643 0.738352
vt 0.519035 0.734314
vt 0.528967 0.726062
vt 0.520755 0.738956
vt 0.099688 0.938556
vt 0.740657 0.664412
vt 0.161182 0.055476
vt 0.160153 0.117676
vt 0.354914 0.350089
vt 0.404713 0.334150
vt 0.132144 0.054375
vt 0.618982 0.785707
vt 0.610883 0.772811
vt 0.146018 0.615460
vt 0.388971 0.708676
vt 0.395029 0.697403
vt 0.383689 0.717698
vt 0.397622 0.691333
vt 0.382080 0.723166
vt 0.198613 0.651926
vt 0.792080 0.456062
vt 0.425185 0.680184
vt 0.926661 0.907354
vt 0.925489 0.913825
vt 0.920417 0.905887
vt 0.680860 0.765205
vt 0.757459 0.913360
vt 0.790931 0.428249
vt 0.929058 0.931274
vt 0.921672 0.932257
vt 0.926849 0.924584
vt 0.518912 0.908448
vt 0.136898 0.659193
vt 0.130914 0.658957
vt 0.134494 0.653012
vt 0.390388 0.266096
vt 0.389941 0.263052
vt 0.441209 0.577934
vt 0.387295 0.264756
vt 0.508015 0.931871
vt 0.660213 0.840910
vt 0.962460 0.757537
vt 0.966436 0.757828
vt 0.964617 0.760608
vt 0.650907 0.493688
vt 0.758357 0.422405
vt 0.760608 0.412206
vt 0.834538 0.074394
vt 0.974317 0.751673
vt 0.974709 0.757220
vt 0.929060 0.272959
vt 0.459829 0.558030
vt 0.758192 0.432928
vt 0.749415 0.433578
vt 0.743963 0.243555
vt 0.803237 0.846587
vt 0.804663 0.847478
vt 0.804702 0.839266
vt 0.074014 0.863917
vt 0.066701 0.862339
vt 0.066590 0.834169
vt 0.567540 0.438632
vt 0.074014 0.817259
vt 0.069723 0.865300
vt 0.726363 0.923882
vt 0.569656 0.454827
vt 0.055180 0.242513
vt 0.660734 0.798518
vt 0.876874 0.893459
vt 0.917883 0.012753
vt 0.866117 0.064742
vt 0.856636 0.074045
vt 0.465481 0.675084
vt 0.598408 0.973201
vt 0.581432 0.963196
vt 0.855996 0.067643
vt 0.029310 0.192456
vt 0.929447 0.764977
vt 0.504290 0.972943
vt 0.875117 0.677311
vt 0.865739 0.674664
vt 0.274727 0.628855
vt 0.503765 0.774695
vt 0.501861 0.781012
vt 0.458344 0.210457
vt 0.525765 0.719493
vt 0.515820 0.736727
vt 0.058021 0.084804
vt 0.397414 0.348576
vt 0.394863 0.362590
vt 0.617960 0.787161
vt 0.734446 0.632077
vt 0.738118 0.643266
vt 0.622918 0.794663
vt 0.111086 0.036035
vt 0.112609 0.046855
vt 0.148985 0.277686
vt 0.402884 0.681570
vt 0.397149 0.686932
vt 0.408961 0.677694
vt 0.198304 0.660149
vt 0.202704 0.672407
vt 0.924815 0.900335
vt 0.923546 0.893954
vt 0.421728 0.706861
vt 0.214908 0.680763
vt 0.203479 0.677814
vt 0.108196 0.281428
vt 0.572610 0.560456
vt 0.931371 0.910559
vt 0.099547 0.298371
vt 0.678049 0.750544
vt 0.806494 0.129519
vt 0.692894 0.749446
vt 0.692710 0.759962
vt 0.399691 0.276847
vt 0.931022 0.927064
vt 0.963896 0.197250
vt 0.980932 0.193617
vt 0.984224 0.200272
vt 0.665808 0.501604
vt 0.695871 0.470700
vt 0.792357 0.423773
vt 0.402731 0.233975
vt 0.648904 0.504005
vt 0.122470 0.649356
vt 0.122234 0.656262
vt 0.647993 0.499709
vt 0.651105 0.842548
vt 0.961505 0.753709
vt 0.501357 0.927945
vt 0.638411 0.503903
vt 0.755796 0.400361
vt 0.133547 0.741711
vt 0.201871 0.861393
vt 0.918124 0.293907
vt 0.854354 0.706913
vt 0.106441 0.576714
vt 0.107430 0.575597
vt 0.586606 0.950585
vt 0.416209 0.823256
vt 0.709426 0.917346
vt 0.471390 0.672221
vt 0.468347 0.674845
vt 0.201569 0.485055
vt 0.200609 0.486860
vt 0.895231 0.686073
vt 0.493424 0.785123
vt 0.494096 0.787752
vt 0.889225 0.680174
vt 0.890195 0.677871
vt 0.507406 0.790527
vt 0.914310 0.412138
vt 0.516538 0.786050
vt 0.393508 0.454994
vt 0.397158 0.451835
vt 0.525969 0.772801
vt 0.580615 0.430435
vt 0.522203 0.718573
vt 0.516394 0.728139
vt 0.515055 0.735125
vt 0.004278 0.118677
vt 0.426655 0.441604
vt 0.472427 0.434235
vt 0.470754 0.444458
vt 0.145527 0.125573
vt 0.908636 0.349488
vt 0.896624 0.375238
vt 0.871202 0.356366
vt 0.121663 0.072104
vt 0.133313 0.064353
vt 0.612545 0.817162
vt 0.738871 0.661493
vt 0.387663 0.690548
vt 0.786429 0.466128
vt 0.432675 0.278235
vt 0.426659 0.279762
vt 0.415738 0.725517
vt 0.800268 0.438246
vt 0.425185 0.710584
vt 0.678486 0.746171
vt 0.933180 0.917909
vt 0.919687 0.174592
vt 0.929690 0.167040
vt 0.932257 0.188971
vt 0.424329 0.715121
vt 0.419137 0.734128
vt 0.804918 0.138452
vt 0.806465 0.141728
vt 0.931576 0.923104
vt 0.418650 0.726818
vt 0.712974 0.433697
vt 0.798233 0.115680
vt 0.500593 0.893506
vt 0.495237 0.901461
vt 0.489435 0.895284
vt 0.503773 0.894751
vt 0.920447 0.152582
vt 0.932257 0.144812
vt 0.928388 0.164091
vt 0.922733 0.144525
vt 0.984224 0.225190
vt 0.960007 0.217828
vt 0.131877 0.664141
vt 0.137295 0.665274
vt 0.423591 0.242871
vt 0.422583 0.239684
vt 0.620455 0.873570
vt 0.616128 0.888745
vt 0.609700 0.886968
vt 0.120035 0.631164
vt 0.128355 0.665109
vt 0.123948 0.662191
vt 0.492095 0.919963
vt 0.620455 0.897612
vt 0.233064 0.899187
vt 0.213428 0.897509
vt 0.208050 0.893343
vt 0.779505 0.193695
vt 0.771593 0.175061
vt 0.778623 0.171806
vt 0.988948 0.973201
vt 0.978700 0.952357
vt 0.988948 0.949159
vt 0.604230 0.259524
vt 0.581732 0.285854
vt 0.581732 0.244820
vt 0.433059 0.224139
vt 0.971889 0.958199
vt 0.442157 0.588960
vt 0.940131 0.000390
vt 0.935447 0.009048
vt 0.924764 0.001381
vt 0.639626 0.498752
vt 0.524395 0.938556
vt 0.496034 0.938556
vt 0.487903 0.925380
vt 0.200890 0.880431
vt 0.968874 0.752011
vt 0.842416 0.925958
vt 0.849470 0.913032
vt 0.861964 0.910763
vt 0.929324 0.010634
vt 0.936758 0.018545
vt 0.920422 0.010204
vt 0.631452 0.502442
vt 0.932002 0.022168
vt 0.058242 0.859540
vt 0.756727 0.435791
vt 0.905106 0.000390
vt 0.760608 0.439125
vt 0.638575 0.832731
vt 0.868008 0.896564
vt 0.259696 0.952723
vt 0.258194 0.950335
vt 0.265521 0.951876
vt 0.262657 0.946873
vt 0.261649 0.941835
vt 0.256970 0.938611
vt 0.252327 0.929207
vt 0.839791 0.917850
vt 0.860044 0.899297
vt 0.480574 0.784363
vt 0.865226 0.069721
vt 0.850482 0.070061
vt 0.628201 0.818792
vt 0.467060 0.679241
vt 0.463347 0.681780
vt 0.112966 0.351597
vt 0.469751 0.678000
vt 0.030009 0.233146
vt 0.486847 0.782860
vt 0.940407 0.758040
vt 0.533843 0.712065
vt 0.405514 0.446618
vt 0.784230 0.673793
vt 0.767471 0.664301
vt 0.783441 0.660136
vt 0.317290 0.342658
vt 0.735277 0.669272
vt 0.108564 0.058152
vt 0.135419 0.602975
vt 0.120234 0.610593
vt 0.399780 0.677408
vt 0.113209 0.614253
vt 0.419138 0.280777
vt 0.422892 0.284449
vt 0.609432 0.263550
vt 0.603961 0.271454
vt 0.921822 0.167864
vt 0.930925 0.160044
vt 0.584676 0.539497
vt 0.912736 0.165544
vt 0.913060 0.155886
vt 0.007527 0.159445
vt 0.012598 0.146780
vt 0.012598 0.162200
vt 0.696626 0.475105
vt 0.710206 0.427759
vt 0.158107 0.448806
vt 0.158107 0.421417
vt 0.163775 0.426651
vt 0.900163 0.165799
vt 0.386080 0.272530
vt 0.959515 0.756636
vt 0.209328 0.886407
vt 0.225486 0.887843
vt 0.683295 0.435186
vt 0.142637 0.303215
vt 0.150892 0.306485
vt 0.143142 0.309336
vt 0.779505 0.167051
vt 0.248812 0.030037
vt 0.248812 0.037794
vt 0.242945 0.036242
vt 0.642711 0.838284
vt 0.459829 0.587046
vt 0.875103 0.908037
vt 0.873300 0.901142
vt 0.880290 0.903239
vt 0.152863 0.312348
vt 0.154326 0.301548
vt 0.938814 0.028335
vt 0.845527 0.915386
vt 0.041653 0.242470
vt 0.273771 0.946793
vt 0.270297 0.949699
vt 0.486598 0.787427
vt 0.888014 0.674190
vt 0.254558 0.638139
vt 0.300581 0.622894
vt 0.948004 0.760006
vt 0.470823 0.229067
vt 0.430069 0.435763
vt 0.044283 0.096322
vt 0.867133 0.357810
vt 0.874263 0.369805
vt 0.380322 0.700205
vt 0.383613 0.709979
vt 0.150927 0.298346
vt 0.135429 0.045928
vt 0.131364 0.047243
vt 0.131364 0.038701
vt 0.932460 0.895459
vt 0.805113 0.449503
vt 0.936087 0.898533
vt 0.599383 0.286606
vt 0.719470 0.422364
vt 0.141941 0.662979
vt 0.699218 0.421412
vt 0.900217 0.174316
vt 0.909107 0.170413
vt 0.382916 0.268837
vt 0.964517 0.750017
vt 0.154326 0.316526
vt 0.900032 0.807171
vt 0.398414 0.323956
vt 0.395277 0.332274
vt 0.383975 0.316916
vt 0.927817 0.289452
vt 0.057847 0.847627
vt 0.976268 0.751063
vt 0.977925 0.747790
vt 0.977225 0.750922
vt 0.254596 0.943181
vt 0.259003 0.942555
vt 0.925295 0.292753
vt 0.108675 0.568741
vt 0.851254 0.074550
vt 0.275586 0.949708
vt 0.366919 0.305258
vt 0.363342 0.318101
vt 0.356352 0.317735
vt 0.504008 0.800129
vt 0.910319 0.407230
vt 0.454394 0.228174
vt 0.748010 0.826725
vt 0.527273 0.710740
vt 0.114283 0.069403
vt 0.156813 0.266843
vt 0.155872 0.279013
vt 0.406544 0.672747
vt 0.796595 0.465584
vt 0.801838 0.455677
vt 0.939726 0.904197
vt 0.192486 0.689548
vt 0.407977 0.283637
vt 0.913097 0.170244
vt 0.135429 0.000313
vt 0.135429 0.012598
vt 0.134687 0.008282
vt 0.902802 0.169959
vt 0.694176 0.420302
vt 0.877793 0.744727
vt 0.885014 0.749567
vt 0.879229 0.765333
vt 0.046558 0.585852
vt 0.253205 0.941069
vt 0.015149 0.000071
vt 0.015748 0.000832
vt 0.015149 0.003150
vt 0.913820 0.313377
vt 0.066601 0.863432
vt 0.758411 0.441073
vt 0.931286 0.296713
vt 0.266986 0.961659
vt 0.281882 0.011023
vt 0.277584 0.010196
vt 0.281257 0.003686
vt 0.471029 0.681788
vt 0.918020 0.444082
vt 0.053239 0.984173
vt 0.046480 0.998397
vt 0.046480 0.976118
vt 0.515923 0.806276
vt 0.301933 0.063553
vt 0.305503 0.074164
vt 0.301933 0.081887
vt 0.501840 0.744417
vt 0.153336 0.134115
vt 0.894682 0.379122
vt 0.061780 0.572416
vt 0.068816 0.580917
vt 0.062576 0.578544
vt 0.319785 0.349808
vt 0.727709 0.632313
vt 0.399065 0.374136
vt 0.389497 0.681097
vt 0.703517 0.784512
vt 0.710573 0.777875
vt 0.710664 0.781772
vt 0.182100 0.661315
vt 0.707247 0.786469
vt 0.713993 0.787379
vt 0.192319 0.666242
vt 0.196591 0.672797
vt 0.807738 0.451438
vt 0.937826 0.915158
vt 0.410245 0.287572
vt 0.885014 0.716020
vt 0.252327 0.965327
vt 0.975898 0.740783
vt 0.970051 0.654434
vt 0.240054 0.751140
vt 0.238718 0.758449
vt 0.231761 0.752503
vt 0.558910 0.437715
vt 0.910338 0.440610
vt 0.484602 0.796802
vt 0.198766 0.492901
vt 0.906028 0.416939
vt 0.871397 0.669706
vt 0.864132 0.667461
vt 0.279645 0.644863
vt 0.289136 0.643372
vt 0.507206 0.695416
vt 0.507277 0.711469
vt 0.058723 0.574521
vt 0.908636 0.396839
vt 0.155352 0.605769
vt 0.367909 0.716190
vt 0.123000 0.602970
vt 0.805409 0.461663
vt 0.423060 0.291466
vt 0.803489 0.425772
vt 0.399348 0.283397
vt 0.796040 0.425510
vt 0.939669 0.923096
vt 0.788255 0.410366
vt 0.120637 0.665640
vt 0.084746 0.183873
vt 0.074147 0.177363
vt 0.805956 0.992851
vt 0.803696 0.996393
vt 0.799862 0.993693
vt 0.232474 0.007462
vt 0.231872 0.000358
vt 0.236214 0.000630
vt 0.277584 0.002968
vt 0.478586 0.792970
vt 0.360436 0.308434
vt 0.353833 0.308549
vt 0.903461 0.428182
vt 0.192911 0.493739
vt 0.191136 0.494270
vt 0.390779 0.442085
vt 0.399569 0.439933
vt 0.406297 0.434636
vt 0.081777 0.711764
vt 0.082310 0.714415
vt 0.077556 0.711591
vt 0.423037 0.431630
vt 0.091173 0.718959
vt 0.088927 0.720058
vt 0.154595 0.290665
vt 0.115901 0.600702
vt 0.433059 0.288759
vt 0.146453 0.671404
vt 0.137916 0.677652
vt 0.133257 0.678734
vt 0.900032 0.762734
vt 0.653453 0.848437
vt 0.639629 0.848795
vt 0.967033 0.741173
vt 0.226566 0.916494
vt 0.237423 0.920615
vt 0.234760 0.925139
vt 0.972801 0.739278
vt 0.053953 0.840036
vt 0.506412 0.413797
vt 0.525671 0.419502
vt 0.537485 0.439235
vt 0.928675 0.292851
vt 0.242835 0.926259
vt 0.259835 0.916494
vt 0.250633 0.926607
vt 0.978496 0.167723
vt 0.967036 0.166618
vt 0.981074 0.156958
vt 0.279082 0.943133
vt 0.855111 0.097635
vt 0.236214 0.007874
vt 0.971909 0.151755
vt 0.406100 0.096912
vt 0.399468 0.103441
vt 0.398601 0.092180
vt 0.467713 0.685461
vt 0.932685 0.140872
vt 0.890309 0.670011
vt 0.135874 0.355619
vt 0.434633 0.792257
vt 0.505850 0.744637
vt 0.044994 0.111518
vt 0.150037 0.133855
vt 0.147834 0.133669
vt 0.049675 0.570480
vt 0.064240 0.585168
vt 0.094992 0.033320
vt 0.097183 0.036848
vt 0.322444 0.354450
vt 0.714761 0.778944
vt 0.159071 0.300421
vt 0.428814 0.295505
vt 0.196696 0.682247
vt 0.571115 0.567172
vt 0.563265 0.564332
vt 0.547983 0.552032
vt 0.239483 0.927059
vt 0.075080 0.453273
vt 0.105765 0.542105
vt 0.060351 0.862351
vt 0.060225 0.864010
vt 0.063767 0.864116
vt 0.933832 0.292203
vt 0.277370 0.938420
vt 0.288181 0.943031
vt 0.471444 0.684821
vt 0.467813 0.686259
vt 0.512617 0.945362
vt 0.943125 0.154917
vt 0.606271 0.461336
vt 0.459261 0.227340
vt 0.079268 0.717364
vt 0.095273 0.420460
vt 0.045020 0.404574
vt 0.056310 0.388633
vt 0.902842 0.396525
vt 0.163842 0.278784
vt 0.717292 0.781877
vt 0.933881 0.891731
vt 0.405204 0.291800
vt 0.959244 0.742451
vt 0.006434 0.653828
vt 0.041213 0.659864
vt 0.011332 0.696043
vt 0.974069 0.182672
vt 0.981074 0.174184
vt 0.950078 0.654469
vt 0.470575 0.792691
vt 0.815315 0.983358
vt 0.805498 0.990002
vt 0.808357 0.996964
vt 0.805652 0.985761
vt 0.055290 0.982091
vt 0.485999 0.682134
vt 0.479117 0.668339
vt 0.398601 0.112083
vt 0.402070 0.110556
vt 0.887189 0.667418
vt 0.194463 0.492177
vt 0.195508 0.494143
vt 0.189448 0.496084
vt 0.944264 0.753233
vt 0.519674 0.940913
vt 0.387438 0.443229
vt 0.782604 0.718090
vt 0.056782 0.580716
vt 0.094790 0.038896
vt 0.629903 0.187379
vt 0.629903 0.258260
vt 0.627672 0.209113
vt 0.074316 0.586447
vt 0.164576 0.265917
vt 0.713624 0.767982
vt 0.703075 0.768629
vt 0.176990 0.651023
vt 0.122158 0.594206
vt 0.184458 0.667517
vt 0.944578 0.896974
vt 0.943505 0.911663
vt 0.606282 0.605495
vt 0.125400 0.685047
vt 0.398414 0.303914
vt 0.395582 0.305632
vt 0.134130 0.303451
vt 0.135722 0.299376
vt 0.138939 0.308154
vt 0.035668 0.653446
vt 0.000311 0.628847
vt 0.031714 0.633038
vt 0.688960 0.196808
vt 0.675809 0.209595
vt 0.676194 0.202255
vt 0.815725 0.991364
vt 0.481340 0.799405
vt 0.067715 0.983288
vt 0.473572 0.685603
vt 0.454849 0.693085
vt 0.357481 0.304374
vt 0.804014 0.949579
vt 0.804839 0.945447
vt 0.810014 0.936171
vt 0.786773 0.725759
vt 0.784131 0.724895
vt 0.781984 0.721443
vt 0.260304 0.640155
vt 0.901363 0.409386
vt 0.909053 0.399767
vt 0.273744 0.640882
vt 0.297010 0.645901
vt 0.085180 0.723515
vt 0.147711 0.136224
vt 0.053143 0.578903
vt 0.106202 0.070758
vt 0.672872 0.938861
vt 0.671236 0.920284
vt 0.673922 0.920808
vt 0.154299 0.597995
vt 0.412696 0.296032
vt 0.565604 0.564524
vt 0.595803 0.285384
vt 0.397298 0.291783
vt 0.386875 0.286584
vt 0.406362 0.639174
vt 0.411717 0.647036
vt 0.402855 0.653118
vt 0.382520 0.281952
vt 0.376043 0.278118
vt 0.423722 0.641186
vt 0.423914 0.652248
vt 0.426696 0.646644
vt 0.137674 0.313576
vt 0.241296 0.933235
vt 0.233097 0.927161
vt 0.672516 0.200694
vt 0.673117 0.208146
vt 0.814707 0.988940
vt 0.477189 0.796752
vt 0.864360 0.083131
vt 0.799088 0.976020
vt 0.815725 0.976943
vt 0.473388 0.690200
vt 0.485075 0.806276
vt 0.140067 0.354799
vt 0.392781 0.430466
vt 0.427760 0.418696
vt 0.007199 0.122640
vt 0.020040 0.120570
vt 0.099688 0.897426
vt 0.046806 0.103564
vt 0.144672 0.139487
vt 0.096005 0.056643
vt 0.700819 0.759171
vt 0.710147 0.752390
vt 0.708621 0.756328
vt 0.942931 0.892571
vt 0.421352 0.301010
vt 0.945114 0.919359
vt 0.239746 0.920670
vt 0.140790 0.311322
vt 0.147516 0.314891
vt 0.963931 0.735689
vt 0.968394 0.735502
vt 0.054716 0.850955
vt 0.053472 0.857811
vt 0.966497 0.733220
vt 0.257466 0.750262
vt 0.241830 0.743273
vt 0.238307 0.715034
vt 0.242785 0.940970
vt 0.133010 0.302400
vt 0.691809 0.228340
vt 0.702342 0.196808
vt 0.257958 0.762666
vt 0.254360 0.757844
vt 0.263096 0.766770
vt 0.478172 0.687047
vt 0.361995 0.298313
vt 0.476256 0.802957
vt 0.475797 0.798895
vt 0.406288 0.113383
vt 0.841367 0.265391
vt 0.856668 0.262895
vt 0.841573 0.269210
vt 0.901924 0.413625
vt 0.434633 0.825173
vt 0.159053 0.349106
vt 0.642501 0.321251
vt 0.618099 0.283166
vt 0.642501 0.251106
vt 0.064257 0.709808
vt 0.062652 0.707212
vt 0.080524 0.667496
vt 0.050744 0.106619
vt 0.131900 0.134847
vt 0.044862 0.400907
vt 0.717335 0.775600
vt 0.722234 0.785876
vt 0.948125 0.903092
vt 0.187553 0.678517
vt 0.189797 0.684777
vt 0.810597 0.429076
vt 0.713736 0.424371
vt 0.150637 0.676884
vt 0.144583 0.677876
vt 0.897280 0.554315
vt 0.897280 0.508274
vt 0.911366 0.541776
vt 0.708818 0.418689
vt 0.808732 0.416295
vt 0.140518 0.316430
vt 0.155901 0.318847
vt 0.427358 0.643772
vt 0.251374 0.752281
vt 0.242103 0.748090
vt 0.811334 0.998397
vt 0.957453 0.785197
vt 0.948079 0.788783
vt 0.950110 0.776226
vt 0.943369 0.783443
vt 0.262666 0.751874
vt 0.272433 0.774781
vt 0.475849 0.695866
vt 0.936769 0.777908
vt 0.663548 0.908070
vt 0.665810 0.907655
vt 0.664377 0.912280
vt 0.659214 0.906882
vt 0.784280 0.727774
vt 0.086612 0.381092
vt 0.084974 0.371034
vt 0.086612 0.364971
vt 0.335065 0.311298
vt 0.324342 0.304356
vt 0.340017 0.307348
vt 0.435253 0.414126
vt 0.055203 0.106908
vt 0.149849 0.140056
vt 0.680344 0.940407
vt 0.708353 0.744251
vt 0.363761 0.706282
vt 0.551695 0.568587
vt 0.248812 0.011023
vt 0.241420 0.006898
vt 0.240049 0.001380
vt 0.950435 0.008340
vt 0.949590 0.001700
vt 0.955332 0.011398
vt 0.960603 0.004053
vt 0.452120 0.611025
vt 0.434404 0.651422
vt 0.428927 0.637604
vt 0.807515 0.424297
vt 0.041201 0.696043
vt 0.406082 0.658355
vt 0.151078 0.327398
vt 0.971044 0.736613
vt 0.117503 0.555058
vt 0.245930 0.757559
vt 0.248528 0.941595
vt 0.696655 0.228040
vt 0.057390 0.867692
vt 0.970912 0.484398
vt 0.983161 0.484937
vt 0.980683 0.491578
vt 0.954910 0.788239
vt 0.866019 0.086729
vt 0.990523 0.482024
vt 0.983011 0.494487
vt 0.834891 0.264686
vt 0.837865 0.260499
vt 0.838623 0.267508
vt 0.779505 0.761413
vt 0.752544 0.779505
vt 0.762806 0.754141
vt 0.655887 0.912545
vt 0.806377 0.939762
vt 0.810500 0.926626
vt 0.822279 0.933110
vt 0.818917 0.919876
vt 0.825452 0.927985
vt 0.283952 0.646965
vt 0.294286 0.648800
vt 0.183459 0.368863
vt 0.119682 0.706170
vt 0.681578 0.914214
vt 0.066001 0.594551
vt 0.884705 0.289756
vt 0.882103 0.252372
vt 0.885014 0.240257
vt 0.147239 0.588331
vt 0.714859 0.772210
vt 0.174488 0.660084
vt 0.726326 0.780545
vt 0.817300 0.456771
vt 0.949435 0.015839
vt 0.152105 0.681721
vt 0.760159 0.979823
vt 0.765655 0.969177
vt 0.768482 0.975262
vt 0.942850 0.000030
vt 0.767950 0.970287
vt 0.143793 0.326264
vt 0.548103 0.808222
vt 0.557737 0.809734
vt 0.545259 0.813434
vt 0.965313 0.729115
vt 0.969626 0.733709
vt 0.482035 0.701504
vt 0.482769 0.700282
vt 0.490257 0.702702
vt 0.254855 0.762134
vt 0.257840 0.764122
vt 0.255328 0.765611
vt 0.478901 0.694804
vt 0.839655 0.265857
vt 0.835750 0.269096
vt 0.655518 0.918934
vt 0.933941 0.734453
vt 0.504290 0.950753
vt 0.264948 0.645822
vt 0.272043 0.644806
vt 0.786693 0.710603
vt 0.796148 0.720884
vt 0.066127 0.716011
vt 0.405539 0.424631
vt 0.112472 0.669685
vt 0.096781 0.727118
vt 0.100832 0.719957
vt 0.767471 0.700032
vt 0.047736 0.111885
vt 0.135407 0.144542
vt 0.142996 0.146036
vt 0.059400 0.592667
vt 0.793146 0.018437
vt 0.786183 0.001458
vt 0.789087 0.003158
vt 0.786183 0.058266
vt 0.171496 0.268403
vt 0.155901 0.590124
vt 0.133083 0.590805
vt 0.139042 0.592094
vt 0.712128 0.759772
vt 0.171416 0.279737
vt 0.169878 0.285958
vt 0.168627 0.295061
vt 0.178936 0.664993
vt 0.123143 0.590777
vt 0.117272 0.586839
vt 0.167561 0.299165
vt 0.164005 0.305298
vt 0.814659 0.451241
vt 0.951154 0.917759
vt 0.248812 0.001018
vt 0.943728 0.013301
vt 0.982649 0.799977
vt 0.975151 0.793431
vt 0.976933 0.783491
vt 0.813358 0.422835
vt 0.982649 0.784809
vt 0.489110 0.960874
vt 0.486889 0.966280
vt 0.486486 0.963378
vt 0.492518 0.956888
vt 0.707462 0.563041
vt 0.718740 0.545307
vt 0.717659 0.559980
vt 0.384333 0.296371
vt 0.487599 0.949169
vt 0.723265 0.548542
vt 0.114115 0.335617
vt 0.114957 0.341338
vt 0.110743 0.333277
vt 0.221799 0.770561
vt 0.233169 0.764786
vt 0.240136 0.955878
vt 0.548050 0.422014
vt 0.532860 0.412709
vt 0.547511 0.401480
vt 0.550851 0.818766
vt 0.974198 0.734576
vt 0.977925 0.735546
vt 0.110963 0.543567
vt 0.138579 0.563605
vt 0.696043 0.122831
vt 0.691955 0.108403
vt 0.693317 0.092368
vt 0.969915 0.730017
vt 0.250767 0.757440
vt 0.555605 0.805998
vt 0.969108 0.490346
vt 0.989222 0.491507
vt 0.000440 0.202160
vt 0.936087 0.786996
vt 0.930897 0.780444
vt 0.663516 0.917992
vt 0.805328 0.935484
vt 0.789727 0.731200
vt 0.339207 0.312498
vt 0.815092 0.925417
vt 0.351171 0.297920
vt 0.349610 0.306200
vt 0.346457 0.300779
vt 0.848577 0.284135
vt 0.088363 0.362464
vt 0.096060 0.373406
vt 0.088363 0.376367
vt 0.192673 0.497242
vt 0.593552 0.429678
vt 0.422874 0.420514
vt 0.798502 0.738871
vt 0.822024 0.699431
vt 0.822024 0.754309
vt 0.678755 0.942073
vt 0.170454 0.274266
vt 0.706400 0.737555
vt 0.712177 0.740026
vt 0.129130 0.136622
vt 0.129130 0.146453
vt 0.121613 0.141882
vt 0.724294 0.787051
vt 0.185006 0.681227
vt 0.953602 0.023272
vt 0.711654 0.417163
vt 0.396586 0.300310
vt 0.957648 0.029418
vt 0.954023 0.029948
vt 0.698546 0.575974
vt 0.710425 0.570425
vt 0.699721 0.565213
vt 0.984224 0.844070
vt 0.976239 0.835421
vt 0.983415 0.832506
vt 0.755594 0.987373
vt 0.752255 0.973517
vt 0.751582 0.983780
vt 0.756929 0.966715
vt 0.707312 0.556169
vt 0.960603 0.034533
vt 0.984224 0.817199
vt 0.971587 0.795263
vt 0.725180 0.521784
vt 0.728000 0.523847
vt 0.721322 0.524181
vt 0.140534 0.685005
vt 0.496071 0.960424
vt 0.128102 0.690590
vt 0.044093 0.989549
vt 0.032457 0.988444
vt 0.041353 0.985906
vt 0.043515 0.993118
vt 0.724389 0.566907
vt 0.370963 0.288646
vt 0.427124 0.228340
vt 0.427124 0.213390
vt 0.431484 0.219033
vt 0.491646 0.941499
vt 0.110743 0.349596
vt 0.714411 0.541589
vt 0.717423 0.534477
vt 0.144047 0.190511
vt 0.149602 0.180039
vt 0.149602 0.192120
vt 0.612201 0.631845
vt 0.608977 0.637490
vt 0.604087 0.622929
vt 0.544690 0.431901
vt 0.531276 0.415369
vt 0.038118 0.644366
vt 0.037344 0.648592
vt 0.240464 0.761264
vt 0.944131 0.651036
vt 0.121349 0.536989
vt 0.911439 0.770057
vt 0.911439 0.724979
vt 0.919659 0.763313
vt 0.559477 0.455105
vt 0.595758 0.648561
vt 0.586139 0.646548
vt 0.550665 0.803967
vt 0.987608 0.500038
vt 0.990523 0.497614
vt 0.949719 0.791938
vt 0.479508 0.700904
vt 0.449036 0.700039
vt 0.828389 0.270087
vt 0.353833 0.302312
vt 0.197679 0.495625
vt 0.789011 0.734098
vt 0.195166 0.496023
vt 0.082199 0.371310
vt 0.077583 0.730688
vt 0.501967 0.701384
vt 0.151801 0.147113
vt 0.116384 0.088301
vt 0.106887 0.080509
vt 0.795253 0.003841
vt 0.085037 0.600069
vt 0.715969 0.765711
vt 0.181641 0.676517
vt 0.951154 0.892118
vt 0.815033 0.446294
vt 0.181025 0.685608
vt 0.352746 0.346447
vt 0.348588 0.337434
vt 0.352746 0.334936
vt 0.727515 0.508092
vt 0.736476 0.508066
vt 0.733078 0.512269
vt 0.973768 0.770285
vt 0.700398 0.418149
vt 0.138694 0.687119
vt 0.741856 0.504166
vt 0.742400 0.509671
vt 0.776775 0.526368
vt 0.771106 0.525742
vt 0.771971 0.522174
vt 0.708181 0.546723
vt 0.120035 0.689563
vt 0.777479 0.355500
vt 0.780182 0.356350
vt 0.782018 0.359050
vt 0.746104 0.516369
vt 0.745603 0.518148
vt 0.738675 0.514883
vt 0.798034 0.563689
vt 0.799977 0.582288
vt 0.792580 0.596833
vt 0.030104 0.148312
vt 0.031495 0.142898
vt 0.031495 0.149602
vt 0.029803 0.996822
vt 0.500652 0.952965
vt 0.486486 0.936192
vt 0.489466 0.932601
vt 0.250374 0.844446
vt 0.242162 0.831209
vt 0.246173 0.832117
vt 0.017217 0.994277
vt 0.019620 0.978193
vt 0.114008 0.138223
vt 0.118107 0.143983
vt 0.114008 0.146453
vt 0.611084 0.646165
vt 0.606750 0.660886
vt 0.532876 0.856903
vt 0.540538 0.857913
vt 0.534719 0.860113
vt 0.550696 0.411389
vt 0.551411 0.406726
vt 0.551611 0.404042
vt 0.040950 0.644760
vt 0.554891 0.713244
vt 0.552982 0.699409
vt 0.560591 0.683961
vt 0.566163 0.688543
vt 0.157731 0.505664
vt 0.160625 0.516521
vt 0.153473 0.505464
vt 0.595013 0.621129
vt 0.157574 0.513771
vt 0.595960 0.658382
vt 0.549317 0.800039
vt 0.984790 0.505497
vt 0.980082 0.494966
vt 0.751517 0.073886
vt 0.759219 0.072248
vt 0.738888 0.087102
vt 0.838504 0.274677
vt 0.764429 0.086054
vt 0.750422 0.089407
vt 0.938421 0.791854
vt 0.245318 0.790145
vt 0.260728 0.781007
vt 0.246062 0.795106
vt 0.570710 0.647496
vt 0.562761 0.657399
vt 0.566849 0.650756
vt 0.279448 0.648108
vt 0.190836 0.497838
vt 0.566678 0.646049
vt 0.560581 0.649237
vt 0.453437 0.231391
vt 0.430546 0.231386
vt 0.395264 0.662973
vt 0.378143 0.654971
vt 0.395264 0.630957
vt 0.461099 0.232114
vt 0.479917 0.234913
vt 0.493280 0.755884
vt 0.482386 0.232759
vt 0.128948 0.149302
vt 0.148344 0.144849
vt 0.159145 0.140990
vt 0.794657 0.009504
vt 0.366856 0.374795
vt 0.151003 0.587382
vt 0.180333 0.271272
vt 0.415671 0.308177
vt 0.813932 0.434406
vt 0.946477 0.018734
vt 0.695617 0.584235
vt 0.184842 0.698599
vt 0.180209 0.694899
vt 0.938484 0.012200
vt 0.958290 0.037794
vt 0.713810 0.512959
vt 0.955034 0.099961
vt 0.959458 0.103978
vt 0.951057 0.108543
vt 0.535959 0.571277
vt 0.723789 0.529598
vt 0.080313 0.246082
vt 0.080313 0.261410
vt 0.074843 0.244926
vt 0.075098 0.261208
vt 0.493046 0.968476
vt 0.761204 0.965759
vt 0.703131 0.550556
vt 0.981074 0.343297
vt 0.974403 0.338001
vt 0.979910 0.326672
vt 0.121280 0.693961
vt 0.737246 0.521314
vt 0.922740 0.524674
vt 0.752734 0.502327
vt 0.374579 0.293796
vt 0.224118 0.771823
vt 0.979391 0.319942
vt 0.981074 0.312871
vt 0.133010 0.327550
vt 0.743939 0.531790
vt 0.749742 0.531472
vt 0.752734 0.540015
vt 0.743168 0.527919
vt 0.748832 0.523489
vt 0.748764 0.518405
vt 0.538204 0.827864
vt 0.546128 0.818498
vt 0.543570 0.845554
vt 0.426500 0.657629
vt 0.022240 0.976573
vt 0.501024 0.943026
vt 0.037368 0.037578
vt 0.039369 0.042620
vt 0.037368 0.044093
vt 0.244546 0.837153
vt 0.614156 0.646524
vt 0.611380 0.636878
vt 0.132280 0.730081
vt 0.127982 0.746435
vt 0.127982 0.724088
vt 0.529562 0.865826
vt 0.543471 0.804226
vt 0.547844 0.854011
vt 0.040195 0.654215
vt 0.034296 0.453209
vt 0.971516 0.730511
vt 0.249969 0.768779
vt 0.254851 0.771019
vt 0.825454 0.272598
vt 0.822213 0.266648
vt 0.947091 0.795127
vt 0.252074 0.647317
vt 0.668460 0.916990
vt 0.668620 0.919527
vt 0.568220 0.658807
vt 0.571366 0.661303
vt 0.825462 0.919943
vt 0.382327 0.427126
vt 0.057464 0.717697
vt 0.949338 0.158190
vt 0.750916 0.696222
vt 0.765332 0.699323
vt 0.761761 0.740136
vt 0.045330 0.114549
vt 0.605811 0.327402
vt 0.616384 0.329514
vt 0.617305 0.335423
vt 0.328380 0.364335
vt 0.127980 0.582277
vt 0.173020 0.671944
vt 0.731170 0.777259
vt 0.167635 0.307078
vt 0.950463 0.027603
vt 0.817300 0.424392
vt 0.777566 0.407182
vt 0.805012 0.375825
vt 0.799635 0.409437
vt 0.894463 0.110233
vt 0.892433 0.110145
vt 0.894059 0.096659
vt 0.152752 0.687098
vt 0.743860 0.985581
vt 0.956248 0.118656
vt 0.951848 0.119682
vt 0.779962 0.539689
vt 0.785804 0.521302
vt 0.785804 0.543292
vt 0.726243 0.529143
vt 0.776725 0.535815
vt 0.788369 0.364907
vt 0.733482 0.526184
vt 0.777530 0.522237
vt 0.781103 0.360524
vt 0.505497 0.959206
vt 0.027895 0.976574
vt 0.034626 0.974972
vt 0.145424 0.011322
vt 0.151792 0.003237
vt 0.152507 0.010577
vt 0.155303 0.008050
vt 0.532805 0.847267
vt 0.818874 0.369035
vt 0.231430 0.772122
vt 0.430265 0.664974
vt 0.409979 0.668542
vt 0.434865 0.660357
vt 0.759927 0.500119
vt 0.758016 0.497004
vt 0.762709 0.501641
vt 0.045682 0.616488
vt 0.246388 0.763845
vt 0.046709 0.972510
vt 0.046066 0.964453
vt 0.074014 0.951226
vt 0.527554 0.869267
vt 0.017200 0.451684
vt 0.128343 0.154320
vt 0.485402 0.706788
vt 0.484726 0.710793
vt 0.249363 0.762920
vt 0.459451 0.728433
vt 0.436546 0.730688
vt 0.446821 0.720009
vt 0.444112 0.708686
vt 0.195903 0.498017
vt 0.670847 0.918137
vt 0.573575 0.669964
vt 0.578930 0.669794
vt 0.268287 0.648800
vt 0.348359 0.310715
vt 0.343046 0.313336
vt 0.388497 0.418772
vt 0.880024 0.243466
vt 0.174887 0.266189
vt 0.176776 0.263985
vt 0.152128 0.576230
vt 0.114456 0.582204
vt 0.427799 0.315260
vt 0.708308 0.480586
vt 0.714622 0.480704
vt 0.702299 0.495169
vt 0.731165 0.786304
vt 0.197795 0.271635
vt 0.196308 0.261005
vt 0.564283 0.143110
vt 0.552169 0.144878
vt 0.566913 0.129030
vt 0.727218 0.728293
vt 0.751160 0.739736
vt 0.208655 0.274351
vt 0.748437 0.771808
vt 0.733463 0.484394
vt 0.560486 0.128073
vt 0.199456 0.307078
vt 0.751160 0.781243
vt 0.799977 0.540182
vt 0.780586 0.564862
vt 0.957199 0.096139
vt 0.173020 0.713365
vt 0.381429 0.317314
vt 0.814604 0.414664
vt 0.703869 0.543902
vt 0.126071 0.694068
vt 0.043883 0.660567
vt 0.370510 0.305901
vt 0.968601 0.328659
vt 0.740907 0.529844
vt 0.271012 0.715034
vt 0.038468 0.977826
vt 0.789031 0.359843
vt 0.157073 0.010301
vt 0.972286 0.324627
vt 0.145317 0.020472
vt 0.149137 0.019938
vt 0.148264 0.014529
vt 0.149150 0.012498
vt 0.795181 0.353491
vt 0.157476 0.001051
vt 0.023800 0.972558
vt 0.017217 0.968132
vt 0.491325 0.730688
vt 0.242195 0.769211
vt 0.448986 0.678721
vt 0.554068 0.409356
vt 0.557464 0.401147
vt 0.614156 0.688169
vt 0.599198 0.687114
vt 0.949178 0.648809
vt 0.565422 0.852991
vt 0.555465 0.406213
vt 0.972345 0.729613
vt 0.544866 0.248812
vt 0.529636 0.221662
vt 0.542720 0.198805
vt 0.696043 0.057692
vt 0.762437 0.505972
vt 0.438786 0.670052
vt 0.007672 0.992098
vt 0.004812 0.983367
vt 0.007496 0.981310
vt 0.079585 0.196529
vt 0.083462 0.193088
vt 0.083462 0.203144
vt 0.253385 0.774100
vt 0.526112 0.766573
vt 0.532663 0.770689
vt 0.532691 0.780595
vt 0.764165 0.509381
vt 0.074014 0.982649
vt 0.777931 0.517043
vt 0.360032 0.297353
vt 0.956208 0.795024
vt 0.570480 0.856553
vt 0.574787 0.869267
vt 0.585064 0.630518
vt 0.822589 0.281331
vt 0.587216 0.682490
vt 0.574024 0.633342
vt 0.799616 0.732696
vt 0.794335 0.740501
vt 0.577238 0.674272
vt 0.789957 0.737647
vt 0.792924 0.742720
vt 0.799719 0.718092
vt 0.803127 0.714392
vt 0.829898 0.914451
vt 0.829031 0.917652
vt 0.826488 0.914884
vt 0.243548 0.781299
vt 0.350331 0.312920
vt 0.190950 0.499198
vt 0.661986 0.928876
vt 0.770633 0.741159
vt 0.812715 0.916805
vt 0.935265 0.152792
vt 0.057464 0.678531
vt 0.884036 0.559694
vt 0.862660 0.562554
vt 0.862561 0.535948
vt 0.684647 0.917958
vt 0.712099 0.732343
vt 0.720366 0.739695
vt 0.132559 0.563997
vt 0.552169 0.116993
vt 0.140504 0.694310
vt 0.068988 0.252282
vt 0.395073 0.666780
vt 0.393984 0.678721
vt 0.378040 0.297862
vt 0.706037 0.539924
vt 0.790030 0.937799
vt 0.782203 0.939075
vt 0.777911 0.935415
vt 0.712068 0.530037
vt 0.791563 0.943770
vt 0.149680 0.014241
vt 0.718621 0.529285
vt 0.757345 0.510734
vt 0.752553 0.495100
vt 0.143705 0.001051
vt 0.044511 0.655022
vt 0.007874 0.186845
vt 0.003127 0.196845
vt 0.003127 0.186598
vt 0.048786 0.597761
vt 0.233610 0.845103
vt 0.235153 0.839727
vt 0.237321 0.841899
vt 0.238253 0.837178
vt 0.240880 0.841372
vt 0.441792 0.662533
vt 0.760918 0.510599
vt 0.574416 0.837981
vt 0.547875 0.794821
vt 0.556907 0.795134
vt 0.446474 0.673388
vt 0.744644 0.072054
vt 0.573443 0.852726
vt 0.767205 0.515065
vt 0.801003 0.753413
vt 0.769742 0.520942
vt 0.938316 0.795372
vt 0.351171 0.332274
vt 0.824951 0.908596
vt 0.823112 0.913222
vt 0.935324 0.794065
vt 0.942156 0.801149
vt 0.930897 0.801506
vt 0.643946 0.925491
vt 0.643599 0.919484
vt 0.954350 0.335635
vt 0.950792 0.324664
vt 0.960603 0.327035
vt 0.400470 0.413161
vt 0.034239 0.131426
vt 0.962039 0.101511
vt 0.962199 0.113220
vt 0.891877 0.091774
vt 0.049708 0.676812
vt 0.043760 0.975668
vt 0.120514 0.697618
vt 0.267800 0.839814
vt 0.264857 0.831082
vt 0.776657 0.943587
vt 0.784263 0.945190
vt 0.714414 0.521305
vt 0.000208 0.398414
vt 0.000208 0.382208
vt 0.003150 0.388078
vt 0.720957 0.520640
vt 0.124697 0.535043
vt 0.115922 0.531743
vt 0.243068 0.841478
vt 0.048518 0.579510
vt 0.446200 0.667402
vt 0.135395 0.505363
vt 0.543888 0.797915
vt 0.750852 0.519361
vt 0.803127 0.759689
vt 0.787106 0.749678
vt 0.243025 0.788696
vt 0.942214 0.335791
vt 0.944040 0.335770
vt 0.941434 0.337334
vt 0.557922 0.218891
vt 0.554577 0.206392
vt 0.568488 0.208473
vt 0.550010 0.198876
vt 0.086806 0.089797
vt 0.090146 0.074426
vt 0.880003 0.254665
vt 0.968915 0.110033
vt 0.964629 0.118704
vt 0.958830 0.088851
vt 0.962318 0.093001
vt 0.698980 0.543328
vt 0.894463 0.062112
vt 0.792237 0.950844
vt 0.798488 0.946774
vt 0.749799 0.541637
vt 0.742764 0.539195
vt 0.366427 0.977025
vt 0.372989 0.977643
vt 0.370369 0.984823
vt 0.314952 0.518480
vt 0.053594 0.612603
vt 0.051791 0.589654
vt 0.053808 0.604660
vt 0.576456 0.711583
vt 0.239757 0.852788
vt 0.244232 0.845771
vt 0.048193 0.444074
vt 0.067984 0.449267
vt 0.048488 0.656593
vt 0.344872 0.238636
vt 0.343048 0.244334
vt 0.335312 0.241571
vt 0.050622 0.650996
vt 0.156178 0.501666
vt 0.159804 0.502926
vt 0.155875 0.497518
vt 0.824647 0.297035
vt 0.954154 0.801430
vt 0.760880 0.523004
vt 0.255296 0.817822
vt 0.221368 0.817281
vt 0.243053 0.794097
vt 0.779505 0.088116
vt 0.771832 0.102007
vt 0.805797 0.920350
vt 0.810322 0.918357
vt 0.942071 0.331760
vt 0.454247 0.289756
vt 0.104492 0.729667
vt 0.879030 0.265161
vt 0.071407 0.606435
vt 0.700654 0.326052
vt 0.699031 0.331539
vt 0.696012 0.329031
vt 0.968459 0.112959
vt 0.968776 0.116608
vt 0.731757 0.541717
vt 0.956711 0.084275
vt 0.966170 0.084078
vt 0.047243 0.015763
vt 0.047243 0.022047
vt 0.041810 0.020675
vt 0.924383 0.531627
vt 0.368761 0.307751
vt 0.052687 0.114872
vt 0.055117 0.109523
vt 0.055117 0.118107
vt 0.015356 0.230671
vt 0.020472 0.237670
vt 0.016467 0.236606
vt 0.960074 0.323647
vt 0.537981 0.822024
vt 0.531189 0.810722
vt 0.565172 0.723966
vt 0.242153 0.852059
vt 0.061262 0.443841
vt 0.217317 0.198498
vt 0.217317 0.209443
vt 0.209511 0.206244
vt 0.927368 0.750310
vt 0.930682 0.737820
vt 0.930408 0.750090
vt 0.334950 0.234990
vt 0.028160 0.445017
vt 0.438946 0.660033
vt 0.977925 0.434547
vt 0.976120 0.447943
vt 0.972150 0.425978
vt 0.972150 0.456680
vt 0.052345 0.451221
vt 0.234246 0.652119
vt 0.231711 0.648060
vt 0.232640 0.630868
vt 0.015899 0.446999
vt 0.229540 0.625548
vt 0.226622 0.618972
vt 0.197651 0.606025
vt 0.736296 0.077422
vt 0.453530 0.673725
vt 0.537470 0.780639
vt 0.451347 0.666344
vt 0.447441 0.666148
vt 0.448037 0.663644
vt 0.798534 0.764835
vt 0.939262 0.805984
vt 0.937691 0.337507
vt 0.814679 0.909112
vt 0.951486 0.338441
vt 0.948410 0.333845
vt 0.385312 0.417101
vt 0.136672 0.159722
vt 0.878810 0.279383
vt 0.402926 0.384513
vt 0.103556 0.140146
vt 0.108829 0.138780
vt 0.110567 0.143710
vt 0.111808 0.138255
vt 0.699228 0.323642
vt 0.172291 0.616085
vt 0.181355 0.602202
vt 0.183408 0.614131
vt 0.972302 0.094846
vt 0.720953 0.538259
vt 0.061601 0.518436
vt 0.059517 0.517869
vt 0.060933 0.509581
vt 0.967893 0.087328
vt 0.762972 0.960090
vt 0.061591 0.501416
vt 0.060018 0.502382
vt 0.699151 0.538057
vt 0.898319 0.922233
vt 0.901062 0.922489
vt 0.900541 0.932081
vt 0.051485 0.512011
vt 0.048544 0.501934
vt 0.738454 0.535659
vt 0.906355 0.927612
vt 0.801552 0.948992
vt 0.982649 0.748719
vt 0.982649 0.761274
vt 0.979869 0.757478
vt 0.707000 0.526417
vt 0.767856 0.941234
vt 0.767578 0.934094
vt 0.260267 0.844269
vt 0.258549 0.848459
vt 0.531413 0.816073
vt 0.444147 0.647389
vt 0.707311 0.125831
vt 0.697819 0.117146
vt 0.704952 0.115618
vt 0.360620 0.706828
vt 0.358853 0.707066
vt 0.360620 0.684692
vt 0.357076 0.698235
vt 0.249797 0.850923
vt 0.734600 0.936078
vt 0.740321 0.929435
vt 0.737781 0.938556
vt 0.743845 0.923324
vt 0.749373 0.929138
vt 0.055904 0.593652
vt 0.065467 0.441220
vt 0.034547 0.438575
vt 0.947498 0.932279
vt 0.944225 0.942630
vt 0.940217 0.940151
vt 0.053542 0.647712
vt 0.924576 0.740599
vt 0.533884 0.791052
vt 0.960302 0.256750
vt 0.954417 0.261410
vt 0.956564 0.248150
vt 0.441921 0.661280
vt 0.950412 0.243638
vt 0.336512 0.245281
vt 0.445810 0.663233
vt 0.145942 0.499109
vt 0.796256 0.766907
vt 0.761832 0.751544
vt 0.238370 0.799272
vt 0.765974 0.752540
vt 0.652774 0.928816
vt 0.681056 0.067161
vt 0.678227 0.061884
vt 0.683445 0.065820
vt 0.507139 0.947595
vt 0.237160 0.790621
vt 0.239743 0.773954
vt 0.936946 0.153954
vt 0.948312 0.159313
vt 0.594303 0.426829
vt 0.504979 0.695627
vt 0.538243 0.284150
vt 0.543292 0.364557
vt 0.529976 0.288206
vt 0.101469 0.138255
vt 0.103767 0.144231
vt 0.705492 0.326289
vt 0.974775 0.101460
vt 0.743860 0.956145
vt 0.060337 0.521245
vt 0.064409 0.516599
vt 0.086590 0.988355
vt 0.085852 0.991239
vt 0.083060 0.991597
vt 0.082975 0.999972
vt 0.048544 0.519000
vt 0.927678 0.622537
vt 0.921749 0.617991
vt 0.929107 0.610694
vt 0.903828 0.933802
vt 0.240109 0.104712
vt 0.242513 0.108470
vt 0.240109 0.114957
vt 0.779366 0.952649
vt 0.274008 0.838372
vt 0.273000 0.841258
vt 0.977527 0.758798
vt 0.974381 0.760049
vt 0.752734 0.919029
vt 0.744840 0.916585
vt 0.893331 0.949940
vt 0.896648 0.946663
vt 0.894762 0.953629
vt 0.890770 0.947210
vt 0.248136 0.854370
vt 0.693569 0.344426
vt 0.695174 0.353782
vt 0.686826 0.353694
vt 0.890161 0.954304
vt 0.707347 0.130705
vt 0.704610 0.126290
vt 0.738328 0.928308
vt 0.015356 0.244088
vt 0.766907 0.927046
vt 0.762689 0.957453
vt 0.762689 0.920752
vt 0.374517 0.987073
vt 0.247237 0.664548
vt 0.235324 0.633459
vt 0.344872 0.068373
vt 0.341618 0.072439
vt 0.341618 0.053985
vt 0.700318 0.364050
vt 0.705492 0.387391
vt 0.449494 0.892876
vt 0.456199 0.900011
vt 0.439148 0.898971
vt 0.455265 0.886880
vt 0.537214 0.790375
vt 0.926735 0.735555
vt 0.066595 0.239553
vt 0.071461 0.233686
vt 0.075588 0.240547
vt 0.344872 0.248792
vt 0.008536 0.975885
vt 0.633445 0.213036
vt 0.670847 0.245662
vt 0.661548 0.244301
vt 0.922569 0.724775
vt 0.924908 0.721884
vt 0.060708 0.231347
vt 0.075588 0.203764
vt 0.554724 0.783161
vt 0.565338 0.784390
vt 0.752544 0.721938
vt 0.769384 0.533565
vt 0.655167 0.937090
vt 0.670847 0.176990
vt 0.650232 0.185399
vt 0.936335 0.341287
vt 0.682756 0.072663
vt 0.773735 0.106296
vt 0.763800 0.131464
vt 0.644637 0.227382
vt 0.658249 0.260974
vt 0.644637 0.296055
vt 0.940469 0.162200
vt 0.557706 0.423272
vt 0.498308 0.694518
vt 0.450456 0.955878
vt 0.470144 0.929517
vt 0.462072 0.945800
vt 0.058266 0.123735
vt 0.038570 0.126310
vt 0.044093 0.015472
vt 0.041857 0.018897
vt 0.041857 0.013759
vt 0.852708 0.771818
vt 0.856071 0.780140
vt 0.852673 0.778316
vt 0.110319 0.149602
vt 0.702704 0.322611
vt 0.692835 0.324026
vt 0.118107 0.914453
vt 0.115310 0.916831
vt 0.115777 0.912985
vt 0.117989 0.910533
vt 0.162019 0.611105
vt 0.157285 0.600578
vt 0.114934 0.921408
vt 0.111475 0.918910
vt 0.862744 0.809711
vt 0.861660 0.804342
vt 0.865485 0.803502
vt 0.701208 0.334964
vt 0.696524 0.334340
vt 0.691981 0.330167
vt 0.118107 0.948004
vt 0.702342 0.745093
vt 0.698903 0.746435
vt 0.699974 0.739210
vt 0.533208 0.884933
vt 0.536721 0.906342
vt 0.533208 0.911785
vt 0.145251 0.659824
vt 0.134354 0.650133
vt 0.146635 0.655203
vt 0.980378 0.777931
vt 0.773884 0.947216
vt 0.379551 0.869267
vt 0.395846 0.862587
vt 0.394646 0.867870
vt 0.714140 0.120373
vt 0.366427 0.991168
vt 0.930704 0.936545
vt 0.925399 0.937522
vt 0.206324 0.944996
vt 0.202016 0.963650
vt 0.202252 0.945966
vt 0.935646 0.932065
vt 0.954303 0.918005
vt 0.198420 0.862225
vt 0.198420 0.898559
vt 0.191688 0.900762
vt 0.801029 0.955099
vt 0.240567 0.857842
vt 0.367935 0.993454
vt 0.369624 0.997818
vt 0.367997 0.999831
vt 0.818434 0.520586
vt 0.825082 0.514755
vt 0.830208 0.517008
vt 0.697819 0.130100
vt 0.906452 0.102080
vt 0.900578 0.099091
vt 0.896330 0.060227
vt 0.735360 0.901771
vt 0.380452 0.986916
vt 0.530153 0.799222
vt 0.237573 0.624829
vt 0.383162 0.979676
vt 0.379846 0.999972
vt 0.460289 0.887723
vt 0.446954 0.901058
vt 0.441025 0.905086
vt 0.951597 0.937344
vt 0.233261 0.857439
vt 0.014173 0.977780
vt 0.896330 0.107084
vt 0.921505 0.734067
vt 0.229483 0.622190
vt 0.944883 0.951660
vt 0.332593 0.245014
vt 0.921646 0.728937
vt 0.540496 0.439132
vt 0.734839 0.087087
vt 0.540331 0.788094
vt 0.958575 0.234061
vt 0.949534 0.233661
vt 0.447519 0.912619
vt 0.480301 0.887173
vt 0.464183 0.917332
vt 0.728998 0.132280
vt 0.132280 0.068665
vt 0.132280 0.103934
vt 0.122811 0.073016
vt 0.756494 0.528999
vt 0.675513 0.068278
vt 0.947141 0.329453
vt 0.804014 0.912345
vt 0.493280 0.703036
vt 0.482576 0.928373
vt 0.164070 0.158435
vt 0.675288 0.949968
vt 0.675881 0.946775
vt 0.677029 0.950054
vt 0.671236 0.952647
vt 0.933127 0.967323
vt 0.929881 0.965770
vt 0.936307 0.962585
vt 0.856378 0.774269
vt 0.083448 0.987326
vt 0.085263 0.983474
vt 0.075588 0.135164
vt 0.071889 0.141728
vt 0.071889 0.124577
vt 0.967323 0.092189
vt 0.067715 0.500341
vt 0.197558 0.609885
vt 0.189116 0.619881
vt 0.188600 0.614888
vt 0.960603 0.941426
vt 0.955885 0.952729
vt 0.955885 0.918872
vt 0.864398 0.798145
vt 0.692793 0.742415
vt 0.712845 0.352042
vt 0.722814 0.343936
vt 0.721267 0.351066
vt 0.135220 0.638554
vt 0.681264 0.341261
vt 0.699494 0.346136
vt 0.709993 0.349075
vt 0.701485 0.354321
vt 0.710402 0.344695
vt 0.535661 0.889432
vt 0.703832 0.346776
vt 0.695617 0.533079
vt 0.004696 0.148587
vt 0.008960 0.136709
vt 0.011023 0.146794
vt 0.903010 0.944560
vt 0.273021 0.843484
vt 0.700300 0.359729
vt 0.698263 0.354124
vt 0.695971 0.351150
vt 0.685108 0.346943
vt 0.744618 0.911069
vt 0.700052 0.110856
vt 0.376764 0.861528
vt 0.828114 0.524246
vt 0.931288 0.931636
vt 0.149770 0.817290
vt 0.147020 0.816022
vt 0.145713 0.791491
vt 0.482825 0.013908
vt 0.493234 0.011501
vt 0.488401 0.019535
vt 0.377345 0.989672
vt 0.830546 0.510253
vt 0.331524 0.235046
vt 0.546996 0.441395
vt 0.548959 0.437516
vt 0.643992 0.941368
vt 0.643359 0.936820
vt 0.651950 0.938846
vt 0.056447 0.436177
vt 0.050532 0.429684
vt 0.061382 0.436199
vt 0.672572 0.613411
vt 0.669113 0.611249
vt 0.671839 0.609427
vt 0.639280 0.940697
vt 0.214804 0.950228
vt 0.229915 0.965327
vt 0.206021 0.952421
vt 0.009090 0.973388
vt 0.328975 0.240434
vt 0.217071 0.944362
vt 0.954303 0.955878
vt 0.004812 0.971760
vt 0.728998 0.086902
vt 0.539122 0.447114
vt 0.470006 0.884036
vt 0.277577 0.103934
vt 0.283457 0.089680
vt 0.282982 0.100679
vt 0.279692 0.091482
vt 0.148085 0.493698
vt 0.160625 0.488565
vt 0.479713 0.898446
vt 0.270858 0.814854
vt 0.224706 0.828323
vt 0.943990 0.815725
vt 0.473025 0.917766
vt 0.677085 0.072950
vt 0.755093 0.548662
vt 0.239013 0.794805
vt 0.480301 0.924383
vt 0.673233 0.067485
vt 0.639165 0.931405
vt 0.949160 0.344645
vt 0.810080 0.911112
vt 0.382799 0.962118
vt 0.383355 0.959040
vt 0.385816 0.964743
vt 0.881757 0.564068
vt 0.038487 0.028946
vt 0.040944 0.033222
vt 0.038487 0.034645
vt 0.071387 0.668191
vt 0.472427 0.390929
vt 0.674446 0.951036
vt 0.857776 0.767660
vt 0.865761 0.769834
vt 0.860165 0.771527
vt 0.190148 0.606642
vt 0.869891 0.770815
vt 0.872563 0.767115
vt 0.875283 0.815725
vt 0.871348 0.796329
vt 0.974775 0.084495
vt 0.862701 0.788879
vt 0.890161 0.915881
vt 0.853510 0.792518
vt 0.859417 0.785932
vt 0.007569 0.152752
vt 0.272624 0.847334
vt 0.398414 0.853977
vt 0.744052 0.907204
vt 0.734600 0.897139
vt 0.907061 0.943056
vt 0.793692 0.957445
vt 0.482825 0.019951
vt 0.899312 0.061119
vt 0.149091 0.824265
vt 0.154620 0.819510
vt 0.921505 0.763758
vt 0.067717 0.436400
vt 0.072147 0.438851
vt 0.069010 0.248812
vt 0.172276 0.000638
vt 0.177948 0.007275
vt 0.172276 0.012598
vt 0.632299 0.960603
vt 0.963752 0.247801
vt 0.064577 0.436308
vt 0.056435 0.430771
vt 0.061445 0.431413
vt 0.065385 0.434888
vt 0.381107 0.996098
vt 0.403138 0.911785
vt 0.391842 0.903499
vt 0.403138 0.876997
vt 0.328169 0.253536
vt 0.528148 0.463321
vt 0.955913 0.229149
vt 0.950359 0.225408
vt 0.277577 0.088764
vt 0.770477 0.539355
vt 0.856668 0.289850
vt 0.827516 0.298540
vt 0.231963 0.783210
vt 0.671976 0.064306
vt 0.777119 0.538926
vt 0.777931 0.554315
vt 0.872886 0.565325
vt 0.225116 0.905125
vt 0.220997 0.909828
vt 0.210802 0.901189
vt 0.485026 0.945914
vt 0.200067 0.921794
vt 0.200067 0.883741
vt 0.450456 0.941087
vt 0.011081 0.134977
vt 0.162875 0.146531
vt 0.867351 0.783564
vt 0.082975 0.976041
vt 0.093659 0.973919
vt 0.856387 0.802928
vt 0.691147 0.735963
vt 0.700159 0.734633
vt 0.540142 0.896104
vt 0.700004 0.350041
vt 0.297121 0.537026
vt 0.302871 0.533001
vt 0.307078 0.538567
vt 0.716515 0.110679
vt 0.703567 0.343016
vt 0.707846 0.342191
vt 0.786777 0.957360
vt 0.552616 0.965695
vt 0.557511 0.962162
vt 0.563726 0.969158
vt 0.254738 0.857469
vt 0.057591 0.042518
vt 0.057591 0.037232
vt 0.061416 0.037725
vt 0.615435 0.407997
vt 0.620455 0.432976
vt 0.615435 0.434633
vt 0.526112 0.819904
vt 0.187511 0.898039
vt 0.908636 0.085370
vt 0.799805 0.960833
vt 0.409968 0.774846
vt 0.409968 0.728386
vt 0.416473 0.785804
vt 0.045345 0.432169
vt 0.836539 0.509659
vt 0.544866 0.186821
vt 0.526608 0.805032
vt 0.694468 0.314351
vt 0.685749 0.314128
vt 0.692809 0.310323
vt 0.670533 0.614401
vt 0.670422 0.603081
vt 0.673040 0.602451
vt 0.639464 0.936416
vt 0.007694 0.968940
vt 0.382303 0.988976
vt 0.059684 0.238901
vt 0.670303 0.329532
vt 0.682133 0.320299
vt 0.681751 0.330874
vt 0.550386 0.459720
vt 0.462518 0.879620
vt 0.471272 0.879025
vt 0.636684 0.932817
vt 0.066439 0.433581
vt 0.384241 0.991997
vt 0.686799 0.325502
vt 0.688326 0.618658
vt 0.690782 0.614970
vt 0.695340 0.621774
vt 0.976081 0.917671
vt 0.977925 0.920729
vt 0.971148 0.921234
vt 0.696716 0.619621
vt 0.539452 0.784123
vt 0.696377 0.615965
vt 0.670847 0.948004
vt 0.676636 0.075981
vt 0.673737 0.076546
vt 0.004784 0.123995
vt 0.674992 0.951841
vt 0.052003 0.932585
vt 0.047127 0.933762
vt 0.046595 0.929451
vt 0.056054 0.927856
vt 0.053107 0.923162
vt 0.051772 0.938867
vt 0.875508 0.801199
vt 0.048197 0.955878
vt 0.751584 0.189911
vt 0.748459 0.195270
vt 0.735349 0.168848
vt 0.680562 0.333592
vt 0.825168 0.531216
vt 0.830935 0.527229
vt 0.826917 0.534745
vt 0.093657 0.995354
vt 0.722414 0.336564
vt 0.829481 0.535631
vt 0.009449 0.196845
vt 0.006164 0.194587
vt 0.009449 0.189398
vt 0.568879 0.746435
vt 0.564544 0.744675
vt 0.569420 0.740810
vt 0.004696 0.130735
vt 0.845045 0.541717
vt 0.568371 0.736125
vt 0.249199 0.864931
vt 0.262911 0.858199
vt 0.836769 0.520945
vt 0.565995 0.727042
vt 0.578217 0.722830
vt 0.842413 0.532101
vt 0.973197 0.704223
vt 0.974526 0.701597
vt 0.980866 0.702954
vt 0.966785 0.355215
vt 0.958722 0.366919
vt 0.964925 0.348997
vt 0.574681 0.717388
vt 0.969991 0.352471
vt 0.492720 0.019026
vt 0.562837 0.727344
vt 0.594636 0.697600
vt 0.110378 0.515427
vt 0.497447 0.030094
vt 0.069068 0.430857
vt 0.494765 0.021837
vt 0.676368 0.608046
vt 0.053131 0.423339
vt 0.046138 0.425916
vt 0.244433 0.604244
vt 0.247237 0.595070
vt 0.963752 0.227136
vt 0.694507 0.379626
vt 0.688192 0.380985
vt 0.683078 0.362685
vt 0.977376 0.906537
vt 0.971148 0.890776
vt 0.853544 0.313377
vt 0.236502 0.794964
vt 0.656643 0.946795
vt 0.683445 0.081887
vt 0.739518 0.970918
vt 0.718832 0.982770
vt 0.731155 0.973632
vt 0.740136 0.995247
vt 0.373025 0.959563
vt 0.957842 0.348514
vt 0.718788 0.995247
vt 0.885761 0.568124
vt 0.884035 0.576534
vt 0.765333 0.680476
vt 0.866855 0.776412
vt 0.092704 0.986783
vt 0.052721 0.953198
vt 0.877456 0.774454
vt 0.137924 0.633761
vt 0.685950 0.745991
vt 0.716400 0.335192
vt 0.696360 0.637750
vt 0.700795 0.635802
vt 0.698103 0.646585
vt 0.261410 0.097635
vt 0.257531 0.096018
vt 0.261410 0.085437
vt 0.388688 0.854817
vt 0.398046 0.850094
vt 0.474432 0.395264
vt 0.474432 0.373847
vt 0.481876 0.378537
vt 0.789995 0.960441
vt 0.701485 0.341670
vt 0.541565 0.073668
vt 0.534596 0.070513
vt 0.539602 0.067857
vt 0.583909 0.718491
vt 0.582287 0.904273
vt 0.589095 0.914732
vt 0.582851 0.913855
vt 0.982649 0.679239
vt 0.663128 0.648620
vt 0.657373 0.637805
vt 0.662006 0.638083
vt 0.169444 0.872326
vt 0.669260 0.322067
vt 0.666734 0.338573
vt 0.667739 0.618318
vt 0.674269 0.614808
vt 0.681140 0.308488
vt 0.420460 0.755320
vt 0.041944 0.407058
vt 0.416637 0.415736
vt 0.416637 0.329159
vt 0.421520 0.386506
vt 0.229915 0.945274
vt 0.268957 0.828323
vt 0.886589 0.581947
vt 0.862561 0.585810
vt 0.023621 0.171611
vt 0.023621 0.188971
vt 0.019266 0.183586
vt 0.275583 0.275583
vt 0.254253 0.245220
vt 0.264013 0.239500
vt 0.067129 0.112408
vt 0.694359 0.954304
vt 0.934435 0.968525
vt 0.674125 0.953198
vt 0.052514 0.918267
vt 0.055580 0.922994
vt 0.055020 0.916264
vt 0.168077 0.620568
vt 0.143735 0.639862
vt 0.880668 0.767310
vt 0.825595 0.540938
vt 0.921165 0.043792
vt 0.918746 0.053438
vt 0.913349 0.045068
vt 0.151177 0.658433
vt 0.924009 0.046654
vt 0.297447 0.523877
vt 0.302975 0.529598
vt 0.701718 0.647293
vt 0.695111 0.649585
vt 0.581186 0.732662
vt 0.937060 0.848954
vt 0.960465 0.847187
vt 0.947852 0.855094
vt 0.777209 0.956702
vt 0.764706 0.162202
vt 0.759934 0.165496
vt 0.757885 0.159793
vt 0.272169 0.859818
vt 0.277106 0.842252
vt 0.279775 0.856740
vt 0.769583 0.959691
vt 0.198890 0.965327
vt 0.194664 0.958507
vt 0.199994 0.962491
vt 0.538481 0.081348
vt 0.585403 0.710186
vt 0.586160 0.920362
vt 0.397984 0.352848
vt 0.404713 0.350152
vt 0.404713 0.377942
vt 0.198201 0.955485
vt 0.680844 0.654609
vt 0.489657 0.040944
vt 0.683883 0.644617
vt 0.210956 0.941754
vt 0.555085 0.480301
vt 0.680024 0.632998
vt 0.667464 0.634082
vt 0.051829 0.408092
vt 0.064068 0.247510
vt 0.561356 0.730815
vt 0.046581 0.421633
vt 0.394954 0.913358
vt 0.397201 0.918159
vt 0.381026 0.915453
vt 0.378994 0.919659
vt 0.429909 0.389321
vt 0.198602 0.316165
vt 0.188780 0.315666
vt 0.178311 0.299875
vt 0.689844 0.384622
vt 0.691664 0.395568
vt 0.700946 0.391622
vt 0.708641 0.390020
vt 0.027122 0.182534
vt 0.031495 0.182388
vt 0.029968 0.183671
vt 0.374202 0.968940
vt 0.452494 0.916129
vt 0.497876 0.318698
vt 0.678394 0.951346
vt 0.910338 0.970423
vt 0.910338 0.962100
vt 0.056978 0.931955
vt 0.061874 0.932458
vt 0.097341 0.987993
vt 0.950230 0.486399
vt 0.956486 0.496120
vt 0.951536 0.499198
vt 0.874701 0.794475
vt 0.177834 0.622123
vt 0.055896 0.949287
vt 0.743891 0.165327
vt 0.387448 0.828229
vt 0.388279 0.817908
vt 0.391378 0.840803
vt 0.151177 0.635476
vt 0.697857 0.733151
vt 0.705672 0.335063
vt 0.307078 0.523164
vt 0.781072 0.967896
vt 0.589365 0.721542
vt 0.566193 0.950981
vt 0.663998 0.655472
vt 0.673444 0.657840
vt 0.665241 0.662673
vt 0.561783 0.947190
vt 0.591177 0.717836
vt 0.178691 0.863813
vt 0.244786 0.872322
vt 0.377062 0.851714
vt 0.659084 0.626822
vt 0.534262 0.082445
vt 0.072433 0.424895
vt 0.155901 0.827806
vt 0.848671 0.538793
vt 0.145713 0.844071
vt 0.497624 0.015087
vt 0.105011 0.513681
vt 0.389745 0.905132
vt 0.682153 0.611269
vt 0.214517 0.936597
vt 0.632299 0.923520
vt 0.686294 0.607163
vt 0.375699 0.917105
vt 0.689190 0.611895
vt 0.676925 0.598677
vt 0.175184 0.303631
vt 0.187172 0.317386
vt 0.690870 0.608411
vt 0.686900 0.583148
vt 0.705620 0.625179
vt 0.364240 0.953831
vt 0.374551 0.942425
vt 0.367176 0.944507
vt 0.705682 0.111808
vt 0.714923 0.105655
vt 0.720399 0.107522
vt 0.707751 0.104791
vt 0.002159 0.420460
vt 0.056269 0.088279
vt 0.059673 0.950841
vt 0.199477 0.067186
vt 0.206673 0.069672
vt 0.200542 0.073489
vt 0.144354 0.634218
vt 0.885004 0.765922
vt 0.700058 0.727204
vt 0.915238 0.639431
vt 0.685950 0.726647
vt 0.689172 0.726218
vt 0.577920 0.738220
vt 0.570150 0.974425
vt 0.563423 0.977925
vt 0.140153 0.104344
vt 0.133583 0.108658
vt 0.133583 0.083959
vt 0.391121 0.844763
vt 0.567028 0.967498
vt 0.671084 0.662241
vt 0.911831 0.618369
vt 0.260386 0.863007
vt 0.286006 0.845073
vt 0.381538 0.850550
vt 0.546227 0.076844
vt 0.541244 0.086682
vt 0.842065 0.520346
vt 0.592688 0.711505
vt 0.691369 0.301135
vt 0.683608 0.297248
vt 0.685486 0.303576
vt 0.977969 0.705744
vt 0.982649 0.708641
vt 0.178246 0.894990
vt 0.840800 0.513901
vt 0.686441 0.306646
vt 0.971896 0.345960
vt 0.964970 0.345207
vt 0.194399 0.955517
vt 0.393690 0.113231
vt 0.389260 0.119925
vt 0.389874 0.113058
vt 0.557464 0.442836
vt 0.572164 0.869763
vt 0.566961 0.914935
vt 0.566961 0.897062
vt 0.851944 0.535303
vt 0.619845 0.527183
vt 0.615586 0.515565
vt 0.635366 0.524291
vt 0.828236 0.502300
vt 0.496076 0.021262
vt 0.403138 0.918352
vt 0.577936 0.905280
vt 0.683251 0.617775
vt 0.958722 0.333954
vt 0.602035 0.385816
vt 0.585867 0.353975
vt 0.595932 0.361841
vt 0.676733 0.595834
vt 0.625008 0.512641
vt 0.630945 0.515118
vt 0.167740 0.068531
vt 0.173223 0.148582
vt 0.167740 0.151177
vt 0.681673 0.594939
vt 0.688230 0.394875
vt 0.605492 0.154326
vt 0.615540 0.080280
vt 0.617305 0.144580
vt 0.029314 0.188971
vt 0.031495 0.187598
vt 0.671872 0.078246
vt 0.677914 0.079238
vt 0.204505 0.922916
vt 0.910691 0.132315
vt 0.913219 0.115075
vt 0.924383 0.138579
vt 0.265838 0.230833
vt 0.265900 0.225575
vt 0.275583 0.245042
vt 0.041445 0.143793
vt 0.098388 0.985017
vt 0.057876 0.919735
vt 0.871446 0.784261
vt 0.955580 0.484738
vt 0.907165 0.048532
vt 0.913592 0.050208
vt 0.378683 0.264648
vt 0.379517 0.271053
vt 0.372076 0.265290
vt 0.711115 0.646097
vt 0.705058 0.651641
vt 0.224655 0.097635
vt 0.224655 0.085455
vt 0.228340 0.088417
vt 0.286308 0.839804
vt 0.198355 0.618176
vt 0.204719 0.622491
vt 0.195103 0.633304
vt 0.777864 0.962886
vt 0.753876 0.162100
vt 0.935833 0.843665
vt 0.776098 0.962278
vt 0.786241 0.970051
vt 0.252374 0.866894
vt 0.048818 0.301687
vt 0.038784 0.309345
vt 0.039429 0.302946
vt 0.773525 0.960585
vt 0.753276 0.156897
vt 0.771632 0.134893
vt 0.974775 0.341093
vt 0.657104 0.331925
vt 0.662334 0.319818
vt 0.671562 0.305261
vt 0.377515 0.912882
vt 0.741906 0.154494
vt 0.747690 0.148522
vt 0.744496 0.157744
vt 0.192672 0.325152
vt 0.965327 0.168499
vt 0.956619 0.166133
vt 0.965327 0.132516
vt 0.540822 0.921611
vt 0.554127 0.930979
vt 0.554006 0.935008
vt 0.667739 0.596587
vt 0.954614 0.164661
vt 0.958320 0.135546
vt 0.688169 0.637189
vt 0.024204 0.008407
vt 0.023319 0.003543
vt 0.026771 0.009449
vt 0.364240 0.976350
vt 0.666124 0.068978
vt 0.352746 0.137820
vt 0.351757 0.144878
vt 0.351757 0.130967
vt 0.463156 0.919470
vt 0.935788 0.973954
vt 0.358697 0.386330
vt 0.070864 0.922186
vt 0.965327 0.496838
vt 0.880388 0.802518
vt 0.877308 0.794482
vt 0.062441 0.944899
vt 0.754281 0.186954
vt 0.711930 0.328465
vt 0.708627 0.626016
vt 0.372076 0.274274
vt 0.910753 0.055522
vt 0.282412 0.834479
vt 0.375273 0.277157
vt 0.771632 0.186711
vt 0.674241 0.662238
vt 0.680398 0.289675
vt 0.669846 0.277101
vt 0.687609 0.273083
vt 0.847056 0.523927
vt 0.955921 0.838753
vt 0.940208 0.839796
vt 0.938126 0.839839
vt 0.677880 0.300911
vt 0.274008 0.865904
vt 0.262123 0.871610
vt 0.965682 0.334783
vt 0.377192 0.842753
vt 0.196736 0.949515
vt 0.378490 0.113951
vt 0.591367 0.705564
vt 0.205067 0.932848
vt 0.485136 0.898476
vt 0.488175 0.906258
vt 0.485136 0.936981
vt 0.242741 0.323849
vt 0.195977 0.327172
vt 0.497132 0.001278
vt 0.593272 0.928823
vt 0.586453 0.924798
vt 0.406140 0.917913
vt 0.406101 0.903076
vt 0.411334 0.903942
vt 0.413818 0.889589
vt 0.414667 0.882378
vt 0.406101 0.871189
vt 0.493020 0.001367
vt 0.099700 0.509626
vt 0.417448 0.883976
vt 0.683684 0.621849
vt 0.207587 0.927900
vt 0.169065 0.305893
vt 0.175333 0.312083
vt 0.670790 0.622672
vt 0.419500 0.893066
vt 0.677283 0.587349
vt 0.189756 0.324259
vt 0.426797 0.883067
vt 0.026771 0.004429
vt 0.226168 0.786411
vt 0.990523 0.647226
vt 0.973757 0.645560
vt 0.984960 0.644629
vt 0.365489 0.959134
vt 0.951507 0.353722
vt 0.383818 0.975630
vt 0.227375 0.775261
vt 0.717501 0.094078
vt 0.255717 0.241994
vt 0.258781 0.240148
vt 0.088965 0.054314
vt 0.706957 0.921927
vt 0.873189 0.245944
vt 0.337075 0.384064
vt 0.320465 0.367416
vt 0.108658 0.976860
vt 0.875959 0.785640
vt 0.720084 0.655863
vt 0.715567 0.652638
vt 0.716667 0.644346
vt 0.261208 0.262049
vt 0.261410 0.266134
vt 0.254063 0.250436
vt 0.199477 0.080313
vt 0.207868 0.073263
vt 0.670304 0.676622
vt 0.745995 0.163400
vt 0.383841 0.829277
vt 0.397350 0.837484
vt 0.574074 0.965906
vt 0.569971 0.958764
vt 0.845805 0.517263
vt 0.572891 0.974131
vt 0.546441 0.089089
vt 0.601784 0.709214
vt 0.590864 0.910791
vt 0.593612 0.913024
vt 0.201323 0.933554
vt 0.191346 0.949345
vt 0.384430 0.111275
vt 0.535390 0.087019
vt 0.841118 0.508976
vt 0.832546 0.494235
vt 0.666478 0.312738
vt 0.379486 0.123186
vt 0.374582 0.120192
vt 0.522123 0.087894
vt 0.415370 0.904727
vt 0.356394 0.124591
vt 0.362479 0.118786
vt 0.357826 0.130952
vt 0.831000 0.636283
vt 0.836197 0.689101
vt 0.831000 0.689744
vt 0.359280 0.130675
vt 0.440932 0.309118
vt 0.440932 0.401563
vt 0.415763 0.323901
vt 0.639183 0.513767
vt 0.220316 0.931458
vt 0.166300 0.010750
vt 0.168499 0.000737
vt 0.167938 0.008009
vt 0.167564 0.943280
vt 0.167564 0.903559
vt 0.176373 0.909565
vt 0.682497 0.590523
vt 0.690159 0.398521
vt 0.025183 0.187655
vt 0.581086 0.904517
vt 0.574615 0.926283
vt 0.565813 0.921321
vt 0.713365 0.608983
vt 0.561880 0.575098
vt 0.569627 0.587269
vt 0.561880 0.599983
vt 0.475883 0.967447
vt 0.463430 0.961931
vt 0.481876 0.951662
vt 0.673961 0.081491
vt 0.461481 0.948147
vt 0.665336 0.072434
vt 0.327550 0.489917
vt 0.314998 0.476708
vt 0.322390 0.476638
vt 0.571155 0.030707
vt 0.571698 0.039222
vt 0.567113 0.039646
vt 0.224312 0.921915
vt 0.216703 0.924780
vt 0.228340 0.927533
vt 0.909244 0.132293
vt 0.907577 0.138250
vt 0.688499 0.947835
vt 0.404713 0.397959
vt 0.105900 0.981451
vt 0.066301 0.941603
vt 0.066089 0.935777
vt 0.250665 0.249651
vt 0.250849 0.254943
vt 0.250279 0.266134
vt 0.718116 0.659538
vt 0.286559 0.832677
vt 0.035076 0.308065
vt 0.032716 0.319224
vt 0.968929 0.840166
vt 0.971349 0.842533
vt 0.968465 0.852607
vt 0.601001 0.721454
vt 0.911761 0.060329
vt 0.907277 0.059174
vt 0.045577 0.312808
vt 0.700956 0.658774
vt 0.974624 0.839787
vt 0.911010 0.070663
vt 0.774618 0.967335
vt 0.778289 0.970051
vt 0.974576 0.835148
vt 0.844213 0.513768
vt 0.846849 0.510983
vt 0.936378 0.835644
vt 0.247855 0.871782
vt 0.620734 0.531301
vt 0.615224 0.529125
vt 0.270960 0.876352
vt 0.431240 0.406288
vt 0.431240 0.377372
vt 0.434633 0.405857
vt 0.200501 0.329048
vt 0.907165 0.074710
vt 0.916113 0.074920
vt 0.676662 0.305010
vt 0.373865 0.912613
vt 0.657340 0.317953
vt 0.091336 0.049216
vt 0.082518 0.051967
vt 0.091336 0.035265
vt 0.360046 0.119852
vt 0.411584 0.918084
vt 0.180300 0.317928
vt 0.169661 0.308656
vt 0.083548 0.044402
vt 0.542141 0.166633
vt 0.940650 0.211409
vt 0.940250 0.219799
vt 0.935225 0.215975
vt 0.936082 0.212026
vt 0.168499 0.014173
vt 0.954459 0.770515
vt 0.950374 0.766219
vt 0.955880 0.767273
vt 0.943280 0.226277
vt 0.571269 0.572086
vt 0.569298 0.575619
vt 0.961606 0.761311
vt 0.519963 0.355539
vt 0.515234 0.362034
vt 0.517726 0.353399
vt 0.523440 0.352536
vt 0.575827 0.576481
vt 0.667717 0.820449
vt 0.673947 0.804607
vt 0.679214 0.808786
vt 0.970922 0.250609
vt 0.981151 0.244040
vt 0.985713 0.250583
vt 0.160015 0.912766
vt 0.162841 0.919018
vt 0.148765 0.907159
vt 0.690153 0.402545
vt 0.683884 0.811853
vt 0.577031 0.578952
vt 0.685808 0.810126
vt 0.468205 0.965710
vt 0.987888 0.636316
vt 0.309219 0.475916
vt 0.318724 0.469194
vt 0.726460 0.104655
vt 0.908916 0.129149
vt 0.481457 0.275881
vt 0.486600 0.249692
vt 0.160710 0.172409
vt 0.193695 0.192120
vt 0.168832 0.165556
vt 0.057979 0.111013
vt 0.869633 0.250606
vt 0.166828 0.632918
vt 0.177217 0.640853
vt 0.067357 0.946122
vt 0.710226 0.654580
vt 0.061147 0.953972
vt 0.715660 0.627781
vt 0.070864 0.948851
vt 0.662464 0.670007
vt 0.961327 0.836334
vt 0.040463 0.315660
vt 0.288317 0.845119
vt 0.289529 0.842869
vt 0.676204 0.271754
vt 0.290843 0.845856
vt 0.769879 0.965602
vt 0.190471 0.945340
vt 0.384013 0.107025
vt 0.582660 0.973031
vt 0.844859 0.506986
vt 0.579083 0.958598
vt 0.569948 0.943565
vt 0.607857 0.694405
vt 0.582660 0.949246
vt 0.596285 0.921842
vt 0.952391 0.830348
vt 0.954543 0.828845
vt 0.673181 0.303019
vt 0.391795 0.897846
vt 0.246203 0.880099
vt 0.636487 0.522301
vt 0.202146 0.334790
vt 0.190400 0.328296
vt 0.244016 0.332255
vt 0.290371 0.885437
vt 0.289639 0.888515
vt 0.285019 0.886820
vt 0.419879 0.900963
vt 0.672776 0.587157
vt 0.965449 0.256719
vt 0.973201 0.259707
vt 0.965449 0.269692
vt 0.370068 0.126577
vt 0.347500 0.163775
vt 0.421681 0.748307
vt 0.434633 0.754729
vt 0.421681 0.774781
vt 0.930131 0.210176
vt 0.252749 0.335424
vt 0.163426 0.908734
vt 0.165350 0.919659
vt 0.533843 0.363769
vt 0.942821 0.201025
vt 0.961975 0.766553
vt 0.430002 0.889658
vt 0.425114 0.894416
vt 0.430184 0.883492
vt 0.560089 0.931603
vt 0.152063 0.900488
vt 0.985911 0.243768
vt 0.436208 0.889197
vt 0.596513 0.017218
vt 0.599934 0.018333
vt 0.595908 0.019890
vt 0.687964 0.402315
vt 0.967153 0.761414
vt 0.965352 0.765152
vt 0.577936 0.582645
vt 0.682062 0.805794
vt 0.473003 0.976769
vt 0.469302 0.970801
vt 0.975221 0.635414
vt 0.971483 0.636530
vt 0.340148 0.291305
vt 0.340148 0.303928
vt 0.338228 0.302206
vt 0.223601 0.924115
vt 0.022745 0.159838
vt 0.251011 0.236185
vt 0.266558 0.222241
vt 0.295304 0.177958
vt 0.292566 0.174547
vt 0.300779 0.181097
vt 0.293154 0.161952
vt 0.965075 0.485502
vt 0.960214 0.480246
vt 0.665532 0.678926
vt 0.659773 0.678680
vt 0.724389 0.669272
vt 0.281301 0.829604
vt 0.926436 0.647420
vt 0.386628 0.838768
vt 0.079978 0.020514
vt 0.083462 0.015588
vt 0.083462 0.022047
vt 0.684758 0.286679
vt 0.981338 0.847201
vt 0.973640 0.850638
vt 0.378186 0.108178
vt 0.980035 0.841696
vt 0.842335 0.504374
vt 0.168832 0.885903
vt 0.009881 0.502191
vt 0.004701 0.508801
vt 0.001189 0.499650
vt 0.639352 0.516685
vt 0.525369 0.092911
vt 0.661792 0.311784
vt 0.300779 0.899187
vt 0.259807 0.881865
vt 0.966465 0.255111
vt 0.966352 0.249140
vt 0.311038 0.041026
vt 0.312889 0.041980
vt 0.307642 0.048818
vt 0.930804 0.217237
vt 0.287387 0.883515
vt 0.673072 0.580157
vt 0.836203 0.955878
vt 0.836203 0.918566
vt 0.842679 0.947203
vt 0.427193 0.744135
vt 0.876193 0.440208
vt 0.877847 0.438272
vt 0.888583 0.455473
vt 0.191694 0.334789
vt 0.554838 0.923977
vt 0.559049 0.916034
vt 0.969291 0.240009
vt 0.605492 0.127016
vt 0.574648 0.938045
vt 0.570530 0.937184
vt 0.693559 0.415831
vt 0.683078 0.413169
vt 0.558922 0.941197
vt 0.561999 0.941309
vt 0.560831 0.945209
vt 0.938847 0.191905
vt 0.943280 0.193331
vt 0.563896 0.944102
vt 0.593103 0.019951
vt 0.590271 0.018355
vt 0.591566 0.021202
vt 0.962177 0.976118
vt 0.948292 0.981688
vt 0.939416 0.968219
vt 0.573862 0.010426
vt 0.567113 0.002418
vt 0.584474 0.007547
vt 0.960603 0.357975
vt 0.810906 0.612396
vt 0.817719 0.605895
vt 0.833775 0.615035
vt 0.829921 0.604381
vt 0.909888 0.123028
vt 0.249303 0.205634
vt 0.284464 0.181097
vt 0.885014 0.802890
vt 0.720371 0.635816
vt 0.719311 0.624104
vt 0.662573 0.680554
vt 0.288588 0.827323
vt 0.384246 0.837334
vt 0.047354 0.315424
vt 0.048818 0.321173
vt 0.899419 0.269322
vt 0.905889 0.277484
vt 0.897688 0.274855
vt 0.892369 0.272030
vt 0.894698 0.277131
vt 0.888243 0.272261
vt 0.894435 0.269452
vt 0.381664 0.838769
vt 0.379254 0.832350
vt 0.545702 0.092911
vt 0.376764 0.839020
vt 0.921209 0.070993
vt 0.844152 0.488770
vt 0.307642 0.035169
vt 0.313377 0.039160
vt 0.386498 0.896379
vt 0.403138 0.872977
vt 0.367343 0.909443
vt 0.588206 0.944511
vt 0.578249 0.930942
vt 0.965660 0.288181
vt 0.385812 0.887808
vt 0.360620 0.963709
vt 0.350622 0.956627
vt 0.354942 0.955610
vt 0.124406 0.036042
vt 0.122629 0.039369
vt 0.122629 0.027277
vt 0.962516 0.778030
vt 0.950185 0.772952
vt 0.377198 0.895464
vt 0.369751 0.123889
vt 0.657485 0.312272
vt 0.485026 0.529119
vt 0.480166 0.521590
vt 0.485026 0.508762
vt 0.868512 0.430298
vt 0.987373 0.232124
vt 0.511143 0.355246
vt 0.512225 0.336578
vt 0.577159 0.016671
vt 0.579303 0.015484
vt 0.583328 0.020017
vt 0.573183 0.028161
vt 0.881865 0.966155
vt 0.876461 0.965740
vt 0.874656 0.964047
vt 0.822247 0.616596
vt 0.816506 0.618217
vt 0.729843 0.102012
vt 0.733837 0.098266
vt 0.642162 0.670224
vt 0.638181 0.708594
vt 0.616379 0.648270
vt 0.910317 0.116637
vt 0.059663 0.634444
vt 0.314256 0.386726
vt 0.964986 0.482655
vt 0.287487 0.175001
vt 0.663626 0.681913
vt 0.163481 0.633798
vt 0.277180 0.825513
vt 0.273436 0.816564
vt 0.657373 0.689744
vt 0.712431 0.663029
vt 0.039054 0.322825
vt 0.923932 0.064061
vt 0.975824 0.866117
vt 0.982037 0.852353
vt 0.985261 0.864038
vt 0.671126 0.289296
vt 0.409571 0.206299
vt 0.422357 0.171171
vt 0.425361 0.211018
vt 0.174670 0.895517
vt 0.601808 0.691425
vt 0.605222 0.691749
vt 0.598408 0.936595
vt 0.582754 0.944855
vt 0.598408 0.923512
vt 0.663193 0.307314
vt 0.166640 0.899068
vt 0.366822 0.116968
vt 0.928540 0.228148
vt 0.278362 0.882786
vt 0.275797 0.888836
vt 0.976044 0.231942
vt 0.682573 0.585172
vt 0.137491 0.904493
vt 0.129251 0.911803
vt 0.688487 0.811173
vt 0.693230 0.806586
vt 0.141210 0.896218
vt 0.465461 0.972734
vt 0.948862 0.362194
vt 0.308840 0.478024
vt 0.915950 0.988233
vt 0.938556 0.992098
vt 0.374792 0.020897
vt 0.369974 0.025196
vt 0.369974 0.008833
vt 0.720664 0.612230
vt 0.718852 0.611658
vt 0.919681 0.645247
vt 0.300779 0.843141
vt 0.294431 0.381851
vt 0.310131 0.378493
vt 0.309372 0.385895
vt 0.985799 0.858218
vt 0.199994 0.933712
vt 0.634216 0.529623
vt 0.666961 0.294543
vt 0.177232 0.857228
vt 0.179699 0.857205
vt 0.847300 0.498954
vt 0.845353 0.497748
vt 0.665132 0.296665
vt 0.370377 0.113839
vt 0.930521 0.829890
vt 0.661233 0.303477
vt 0.950331 0.823284
vt 0.349888 0.966482
vt 0.553780 0.924924
vt 0.348177 0.956807
vt 0.346786 0.962866
vt 0.962118 0.321251
vt 0.962118 0.289040
vt 0.973201 0.315886
vt 0.346604 0.946449
vt 0.658939 0.306188
vt 0.678535 0.581134
vt 0.899187 0.464554
vt 0.899187 0.416077
vt 0.287671 0.878553
vt 0.508331 0.363769
vt 0.688009 0.425185
vt 0.414161 0.000076
vt 0.405983 0.003765
vt 0.406355 0.001266
vt 0.397058 0.000076
vt 0.970051 0.772567
vt 0.146707 0.887283
vt 0.436714 0.149495
vt 0.447231 0.185271
vt 0.436714 0.224403
vt 0.568508 0.941544
vt 0.587497 0.021449
vt 0.425796 0.254106
vt 0.972049 0.627676
vt 0.969531 0.629256
vt 0.304938 0.474764
vt 0.832200 0.604077
vt 0.834144 0.606448
vt 0.723011 0.089552
vt 0.630338 0.712127
vt 0.543292 0.281774
vt 0.731350 0.377013
vt 0.715316 0.382071
vt 0.713068 0.355642
vt 0.123737 0.137914
vt 0.142516 0.124279
vt 0.271258 0.825526
vt 0.930682 0.062946
vt 0.593979 0.741649
vt 0.895072 0.287265
vt 0.922644 0.074681
vt 0.953044 0.821234
vt 0.011863 0.513121
vt 0.159815 0.888436
vt 0.436064 0.208620
vt 0.847141 0.950928
vt 0.141281 0.881155
vt 0.129180 0.882828
vt 0.931423 0.229306
vt 0.330202 0.212426
vt 0.343297 0.214579
vt 0.331945 0.221901
vt 0.144044 0.883370
vt 0.166196 0.311014
vt 0.411964 0.017322
vt 0.129180 0.907971
vt 0.588000 0.014108
vt 0.665823 0.797868
vt 0.690406 0.794489
vt 0.580676 0.001172
vt 0.327197 0.501277
vt 0.319095 0.498520
vt 0.976553 0.619749
vt 0.305491 0.488180
vt 0.573609 0.042518
vt 0.901743 0.107389
vt 0.515965 0.884411
vt 0.507685 0.892148
vt 0.503492 0.889819
vt 0.288023 0.821964
vt 0.607857 0.722037
vt 0.970140 0.859288
vt 0.886120 0.281458
vt 0.300779 0.818660
vt 0.856286 0.976350
vt 0.856286 0.955222
vt 0.861393 0.956935
vt 0.835468 0.895114
vt 0.836197 0.908636
vt 0.831384 0.904631
vt 0.169603 0.861396
vt 0.173857 0.852054
vt 0.358905 0.106614
vt 0.360687 0.108940
vt 0.368338 0.107623
vt 0.921079 0.088186
vt 0.141753 0.873399
vt 0.281207 0.876420
vt 0.300779 0.851779
vt 0.159684 0.878484
vt 0.950688 0.820753
vt 0.550675 0.922163
vt 0.657104 0.304726
vt 0.604707 0.015922
vt 0.669026 0.785649
vt 0.691918 0.799373
vt 0.920728 0.189032
vt 0.301489 0.482593
vt 0.878365 0.955987
vt 0.866945 0.963373
vt 0.698313 0.097794
vt 0.568488 0.142137
vt 0.719534 0.390542
vt 0.717634 0.387025
vt 0.167400 0.183602
vt 0.701337 0.932799
vt 0.965327 0.480263
vt 0.162515 0.636833
vt 0.163961 0.638917
vt 0.961327 0.860685
vt 0.970445 0.855078
vt 0.928598 0.067240
vt 0.926291 0.068192
vt 0.363178 0.105286
vt 0.915151 0.701908
vt 0.921219 0.721239
vt 0.914929 0.707441
vt 0.919646 0.207464
vt 0.928997 0.212323
vt 0.270361 0.879559
vt 0.959028 0.319676
vt 0.952774 0.285851
vt 0.959028 0.284021
vt 0.361392 0.098463
vt 0.355402 0.093711
vt 0.347500 0.064228
vt 0.858243 0.916168
vt 0.425167 0.716598
vt 0.966352 0.223923
vt 0.461481 0.981074
vt 0.958364 0.988226
vt 0.939416 0.983271
vt 0.698313 0.786480
vt 0.693165 0.788824
vt 0.698448 0.784317
vt 0.693954 0.776831
vt 0.700520 0.784242
vt 0.694545 0.770952
vt 0.303694 0.471694
vt 0.848057 0.609331
vt 0.841019 0.595723
vt 0.108437 0.192120
vt 0.084314 0.130308
vt 0.074825 0.128007
vt 0.617305 0.262092
vt 0.530694 0.894463
vt 0.521825 0.884971
vt 0.277158 0.807193
vt 0.925487 0.655099
vt 0.827327 0.903549
vt 0.828229 0.894271
vt 0.814609 0.865827
vt 0.817619 0.870188
vt 0.811596 0.871017
vt 0.585021 0.760835
vt 0.575384 0.744416
vt 0.586489 0.746870
vt 0.357391 0.975533
vt 0.346604 0.970613
vt 0.349802 0.977925
vt 0.922097 0.716130
vt 0.639352 0.538218
vt 0.903415 0.701149
vt 0.622322 0.540142
vt 0.948993 0.535418
vt 0.948993 0.498928
vt 0.956248 0.516560
vt 0.928216 0.816677
vt 0.156970 0.878261
vt 0.918673 0.204620
vt 0.975549 0.229170
vt 0.155221 0.876277
vt 0.146370 0.883195
vt 0.266664 0.884725
vt 0.254868 0.887814
vt 0.582686 0.032453
vt 0.322717 0.511420
vt 0.690618 0.775937
vt 0.577973 0.036323
vt 0.485523 0.289755
vt 0.724389 0.605973
vt 0.494816 0.888610
vt 0.504110 0.870862
vt 0.486150 0.894463
vt 0.493069 0.872477
vt 0.576521 0.761474
vt 0.851944 0.491257
vt 0.311802 0.367031
vt 0.290347 0.361316
vt 0.305960 0.356635
vt 0.165174 0.869292
vt 0.938556 0.064769
vt 0.932634 0.105509
vt 0.931822 0.064769
vt 0.960603 0.514055
vt 0.599161 0.364367
vt 0.599194 0.363178
vt 0.925541 0.703272
vt 0.929107 0.707936
vt 0.156440 0.871789
vt 0.018897 0.525356
vt 0.000451 0.513885
vt 0.937385 0.231489
vt 0.145237 0.878900
vt 0.581086 0.946430
vt 0.221944 0.826028
vt 0.948421 0.988893
vt 0.939829 0.992098
vt 0.868892 0.971346
vt 0.847244 0.594507
vt 0.851680 0.605070
vt 0.646121 0.700099
vt 0.726336 0.399816
vt 0.542854 0.173227
vt 0.884589 0.060790
vt 0.889738 0.097128
vt 0.867590 0.072297
vt 0.929107 0.650421
vt 0.910210 0.289303
vt 0.959427 0.860529
vt 0.955187 0.864821
vt 0.961614 0.852941
vt 0.165774 0.864416
vt 0.364492 0.103244
vt 0.574078 0.765543
vt 0.563935 0.769566
vt 0.963752 0.816677
vt 0.903172 0.883439
vt 0.903529 0.869033
vt 0.911944 0.872593
vt 0.305903 0.354806
vt 0.307464 0.354075
vt 0.343297 0.233064
vt 0.974405 0.224729
vt 0.232873 0.957453
vt 0.232873 0.932814
vt 0.234639 0.950072
vt 0.927606 0.230441
vt 0.603407 0.007163
vt 0.151319 0.884143
vt 0.676283 0.783139
vt 0.861657 0.951579
vt 0.869864 0.949798
vt 0.924383 0.093656
vt 0.239509 0.215626
vt 0.049675 0.642501
vt 0.355412 0.399196
vt 0.343265 0.801958
vt 0.335884 0.793004
vt 0.355895 0.804702
vt 0.350851 0.792104
vt 0.172464 0.657324
vt 0.512679 0.869093
vt 0.159172 0.638685
vt 0.594812 0.744954
vt 0.593003 0.773307
vt 0.287644 0.390540
vt 0.287269 0.379050
vt 0.814090 0.883186
vt 0.663864 0.287164
vt 0.600339 0.359828
vt 0.596356 0.355647
vt 0.604707 0.356228
vt 0.580025 0.776229
vt 0.570321 0.776747
vt 0.878995 0.949373
vt 0.873683 0.947839
vt 0.879289 0.943154
vt 0.873536 0.939982
vt 0.871055 0.942241
vt 0.955010 0.861223
vt 0.662899 0.293707
vt 0.958024 0.863614
vt 0.165442 0.861468
vt 0.858754 0.952660
vt 0.833047 0.909007
vt 0.833047 0.946430
vt 0.826548 0.944064
vt 0.919930 0.573411
vt 0.922808 0.587754
vt 0.919930 0.614156
vt 0.298878 0.353636
vt 0.304762 0.348412
vt 0.858190 0.937337
vt 0.868948 0.941789
vt 0.853195 0.949579
vt 0.308361 0.354909
vt 0.163775 0.006665
vt 0.160492 0.017322
vt 0.160492 0.000186
vt 0.000451 0.541717
vt 0.147262 0.335423
vt 0.152867 0.881393
vt 0.859934 0.948088
vt 0.868488 0.944635
vt 0.686854 0.771314
vt 0.683789 0.765530
vt 0.686688 0.768679
vt 0.839963 0.957674
vt 0.848010 0.952037
vt 0.852055 0.970994
vt 0.303905 0.502110
vt 0.712044 0.053902
vt 0.843097 0.619057
vt 0.877686 0.090983
vt 0.333984 0.787894
vt 0.810141 0.908636
vt 0.894398 0.293463
vt 0.883744 0.294672
vt 0.288412 0.370463
vt 0.579595 0.763917
vt 0.577495 0.770411
vt 0.364417 0.098116
vt 0.906856 0.697898
vt 0.076627 0.058170
vt 0.080616 0.054113
vt 0.081887 0.058798
vt 0.833797 0.148273
vt 0.842136 0.131487
vt 0.849223 0.151177
vt 0.261191 0.373218
vt 0.248410 0.345413
vt 0.261214 0.347062
vt 0.462192 0.502486
vt 0.460668 0.546236
vt 0.430919 0.543579
vt 0.677250 0.779839
vt 0.979275 0.192430
vt 0.985799 0.170731
vt 0.984921 0.186473
vt 0.684293 0.774040
vt 0.985799 0.199994
vt 0.700995 0.792143
vt 0.294538 0.444955
vt 0.778836 0.313103
vt 0.785894 0.320663
vt 0.783794 0.330431
vt 0.972461 0.962559
vt 0.990523 0.977274
vt 0.972461 0.992098
vt 0.853261 0.602761
vt 0.342542 0.782986
vt 0.412423 0.119682
vt 0.421170 0.092920
vt 0.426759 0.109241
vt 0.599899 0.742689
vt 0.601200 0.753869
vt 0.821873 0.904682
vt 0.373150 0.090455
vt 0.055117 0.529082
vt 0.033458 0.526217
vt 0.038568 0.511108
vt 0.584795 0.770831
vt 0.951705 0.867475
vt 0.951850 0.872141
vt 0.011811 0.503923
vt 0.001271 0.441565
vt 0.011811 0.417975
vt 0.001308 0.707067
vt 0.000264 0.687225
vt 0.002301 0.699613
vt 0.965327 0.866098
vt 0.929107 0.677090
vt 0.914610 0.693757
vt 0.545841 0.476564
vt 0.517454 0.474385
vt 0.528307 0.464340
vt 0.963033 0.873902
vt 0.150617 0.861854
vt 0.350380 0.900762
vt 0.350380 0.852096
vt 0.363138 0.900379
vt 0.006499 0.081887
vt 0.006499 0.064815
vt 0.014173 0.076911
vt 0.327008 0.930682
vt 0.322386 0.919805
vt 0.327155 0.926309
vt 0.507923 0.501457
vt 0.493222 0.483510
vt 0.515940 0.478743
vt 0.328209 0.927912
vt 0.327962 0.913008
vt 0.337547 0.930682
vt 0.521088 0.499769
vt 0.524206 0.477149
vt 0.941057 0.439358
vt 0.941057 0.412657
vt 0.951154 0.433917
vt 0.969395 0.191234
vt 0.594418 0.002422
vt 0.209666 0.757449
vt 0.222761 0.745956
vt 0.219080 0.753626
vt 0.990473 0.617606
vt 0.227075 0.754359
vt 0.229915 0.733119
vt 0.229915 0.759034
vt 0.864212 0.970375
vt 0.616379 0.713366
vt 0.867590 0.110233
vt 0.870054 0.079925
vt 0.520111 0.868383
vt 0.965168 0.463782
vt 0.428193 0.478563
vt 0.426234 0.491325
vt 0.425175 0.476249
vt 0.412423 0.091505
vt 0.662114 0.272427
vt 0.068356 0.072439
vt 0.068356 0.039797
vt 0.946122 0.863389
vt 0.077427 0.046773
vt 0.189063 0.376827
vt 0.190546 0.378198
vt 0.189063 0.404713
vt 0.565529 0.341123
vt 0.569808 0.339021
vt 0.574570 0.340410
vt 0.865407 0.938312
vt 0.269284 0.345413
vt 0.162995 0.058573
vt 0.166924 0.111765
vt 0.162995 0.144878
vt 0.436841 0.299204
vt 0.436841 0.270244
vt 0.440932 0.297833
vt 0.435922 0.502514
vt 0.424922 0.495049
vt 0.443367 0.486600
vt 0.699727 0.561337
vt 0.422485 0.518293
vt 0.314580 0.515728
vt 0.711479 0.397777
vt 0.696445 0.417311
vt 0.518028 0.866351
vt 0.420672 0.470437
vt 0.428334 0.470437
vt 0.425365 0.473385
vt 0.904810 0.299450
vt 0.604171 0.347564
vt 0.597713 0.347419
vt 0.591595 0.348338
vt 0.957453 0.322825
vt 0.945921 0.322825
vt 0.949577 0.286240
vt 0.569580 0.786139
vt 0.563885 0.779834
vt 0.904273 0.690150
vt 0.952625 0.891189
vt 0.962178 0.886352
vt 0.962178 0.921234
vt 0.774358 0.348022
vt 0.794943 0.334714
vt 0.796932 0.340387
vt 0.543292 0.062473
vt 0.506147 0.084250
vt 0.539815 0.059629
vt 0.472428 0.742927
vt 0.457595 0.762107
vt 0.456765 0.736192
vt 0.445484 0.506294
vt 0.705420 0.800376
vt 0.839371 0.971867
vt 0.302585 0.511705
vt 0.320672 0.814537
vt 0.306294 0.781782
vt 0.323524 0.805642
vt 0.195113 0.010715
vt 0.198420 0.058542
vt 0.195113 0.073494
vt 0.188184 0.546135
vt 0.177851 0.540697
vt 0.179551 0.536690
vt 0.355895 0.780949
vt 0.355782 0.748621
vt 0.809943 0.879243
vt 0.809151 0.892815
vt 0.886713 0.949579
vt 0.888085 0.937152
vt 0.895881 0.300544
vt 0.891231 0.299852
vt 0.944595 0.873094
vt 0.870001 0.937384
vt 0.956932 0.877843
vt 0.287269 0.349907
vt 0.917674 0.851895
vt 0.912560 0.689031
vt 0.950322 0.906308
vt 0.429696 0.511488
vt 0.711315 0.806039
vt 0.787270 0.316296
vt 0.817458 0.057204
vt 0.828362 0.059650
vt 0.817458 0.111808
vt 0.712759 0.404513
vt 0.401423 0.012210
vt 0.406347 0.035806
vt 0.402166 0.029863
vt 0.681614 0.968219
vt 0.674335 0.964744
vt 0.669677 0.955427
vt 0.806155 0.861586
vt 0.590699 0.775178
vt 0.801837 0.901907
vt 0.145714 0.925058
vt 0.142537 0.933285
vt 0.138676 0.926780
vt 0.144443 0.940706
vt 0.590644 0.349470
vt 0.578213 0.769021
vt 0.880327 0.937268
vt 0.587340 0.789166
vt 0.045057 0.532228
vt 0.054215 0.566052
vt 0.040327 0.537574
vt 0.970051 0.795253
vt 0.304660 0.923345
vt 0.327525 0.903785
vt 0.320832 0.519544
vt 0.840303 0.974850
vt 0.297956 0.508834
vt 0.200577 0.206963
vt 0.199879 0.496098
vt 0.214624 0.455883
vt 0.225625 0.467227
vt 0.425736 0.000692
vt 0.412631 0.036156
vt 0.328463 0.796335
vt 0.165426 0.662661
vt 0.157285 0.669272
vt 0.335423 0.781883
vt 0.340724 0.777238
vt 0.345577 0.766122
vt 0.176100 0.548800
vt 0.145431 0.920641
vt 0.159051 0.921155
vt 0.892499 0.306719
vt 0.785817 0.507464
vt 0.796468 0.522820
vt 0.776651 0.510049
vt 0.588496 0.783896
vt 0.580233 0.769391
vt 0.580014 0.771822
vt 0.781448 0.497730
vt 0.857489 0.933316
vt 0.865022 0.931428
vt 0.855901 0.148120
vt 0.046756 0.556796
vt 0.909792 0.849696
vt 0.161204 0.481703
vt 0.174923 0.481307
vt 0.193695 0.505497
vt 0.855094 0.601234
vt 0.974775 0.530388
vt 0.964358 0.522024
vt 0.969539 0.523976
vt 0.844296 0.640436
vt 0.843303 0.623170
vt 0.474002 0.617935
vt 0.466465 0.658940
vt 0.456400 0.681870
vt 0.720138 0.400129
vt 0.900317 0.304131
vt 0.778057 0.496453
vt 0.776651 0.474715
vt 0.857017 0.129504
vt 0.862054 0.128685
vt 0.860851 0.136327
vt 0.855561 0.137089
vt 0.583991 0.774634
vt 0.938652 0.853669
vt 0.589986 0.353652
vt 0.299247 0.907240
vt 0.305621 0.899870
vt 0.300563 0.917451
vt 0.314879 0.898385
vt 0.039393 0.540088
vt 0.540860 0.054415
vt 0.529739 0.039174
vt 0.839525 0.979747
vt 0.826594 0.982649
vt 0.822589 0.630212
vt 0.456400 0.614506
vt 0.390999 0.410806
vt 0.256888 0.040944
vt 0.256888 0.021311
vt 0.261410 0.033237
vt 0.134434 0.918652
vt 0.875071 0.929790
vt 0.957054 0.015516
vt 0.960753 0.007228
vt 0.966902 0.039369
vt 0.032654 0.531949
vt 0.542696 0.481761
vt 0.895349 0.683056
vt 0.283151 0.436208
vt 0.296509 0.396179
vt 0.375580 0.436208
vt 0.540270 0.522516
vt 0.488860 0.519968
vt 0.843346 0.980759
vt 0.318001 0.520124
vt 0.856668 0.982649
vt 0.870369 0.977925
vt 0.865023 0.972045
vt 0.014644 0.037427
vt 0.015748 0.029990
vt 0.015748 0.039369
vt 0.862385 0.975072
vt 0.611006 0.852801
vt 0.592718 0.864022
vt 0.598253 0.857285
vt 0.961689 0.524150
vt 0.865576 0.250797
vt 0.505722 0.860682
vt 0.493950 0.863486
vt 0.669730 0.971762
vt 0.607611 0.869034
vt 0.599961 0.865788
vt 0.612392 0.859795
vt 0.609431 0.774453
vt 0.910210 0.316526
vt 0.027254 0.505166
vt 0.586625 0.780001
vt 0.888164 0.932261
vt 0.851444 0.129016
vt 0.964691 0.610254
vt 0.964330 0.607900
vt 0.966902 0.599428
vt 0.954534 0.887191
vt 0.323360 0.896866
vt 0.467309 0.733949
vt 0.436412 0.733949
vt 0.036053 0.566879
vt 0.851734 0.401563
vt 0.842295 0.375244
vt 0.842295 0.349764
vt 0.392115 0.880961
vt 0.538621 0.505068
vt 0.174002 0.434230
vt 0.187396 0.477152
vt 0.164417 0.440091
vt 0.187396 0.424235
vt 0.175266 0.422351
vt 0.539374 0.028934
vt 0.503668 0.021422
vt 0.543292 0.014702
vt 0.859934 0.975740
vt 0.287571 0.193547
vt 0.287712 0.186038
vt 0.289756 0.193695
vt 0.645170 0.670484
vt 0.719293 0.405954
vt 0.516701 0.860655
vt 0.700767 0.955427
vt 0.688600 0.977570
vt 0.161807 0.531854
vt 0.336410 0.773329
vt 0.856668 0.113561
vt 0.864542 0.120331
vt 0.898567 0.310710
vt 0.940653 0.872353
vt 0.957939 0.612581
vt 0.003747 0.165171
vt 0.006299 0.153148
vt 0.006299 0.165350
vt 0.579280 0.592954
vt 0.594830 0.603013
vt 0.587986 0.599549
vt 0.714940 0.820449
vt 0.785349 0.325019
vt 0.332351 0.784693
vt 0.591587 0.309531
vt 0.592475 0.297873
vt 0.606282 0.303584
vt 0.603462 0.776324
vt 0.599973 0.784190
vt 0.177402 0.557307
vt 0.170712 0.559275
vt 0.175059 0.561484
vt 0.350385 0.755975
vt 0.027176 0.524834
vt 0.781951 0.483592
vt 0.589992 0.877840
vt 0.598561 0.873275
vt 0.595297 0.884450
vt 0.120899 0.916706
vt 0.950654 0.889738
vt 0.941037 0.887967
vt 0.123062 0.926311
vt 0.784748 0.490054
vt 0.883514 0.923060
vt 0.579238 0.799977
vt 0.563885 0.798788
vt 0.847012 0.118702
vt 0.407374 0.498412
vt 0.545063 0.494499
vt 0.864542 0.369341
vt 0.174676 0.970798
vt 0.181433 0.974429
vt 0.174676 0.993672
vt 0.190284 0.992982
vt 0.300654 0.521170
vt 0.955189 0.541426
vt 0.953197 0.528869
vt 0.848446 0.626425
vt 0.725426 0.049479
vt 0.733837 0.068230
vt 0.324440 0.808010
vt 0.328962 0.807844
vt 0.348022 0.805801
vt 0.465843 0.491073
vt 0.479073 0.513371
vt 0.467600 0.507842
vt 0.507854 0.856939
vt 0.602329 0.869686
vt 0.592476 0.341189
vt 0.938652 0.881779
vt 0.408327 0.169371
vt 0.583203 0.344214
vt 0.961560 0.607097
vt 0.958788 0.608237
vt 0.581780 0.607482
vt 0.833797 0.109536
vt 0.003032 0.168316
vt 0.017322 0.163325
vt 0.011906 0.191805
vt 0.952552 0.535643
vt 0.738562 0.417311
vt 0.269942 0.162724
vt 0.402539 0.031301
vt 0.474232 0.475289
vt 0.496019 0.488277
vt 0.684058 0.974884
vt 0.677544 0.977115
vt 0.599199 0.779019
vt 0.121509 0.911739
vt 0.599991 0.340108
vt 0.590731 0.342947
vt 0.853262 0.122672
vt 0.345874 0.754424
vt 0.851868 0.124041
vt 0.599725 0.883611
vt 0.815090 0.052543
vt 0.823599 0.048995
vt 0.822753 0.056691
vt 0.119165 0.949579
vt 0.960385 0.603766
vt 0.962315 0.601575
vt 0.867867 0.921337
vt 0.585910 0.608636
vt 0.446961 0.743552
vt 0.893508 0.676169
vt 0.458517 0.783031
vt 0.442716 0.778859
vt 0.472422 0.777135
vt 0.320822 0.529119
vt 0.509068 0.040239
vt 0.289756 0.182362
vt 0.920328 0.457500
vt 0.927759 0.469152
vt 0.920328 0.489750
vt 0.974775 0.555890
vt 0.849905 0.634607
vt 0.655100 0.705964
vt 0.325185 0.813213
vt 0.696421 0.953938
vt 0.166010 0.521721
vt 0.179704 0.528485
vt 0.119165 0.908210
vt 0.602577 0.872508
vt 0.601146 0.870533
vt 0.947700 0.606180
vt 0.598380 0.897562
vt 0.587680 0.886637
vt 0.953604 0.601679
vt 0.877283 0.909186
vt 0.404505 0.493244
vt 0.422836 0.489163
vt 0.027731 0.752728
vt 0.034033 0.758375
vt 0.027181 0.760461
vt 0.183034 0.474891
vt 0.174629 0.478719
vt 0.161067 0.468997
vt 0.166924 0.806276
vt 0.162673 0.805306
vt 0.166924 0.783718
vt 0.019440 0.539140
vt 0.039328 0.750011
vt 0.161365 0.478817
vt 0.039556 0.748623
vt 0.688247 0.167869
vt 0.676260 0.199313
vt 0.672935 0.168128
vt 0.548016 0.517570
vt 0.964785 0.725514
vt 0.958398 0.738562
vt 0.963084 0.721730
vt 0.519652 0.012580
vt 0.518160 0.010867
vt 0.518202 0.000044
vt 0.319542 0.788450
vt 0.547407 0.695331
vt 0.561547 0.673899
vt 0.552463 0.695610
vt 0.161477 0.539025
vt 0.579237 0.310679
vt 0.609913 0.877250
vt 0.604033 0.335992
vt 0.597926 0.337999
vt 0.152267 0.558045
vt 0.021330 0.508003
vt 0.035257 0.768892
vt 0.050392 0.756256
vt 0.158222 0.460725
vt 0.588785 0.894439
vt 0.298254 0.892751
vt 0.153299 0.466753
vt 0.432306 0.162758
vt 0.590647 0.603722
vt 0.924458 0.850028
vt 0.932257 0.870417
vt 0.413679 0.478347
vt 0.185146 0.968977
vt 0.393472 0.837771
vt 0.393472 0.784244
vt 0.399989 0.832133
vt 0.190546 0.979703
vt 0.504534 0.056826
vt 0.548016 0.548016
vt 0.579095 0.854566
vt 0.576851 0.837322
vt 0.591597 0.858548
vt 0.244984 0.201586
vt 0.707066 0.949464
vt 0.318386 0.406079
vt 0.504668 0.845620
vt 0.173645 0.516246
vt 0.182715 0.518766
vt 0.597906 0.313980
vt 0.568286 0.314894
vt 0.681155 0.985818
vt 0.679742 0.978842
vt 0.602915 0.782951
vt 0.569895 0.302541
vt 0.674373 0.984651
vt 0.169925 0.568129
vt 0.813541 0.043483
vt 0.788304 0.485193
vt 0.032231 0.770617
vt 0.030317 0.767225
vt 0.015156 0.531758
vt 0.578612 0.342380
vt 0.584662 0.342445
vt 0.579277 0.344359
vt 0.581510 0.344981
vt 0.960163 0.602828
vt 0.416315 0.495453
vt 0.013762 0.754883
vt 0.948004 0.284444
vt 0.941883 0.321251
vt 0.941883 0.282974
vt 0.675225 0.270792
vt 0.675156 0.266607
vt 0.681818 0.262244
vt 0.113383 0.007648
vt 0.113383 0.014173
vt 0.111070 0.008742
vt 0.397797 0.204777
vt 0.395309 0.133435
vt 0.400439 0.204388
vt 0.003732 0.752537
vt 0.400977 0.474339
vt 0.413117 0.469788
vt 0.958398 0.705662
vt 0.964596 0.717172
vt 0.970051 0.717763
vt 0.294538 0.519500
vt 0.286063 0.183496
vt 0.517224 0.009394
vt 0.854111 0.637078
vt 0.322379 0.595259
vt 0.337406 0.567953
vt 0.340280 0.579115
vt 0.524432 0.851316
vt 0.541133 0.682993
vt 0.574061 0.310425
vt 0.676176 0.987373
vt 0.966902 0.576744
vt 0.963217 0.593257
vt 0.949315 0.592447
vt 0.033669 0.776806
vt 0.152346 0.457372
vt 0.407207 0.189845
vt 0.806276 0.480797
vt 0.580408 0.611141
vt 0.579280 0.620455
vt 0.009855 0.762990
vt 0.009837 0.768117
vt 0.863725 0.872572
vt 0.861712 0.869394
vt 0.864567 0.870069
vt 0.437235 0.783056
vt 0.346447 0.953767
vt 0.333519 0.966902
vt 0.333519 0.931622
vt 0.487519 0.479228
vt 0.492297 0.483225
vt 0.327933 0.581086
vt 0.317316 0.576451
vt 0.333849 0.568085
vt 0.178544 0.510389
vt 0.187000 0.514003
vt 0.249558 0.458255
vt 0.238483 0.453115
vt 0.246763 0.453883
vt 0.484715 0.070295
vt 0.489510 0.085884
vt 0.489857 0.114415
vt 0.485238 0.136217
vt 0.947221 0.586333
vt 0.182672 0.351547
vt 0.179840 0.353703
vt 0.170068 0.354519
vt 0.279183 0.455371
vt 0.267315 0.452748
vt 0.275967 0.443672
vt 0.781365 0.472112
vt 0.271860 0.441477
vt 0.495646 0.111809
vt 0.005952 0.775041
vt 0.008054 0.771834
vt 0.151495 0.417777
vt 0.861678 0.099323
vt 0.158750 0.568006
vt 0.316056 0.886455
vt 0.002385 0.764665
vt 0.910062 0.844514
vt 0.906326 0.844899
vt 0.869267 0.874461
vt 0.578529 0.337844
vt 0.842687 0.112834
vt 0.864661 0.864042
vt 0.672724 0.263156
vt 0.673405 0.269761
vt 0.377249 0.197179
vt 0.153483 0.481309
vt 0.153230 0.484409
vt 0.337965 0.895286
vt 0.338573 0.902397
vt 0.460404 0.792103
vt 0.924035 0.458956
vt 0.922660 0.446476
vt 0.831963 0.108362
vt 0.325501 0.823399
vt 0.530345 0.700767
vt 0.528740 0.683915
vt 0.532134 0.684000
vt 0.536810 0.690024
vt 0.030255 0.494009
vt 0.249922 0.452647
vt 0.481275 0.077541
vt 0.257170 0.451206
vt 0.256177 0.455689
vt 0.277895 0.458255
vt 0.488172 0.067768
vt 0.386809 0.099456
vt 0.378136 0.096123
vt 0.387391 0.093503
vt 0.265065 0.451494
vt 0.606489 0.888266
vt 0.790296 0.477581
vt 0.792756 0.481804
vt 0.151083 0.460498
vt 0.918084 0.464554
vt 0.912020 0.458386
vt 0.918084 0.445951
vt 0.848007 0.112831
vt 0.913235 0.446041
vt 0.921232 0.768332
vt 0.923043 0.785307
vt 0.921258 0.808329
vt 0.818296 0.035493
vt 0.928106 0.773236
vt 0.704193 0.259273
vt 0.707166 0.255323
vt 0.718090 0.278732
vt 0.247237 0.348024
vt 0.240001 0.356767
vt 0.239390 0.345717
vt 0.595351 0.606877
vt 0.247237 0.355087
vt 0.245315 0.360620
vt 0.859269 0.871945
vt 0.008048 0.755651
vt 0.150093 0.477165
vt 0.328576 0.898200
vt 0.686841 0.179898
vt 0.929518 0.448947
vt 0.441292 0.758853
vt 0.965902 0.719245
vt 0.648313 0.704568
vt 0.203647 0.502692
vt 0.429909 0.048107
vt 0.018897 0.915048
vt 0.001379 0.936981
vt 0.001379 0.893292
vt 0.864894 0.240257
vt 0.188184 0.505823
vt 0.153809 0.536189
vt 0.199662 0.992006
vt 0.199776 0.987233
vt 0.215742 0.993672
vt 0.564785 0.309776
vt 0.563158 0.303420
vt 0.245628 0.449218
vt 0.769379 0.479986
vt 0.771610 0.483166
vt 0.772995 0.505497
vt 0.151959 0.541453
vt 0.479163 0.103896
vt 0.774781 0.502220
vt 0.480039 0.051813
vt 0.885920 0.758996
vt 0.894001 0.757706
vt 0.887738 0.764953
vt 0.544457 0.284368
vt 0.785141 0.473704
vt 0.885456 0.753199
vt 0.849323 0.246207
vt 0.872416 0.214295
vt 0.859962 0.248687
vt 0.522072 0.125224
vt 0.526034 0.146699
vt 0.518290 0.123659
vt 0.000668 0.783128
vt 0.538567 0.176373
vt 0.842539 0.229375
vt 0.266833 0.440216
vt 0.911407 0.464022
vt 0.865097 0.856412
vt 0.216110 0.452847
vt 0.220948 0.439030
vt 0.224468 0.449927
vt 0.268030 0.435925
vt 0.281094 0.437993
vt 0.158232 0.577936
vt 0.928017 0.784305
vt 0.929107 0.809515
vt 0.323335 0.888659
vt 0.145907 0.472900
vt 0.603132 0.605477
vt 0.002955 0.329557
vt 0.000118 0.373218
vt 0.000118 0.283121
vt 0.176928 0.960543
vt 0.181132 0.957466
vt 0.186245 0.964120
vt 0.179774 0.952176
vt 0.181095 0.952596
vt 0.804702 0.316524
vt 0.845869 0.647226
vt 0.774358 0.291465
vt 0.839346 0.099871
vt 0.195855 0.518828
vt 0.189074 0.509481
vt 0.202065 0.517689
vt 0.247517 0.200812
vt 0.255246 0.185441
vt 0.400554 0.037812
vt 0.077544 0.130877
vt 0.899518 0.488638
vt 0.882905 0.466979
vt 0.915703 0.467166
vt 0.017498 0.487394
vt 0.198455 0.988493
vt 0.499428 0.063467
vt 0.493880 0.047316
vt 0.507072 0.062984
vt 0.502356 0.069470
vt 0.614671 0.901057
vt 0.616594 0.893029
vt 0.179247 0.358630
vt 0.538567 0.094305
vt 0.591416 0.333236
vt 0.774781 0.446503
vt 0.491886 0.072293
vt 0.018031 0.784691
vt 0.521523 0.139069
vt 0.803749 0.031260
vt 0.018322 0.517683
vt 0.915164 0.768837
vt 0.525542 0.149008
vt 0.214836 0.446970
vt 0.194319 0.447060
vt 0.859503 0.878715
vt 0.966902 0.006257
vt 0.858432 0.862840
vt 0.130662 0.505497
vt 0.006326 0.347307
vt 0.185254 0.953027
vt 0.689885 0.180996
vt 0.076267 0.140426
vt 0.378319 0.422035
vt 0.555209 0.673507
vt 0.562914 0.315130
vt 0.547200 0.323200
vt 0.767020 0.491824
vt 0.182672 0.365344
vt 0.891571 0.793678
vt 0.195270 0.226067
vt 0.193160 0.236214
vt 0.193160 0.225584
vt 0.791588 0.473549
vt 0.032512 0.782516
vt 0.050392 0.804702
vt 0.017501 0.510730
vt 0.798158 0.476817
vt 0.498527 0.112616
vt 0.849887 0.106024
vt 0.671780 0.254300
vt 0.914227 0.840820
vt 0.924827 0.845294
vt 0.856101 0.868285
vt 0.930405 0.839498
vt 0.297629 0.936981
vt 0.293269 0.935302
vt 0.294139 0.925998
vt 0.957308 0.466032
vt 0.934656 0.475274
vt 0.957453 0.441847
vt 0.932257 0.839154
vt 0.541022 0.136872
vt 0.546076 0.166924
vt 0.532446 0.142604
vt 0.180813 0.964279
vt 0.870737 0.225190
vt 0.877511 0.204401
vt 0.889703 0.211728
vt 0.187046 0.948587
vt 0.017322 0.192120
vt 0.183839 0.947070
vt 0.420951 0.552740
vt 0.234476 0.419527
vt 0.244088 0.407686
vt 0.244088 0.423610
vt 0.931667 0.464871
vt 0.287561 0.269467
vt 0.281700 0.275576
vt 0.275304 0.277224
vt 0.072131 0.148815
vt 0.709260 0.312026
vt 0.722814 0.283029
vt 0.722814 0.333849
vt 0.509434 0.475586
vt 0.497789 0.070922
vt 0.012630 0.497968
vt 0.762784 0.469376
vt 0.387391 0.107084
vt 0.383171 0.101175
vt 0.258301 0.445406
vt 0.544457 0.358258
vt 0.551089 0.339242
vt 0.557430 0.333425
vt 0.555819 0.332067
vt 0.602684 0.329280
vt 0.604074 0.329507
vt 0.859701 0.252414
vt 0.908353 0.462226
vt 0.153389 0.565332
vt 0.380807 0.449445
vt 0.323418 0.466169
vt 0.381826 0.433585
vt 0.132371 0.018872
vt 0.127015 0.011505
vt 0.130909 0.009656
vt 0.825173 0.682565
vt 0.816660 0.681561
vt 0.819846 0.674421
vt 0.672730 0.252642
vt 0.012630 0.568488
vt 0.127228 0.010424
vt 0.143868 0.475854
vt 0.400977 0.514994
vt 0.009449 0.332068
vt 0.930758 0.455381
vt 0.187012 0.204186
vt 0.187056 0.211219
vt 0.182991 0.213682
vt 0.190567 0.215436
vt 0.189723 0.213525
vt 0.503300 0.033299
vt 0.581308 0.873344
vt 0.851962 0.639020
vt 0.113502 0.445657
vt 0.113502 0.424245
vt 0.119682 0.435358
vt 0.651631 0.703709
vt 0.321977 0.824914
vt 0.196246 0.256487
vt 0.154898 0.532483
vt 0.195414 0.980946
vt 0.506298 0.100646
vt 0.243572 0.435974
vt 0.895529 0.777556
vt 0.872416 0.264559
vt 0.850148 0.251524
vt 0.915164 0.812575
vt 0.805569 0.474106
vt 0.849738 0.102033
vt 0.817964 0.031796
vt 0.118129 0.904631
vt 0.112395 0.913360
vt 0.111178 0.901656
vt 0.907677 0.442006
vt 0.851062 0.859686
vt 0.869267 0.828840
vt 0.699350 0.248303
vt 0.695095 0.257907
vt 0.822529 0.027036
vt 0.841257 0.107127
vt 0.660073 0.258708
vt 0.661142 0.268342
vt 0.533890 0.972039
vt 0.528311 0.965877
vt 0.534700 0.963171
vt 0.124925 0.004335
vt 0.133854 0.003479
vt 0.565057 0.816863
vt 0.561640 0.813946
vt 0.573761 0.818091
vt 0.195270 0.973201
vt 0.881441 0.186529
vt 0.878098 0.180547
vt 0.893678 0.181321
vt 0.189982 0.206831
vt 0.190575 0.210944
vt 0.930784 0.487440
vt 0.013295 0.002242
vt 0.017322 0.013888
vt 0.013295 0.037794
vt 0.219267 0.510968
vt 0.231056 0.474094
vt 0.320142 0.563085
vt 0.490699 0.052302
vt 0.563666 0.319541
vt 0.623604 0.907061
vt 0.201072 0.971113
vt 0.234407 0.446191
vt 0.489708 0.055300
vt 0.560054 0.325581
vt 0.880679 0.911690
vt 0.883005 0.908079
vt 0.885863 0.912307
vt 0.507072 0.117968
vt 0.395058 0.225922
vt 0.396280 0.221565
vt 0.417311 0.227323
vt 0.504833 0.122576
vt 0.587219 0.334812
vt 0.018897 0.006299
vt 0.017102 0.003224
vt 0.018897 0.000354
vt 0.195978 0.443037
vt 0.404438 0.153175
vt 0.419929 0.148357
vt 0.290989 0.893661
vt 0.296726 0.899607
vt 0.288718 0.934655
vt 0.287119 0.928795
vt 0.564179 0.820785
vt 0.568003 0.822227
vt 0.167098 0.973201
vt 0.718090 0.207868
vt 0.714738 0.184273
vt 0.717578 0.186123
vt 0.511881 0.064555
vt 0.193695 0.206601
vt 0.193695 0.223616
vt 0.593830 0.871501
vt 0.586707 0.873049
vt 0.855094 0.646765
vt 0.306294 0.836197
vt 0.209943 0.182975
vt 0.231489 0.212592
vt 0.216935 0.195276
vt 0.105153 0.393690
vt 0.105153 0.378865
vt 0.107084 0.380748
vt 0.322242 0.148769
vt 0.305479 0.141719
vt 0.324183 0.137434
vt 0.545176 0.668818
vt 0.542601 0.661553
vt 0.194589 0.993672
vt 0.249500 0.438055
vt 0.799371 0.466673
vt 0.899187 0.759977
vt 0.399989 0.977967
vt 0.392341 0.984224
vt 0.397429 0.969644
vt 0.230576 0.448719
vt 0.229081 0.437720
vt 0.899187 0.745718
vt 0.495288 0.114879
vt 0.291084 0.483557
vt 0.299204 0.469569
vt 0.299204 0.489750
vt 0.392191 0.223830
vt 0.947601 0.393690
vt 0.947601 0.374591
vt 0.952729 0.382657
vt 0.267155 0.936981
vt 0.281685 0.893825
vt 0.272161 0.930351
vt 0.951988 0.356823
vt 0.817976 0.694562
vt 0.812394 0.682456
vt 0.737271 0.482052
vt 0.732025 0.457773
vt 0.762894 0.492637
vt 0.259026 0.431155
vt 0.319830 0.885617
vt 0.594296 0.905432
vt 0.586183 0.907061
vt 0.846442 0.867925
vt 0.278192 0.424772
vt 0.569204 0.326285
vt 0.850168 0.871221
vt 0.678744 0.239419
vt 0.039369 0.020472
vt 0.036636 0.015413
vt 0.039369 0.014126
vt 0.957453 0.480301
vt 0.042518 0.174798
vt 0.039965 0.172083
vt 0.042518 0.168038
vt 0.442848 0.747689
vt 0.441298 0.745874
vt 0.306387 0.840237
vt 0.307250 0.849374
vt 0.296541 0.830730
vt 0.170514 0.942871
vt 0.188802 0.937800
vt 0.761978 0.656453
vt 0.761978 0.602924
vt 0.774781 0.644611
vt 0.089761 0.856668
vt 0.075270 0.856668
vt 0.081003 0.804063
vt 0.932257 0.470771
vt 0.853561 0.638121
vt 0.434633 0.738756
vt 0.426134 0.706079
vt 0.434633 0.686837
vt 0.357378 0.404268
vt 0.177156 0.506863
vt 0.181089 0.497473
vt 0.149802 0.535716
vt 0.607288 0.906719
vt 0.147701 0.551997
vt 0.549548 0.336887
vt 0.803615 0.023722
vt 0.810693 0.689577
vt 0.816373 0.692645
vt 0.806353 0.697618
vt 0.854727 0.256018
vt 0.385047 0.226968
vt 0.370117 0.253536
vt 0.385598 0.218394
vt 0.248942 0.432985
vt 0.906808 0.203803
vt 0.910570 0.220466
vt 0.903435 0.210468
vt 0.841169 0.100712
vt 0.725747 0.239676
vt 0.726499 0.230994
vt 0.732480 0.235271
vt 0.961174 0.288181
vt 0.958577 0.262467
vt 0.963752 0.266499
vt 0.677703 0.697371
vt 0.679485 0.703760
vt 0.675331 0.702249
vt 0.732737 0.232976
vt 0.106368 0.896656
vt 0.105185 0.902284
vt 0.688929 0.244519
vt 0.686822 0.263614
vt 0.101664 0.895373
vt 0.035003 0.019535
vt 0.037861 0.169432
vt 0.038972 0.174256
vt 0.967487 0.467726
vt 0.981981 0.481610
vt 0.967487 0.481876
vt 0.583357 0.809880
vt 0.879019 0.128661
vt 0.896037 0.118290
vt 0.896037 0.162400
vt 0.876002 0.132733
vt 0.559831 0.812363
vt 0.941218 0.549415
vt 0.943280 0.570423
vt 0.938720 0.561855
vt 0.610992 0.182574
vt 0.603823 0.178999
vt 0.612581 0.179051
vt 0.647836 0.744943
vt 0.644324 0.746150
vt 0.639397 0.730216
vt 0.286825 0.270507
vt 0.285553 0.275891
vt 0.536537 0.760580
vt 0.530450 0.765052
vt 0.539861 0.755103
vt 0.530450 0.731569
vt 0.533042 0.715730
vt 0.543077 0.719061
vt 0.171300 0.506905
vt 0.148933 0.519859
vt 0.556269 0.665673
vt 0.565338 0.668839
vt 0.763898 0.499412
vt 0.553641 0.328264
vt 0.804591 0.012559
vt 0.801094 0.021604
vt 0.666939 0.683163
vt 0.677679 0.679311
vt 0.675252 0.691792
vt 0.238827 0.431328
vt 0.495168 0.119028
vt 0.595679 0.325362
vt 0.738793 0.451116
vt 0.901027 0.917950
vt 0.890427 0.907144
vt 0.895279 0.909827
vt 0.847437 0.255471
vt 0.914935 0.217174
vt 0.798299 0.695189
vt 0.740986 0.239076
vt 0.288301 0.894088
vt 0.720221 0.233553
vt 0.721381 0.238741
vt 0.804471 0.684442
vt 0.963752 0.254641
vt 0.576964 0.829050
vt 0.570928 0.825171
vt 0.577080 0.821849
vt 0.846456 0.860276
vt 0.844195 0.857875
vt 0.737592 0.235659
vt 0.813651 0.676011
vt 0.717903 0.225520
vt 0.686595 0.718491
vt 0.671042 0.708696
vt 0.684543 0.706770
vt 0.129188 0.020472
vt 0.540413 0.972476
vt 0.552740 0.992098
vt 0.539591 0.987197
vt 0.493271 0.661187
vt 0.491820 0.669350
vt 0.484886 0.670498
vt 0.496810 0.667779
vt 0.537260 0.974101
vt 0.490078 0.672384
vt 0.687570 0.240683
vt 0.127259 0.018250
vt 0.538708 0.992098
vt 0.532957 0.974506
vt 0.932442 0.446711
vt 0.036067 0.012598
vt 0.036067 0.009265
vt 0.039369 0.011287
vt 0.974084 0.464926
vt 0.982649 0.466802
vt 0.899187 0.244844
vt 0.886837 0.270858
vt 0.886837 0.222529
vt 0.302364 0.881865
vt 0.301543 0.878326
vt 0.308284 0.880120
vt 0.296541 0.873320
vt 0.314409 0.861960
vt 0.763978 0.342603
vt 0.764124 0.339889
vt 0.768823 0.338582
vt 0.539173 0.762225
vt 0.614920 0.767863
vt 0.613535 0.714254
vt 0.604636 0.740629
vt 0.317059 0.130315
vt 0.316667 0.075846
vt 0.327550 0.082184
vt 0.302571 0.111854
vt 0.042425 0.053542
vt 0.042425 0.031416
vt 0.048818 0.033005
vt 0.675590 0.673803
vt 0.399989 0.954669
vt 0.388146 0.965316
vt 0.810619 0.013408
vt 0.490782 0.119558
vt 0.590158 0.822643
vt 0.578311 0.835674
vt 0.582750 0.329649
vt 0.803885 0.676670
vt 0.549676 0.971449
vt 0.544760 0.968209
vt 0.551966 0.963192
vt 0.806522 0.673780
vt 0.283113 0.932251
vt 0.811799 0.671989
vt 0.822546 0.666811
vt 0.509417 0.664774
vt 0.504192 0.668229
vt 0.364046 0.156089
vt 0.124925 0.018666
vt 0.297982 0.860476
vt 0.324518 0.120833
vt 0.507424 0.460202
vt 0.189982 0.439895
vt 0.375963 0.225464
vt 0.220611 0.432184
vt 0.246149 0.416329
vt 0.248475 0.413310
vt 0.248076 0.418886
vt 0.671673 0.698823
vt 0.382389 0.216764
vt 0.256599 0.423924
vt 0.743020 0.234867
vt 0.545439 0.963605
vt 0.840098 0.863389
vt 0.736590 0.230799
vt 0.263193 0.404393
vt 0.848440 0.873733
vt 0.850337 0.873424
vt 0.578086 0.333118
vt 0.732291 0.226791
vt 0.683890 0.725085
vt 0.529139 0.142285
vt 0.541727 0.130231
vt 0.658450 0.251026
vt 0.811739 0.666403
vt 0.539942 0.965927
vt 0.663784 0.250048
vt 0.668726 0.248269
vt 0.102734 0.888426
vt 0.445871 0.743997
vt 0.423610 0.213745
vt 0.423610 0.234639
vt 0.421562 0.226091
vt 0.523259 0.988330
vt 0.726335 0.219634
vt 0.719896 0.220054
vt 0.579418 0.806160
vt 0.573716 0.801195
vt 0.972391 0.934020
vt 0.972767 0.943368
vt 0.970173 0.937253
vt 0.803179 0.325347
vt 0.983516 0.936462
vt 0.988948 0.945515
vt 0.975656 0.951154
vt 0.702860 0.966692
vt 0.712827 0.993532
vt 0.696596 0.973970
vt 0.184217 0.797748
vt 0.180583 0.817528
vt 0.173338 0.828323
vt 0.388816 0.042794
vt 0.400520 0.045299
vt 0.329163 0.548411
vt 0.537482 0.662182
vt 0.827656 0.111659
vt 0.832308 0.125862
vt 0.824594 0.120248
vt 0.162491 0.440637
vt 0.170074 0.453718
vt 0.162491 0.456680
vt 0.960336 0.075588
vt 0.953997 0.071965
vt 0.962177 0.057121
vt 0.590756 0.329186
vt 0.820767 0.013386
vt 0.228374 0.431278
vt 0.738620 0.241866
vt 0.743123 0.241224
vt 0.603134 0.842496
vt 0.839287 0.860587
vt 0.721984 0.248261
vt 0.890347 0.398415
vt 0.882321 0.375487
vt 0.892176 0.395810
vt 0.121167 0.895651
vt 0.799405 0.674153
vt 0.794742 0.682344
vt 0.901311 0.126468
vt 0.903890 0.123701
vt 0.907061 0.157746
vt 0.846189 0.258291
vt 0.253386 0.415762
vt 0.679272 0.731783
vt 0.686595 0.735412
vt 0.752770 0.269080
vt 0.765333 0.304078
vt 0.749559 0.275978
vt 0.808390 0.668689
vt 0.511258 0.669427
vt 0.814639 0.663854
vt 0.108926 0.883348
vt 0.505120 0.674419
vt 0.102584 0.866859
vt 0.107966 0.870561
vt 0.097065 0.865999
vt 0.419615 0.229436
vt 0.306497 0.069926
vt 0.301848 0.059752
vt 0.311139 0.062100
vt 0.881294 0.118961
vt 0.927622 0.536915
vt 0.935839 0.540569
vt 0.916320 0.549058
vt 0.315059 0.868143
vt 0.711858 0.977252
vt 0.423395 0.992447
vt 0.423446 0.997777
vt 0.409329 0.998397
vt 0.536526 0.772386
vt 0.548440 0.767009
vt 0.195657 0.521684
vt 0.229727 0.488820
vt 0.335676 0.591162
vt 0.829971 0.130700
vt 0.317316 0.547929
vt 0.245210 0.429931
vt 0.813461 0.144567
vt 0.811726 0.136039
vt 0.824002 0.140028
vt 0.133259 0.901140
vt 0.604707 0.324606
vt 0.602660 0.319406
vt 0.900131 0.902099
vt 0.897866 0.159051
vt 0.897866 0.122196
vt 0.733618 0.248127
vt 0.803784 0.670159
vt 0.900762 0.400227
vt 0.899090 0.112096
vt 0.832078 0.857163
vt 0.370117 0.180379
vt 0.379910 0.206292
vt 0.000264 0.642357
vt 0.270160 0.219833
vt 0.280307 0.229915
vt 0.270694 0.226089
vt 0.141728 0.023621
vt 0.137234 0.020934
vt 0.141728 0.011615
vt 0.102671 0.883135
vt 0.107552 0.877807
vt 0.096344 0.872580
vt 0.898939 0.216608
vt 0.897546 0.219988
vt 0.691614 0.975645
vt 0.691614 0.995247
vt 0.543604 0.759371
vt 0.641165 0.764575
vt 0.295382 0.287939
vt 0.191382 0.155089
vt 0.215580 0.148117
vt 0.549749 0.660557
vt 0.810945 0.008440
vt 0.820801 0.145802
vt 0.809848 0.147962
vt 0.800438 0.668845
vt 0.830053 0.861245
vt 0.118976 0.885760
vt 0.316838 0.050055
vt 0.313719 0.049955
vt 0.321251 0.028135
vt 0.542943 0.961937
vt 0.836032 0.874308
vt 0.838879 0.874177
vt 0.098749 0.879170
vt 0.988948 0.107084
vt 0.977917 0.107084
vt 0.978850 0.077632
vt 0.355895 0.117967
vt 0.353688 0.130705
vt 0.353688 0.115744
vt 0.316022 0.065748
vt 0.976207 0.451417
vt 0.555890 0.156128
vt 0.891809 0.227198
vt 0.310294 0.855504
vt 0.943280 0.543563
vt 0.763009 0.338212
vt 0.576851 0.888164
vt 0.641745 0.754256
vt 0.535853 0.739741
vt 0.555145 0.743067
vt 0.208632 0.146643
vt 0.483581 0.621644
vt 0.476112 0.621786
vt 0.479879 0.599098
vt 0.325525 0.545289
vt 0.822083 0.131907
vt 0.599767 0.321164
vt 0.913983 0.909938
vt 0.829101 0.863820
vt 0.912320 0.836197
vt 0.912320 0.812011
vt 0.921234 0.820993
vt 0.667616 0.702040
vt 0.827610 0.859352
vt 0.742626 0.229415
vt 0.517273 0.658212
vt 0.515086 0.668293
vt 0.114233 0.883343
vt 0.319442 0.054985
vt 0.318092 0.056053
vt 0.306534 0.056535
vt 0.312446 0.053912
vt 0.098777 0.877490
vt 0.825173 0.662053
vt 0.746954 0.270296
vt 0.750941 0.265962
vt 0.510009 0.674027
vt 0.807426 0.665463
vt 0.489638 0.690594
vt 0.081887 0.417953
vt 0.074374 0.444082
vt 0.074374 0.416090
vt 0.765333 0.246656
vt 0.907061 0.219499
vt 0.901742 0.214397
vt 0.846119 0.878148
vt 0.321251 0.075588
vt 0.578417 0.802974
vt 0.583314 0.805956
vt 0.894706 0.211518
vt 0.743735 0.363769
vt 0.755893 0.329406
vt 0.988948 0.927594
vt 0.597278 0.177888
vt 0.597415 0.193912
vt 0.415311 0.988374
vt 0.605375 0.199371
vt 0.187795 0.802189
vt 0.639876 0.756966
vt 0.263704 0.313377
vt 0.267266 0.276257
vt 0.258050 0.309922
vt 0.257520 0.270427
vt 0.207677 0.141631
vt 0.130332 0.892136
vt 0.589862 0.326072
vt 0.882321 0.422035
vt 0.834948 0.863998
vt 0.737885 0.246334
vt 0.743286 0.247459
vt 0.246650 0.422997
vt 0.651635 0.615807
vt 0.648614 0.629878
vt 0.642575 0.627824
vt 0.661399 0.597768
vt 0.246149 0.406376
vt 0.527544 0.636449
vt 0.519763 0.671659
vt 0.324550 0.611091
vt 0.315011 0.617922
vt 0.281735 0.588753
vt 0.120057 0.881919
vt 0.949579 0.574787
vt 0.947820 0.541546
vt 0.949579 0.537958
vt 0.671294 0.719760
vt 0.664391 0.712063
vt 0.814402 0.660007
vt 0.825079 0.658354
vt 0.311523 0.051159
vt 0.317892 0.064160
vt 0.133854 0.865999
vt 0.744840 0.249277
vt 0.907061 0.177038
vt 0.874225 0.115285
vt 0.877424 0.127759
vt 0.731682 0.203876
vt 0.168499 0.953245
vt 0.152645 0.968476
vt 0.159961 0.947351
vt 0.341723 0.447235
vt 0.321490 0.464554
vt 0.321490 0.438032
vt 0.718090 0.170777
vt 0.621594 0.070864
vt 0.621594 0.000623
vt 0.651950 0.027017
vt 0.715324 0.965218
vt 0.552207 0.731378
vt 0.202076 0.135218
vt 0.172415 0.157952
vt 0.222942 0.510954
vt 0.597935 0.316046
vt 0.123527 0.886782
vt 0.215540 0.428776
vt 0.250375 0.408490
vt 0.254768 0.407550
vt 0.204719 0.451859
vt 0.203286 0.463125
vt 0.192213 0.454811
vt 0.192387 0.465988
vt 0.256686 0.412291
vt 0.349596 0.588753
vt 0.328993 0.611232
vt 0.736357 0.248564
vt 0.057682 0.913360
vt 0.062038 0.909404
vt 0.062990 0.911615
vt 0.057682 0.868519
vt 0.674658 0.731047
vt 0.721926 0.267125
vt 0.813245 0.658108
vt 0.577529 0.326897
vt 0.819959 0.650002
vt 0.807839 0.661565
vt 0.505732 0.688169
vt 0.738003 0.208418
vt 0.852014 0.163775
vt 0.315565 0.852655
vt 0.401559 0.994056
vt 0.406051 0.985971
vt 0.370961 0.498753
vt 0.387391 0.519670
vt 0.371102 0.502229
vt 0.690649 0.290921
vt 0.492277 0.617227
vt 0.954588 0.057916
vt 0.823599 0.001422
vt 0.322479 0.538914
vt 0.211435 0.417435
vt 0.243490 0.260066
vt 0.234696 0.260590
vt 0.237880 0.258320
vt 0.639835 0.599258
vt 0.189786 0.462095
vt 0.734581 0.251731
vt 0.791826 0.674660
vt 0.788207 0.672830
vt 0.516039 0.677722
vt 0.737983 0.280967
vt 0.280307 0.214754
vt 0.420612 0.131290
vt 0.401426 0.115642
vt 0.757015 0.307078
vt 0.670792 0.725968
vt 0.326551 0.616731
vt 0.297782 0.055769
vt 0.590155 0.813717
vt 0.675969 0.238017
vt 0.675302 0.235370
vt 0.808883 0.653033
vt 0.875631 0.129869
vt 0.897314 0.222471
vt 0.878635 0.373575
vt 0.880290 0.383808
vt 0.860612 0.404066
vt 0.762570 0.329608
vt 0.717823 0.981037
vt 0.187495 0.540142
vt 0.199465 0.537143
vt 0.280276 0.296719
vt 0.456366 0.468635
vt 0.471173 0.465970
vt 0.836197 0.120088
vt 0.834175 0.129750
vt 0.496200 0.616533
vt 0.500738 0.629221
vt 0.588617 0.322327
vt 0.246232 0.259934
vt 0.247237 0.264559
vt 0.733769 0.256981
vt 0.125082 0.698215
vt 0.124342 0.704119
vt 0.121498 0.698897
vt 0.129368 0.703571
vt 0.125877 0.706860
vt 0.232949 0.258794
vt 0.241813 0.253217
vt 0.134414 0.721239
vt 0.130921 0.717638
vt 0.558197 0.991999
vt 0.558617 0.977644
vt 0.568488 0.990823
vt 0.703212 0.231574
vt 0.555839 0.993672
vt 0.685856 0.547719
vt 0.682956 0.532521
vt 0.697359 0.551165
vt 0.661765 0.719657
vt 0.689008 0.238151
vt 0.697618 0.547601
vt 0.130259 0.820797
vt 0.137004 0.819819
vt 0.127434 0.828529
vt 0.690866 0.537647
vt 0.526035 0.119587
vt 0.810265 0.650407
vt 0.821132 0.647245
vt 0.678832 0.152114
vt 0.320262 0.848468
vt 0.766494 0.329821
vt 0.537352 0.776356
vt 0.558397 0.773372
vt 0.187879 0.797684
vt 0.604126 0.754937
vt 0.833034 0.133058
vt 0.826398 0.151604
vt 0.822226 0.150833
vt 0.919194 0.903010
vt 0.825760 0.155040
vt 0.728730 0.259792
vt 0.243548 0.257498
vt 0.073157 0.752173
vt 0.069500 0.757313
vt 0.065327 0.756610
vt 0.855677 0.640113
vt 0.863824 0.644334
vt 0.857542 0.644279
vt 0.857397 0.637941
vt 0.662321 0.706676
vt 0.609432 0.838143
vt 0.653971 0.711667
vt 0.685781 0.234422
vt 0.693310 0.233752
vt 0.659393 0.715444
vt 0.548253 0.134508
vt 0.831616 0.869345
vt 0.861834 0.389650
vt 0.865793 0.372919
vt 0.146630 0.960246
vt 0.321468 0.837127
vt 0.537576 0.113345
vt 0.536318 0.116491
vt 0.914605 0.558413
vt 0.412587 0.313938
vt 0.400405 0.330699
vt 0.400405 0.303682
vt 0.938027 0.566282
vt 0.939719 0.568305
vt 0.971770 0.922951
vt 0.982535 0.921425
vt 0.208868 0.135865
vt 0.433688 0.748010
vt 0.853608 0.656674
vt 0.856266 0.650709
vt 0.860325 0.652864
vt 0.830610 0.146599
vt 0.600769 0.311667
vt 0.922808 0.925958
vt 0.059063 0.742282
vt 0.411813 0.209145
vt 0.415736 0.212467
vt 0.414136 0.220416
vt 0.584090 0.323956
vt 0.247126 0.252310
vt 0.132579 0.696339
vt 0.761090 0.913360
vt 0.768882 0.901049
vt 0.771178 0.902233
vt 0.040097 0.781985
vt 0.041396 0.773694
vt 0.049547 0.779541
vt 0.824868 0.866606
vt 0.088722 0.445470
vt 0.089763 0.451241
vt 0.081440 0.451562
vt 0.594926 0.815867
vt 0.518849 0.682488
vt 0.654681 0.729041
vt 0.806054 0.652465
vt 0.375505 0.128494
vt 0.796828 0.968174
vt 0.796828 0.996822
vt 0.770239 0.976416
vt 0.866587 0.128791
vt 0.324402 0.848109
vt 0.000050 0.269116
vt 0.002988 0.269254
vt 0.003150 0.274008
vt 0.721239 0.967514
vt 0.612581 0.203144
vt 0.135410 0.945402
vt 0.138535 0.964858
vt 0.126321 0.952328
vt 0.528740 0.635347
vt 0.204719 0.475024
vt 0.192235 0.480301
vt 0.181658 0.157753
vt 0.187396 0.157753
vt 0.186500 0.174798
vt 0.094363 0.453455
vt 0.099794 0.454967
vt 0.107241 0.464257
vt 0.245155 0.252319
vt 0.132606 0.699866
vt 0.853608 0.620088
vt 0.878715 0.640641
vt 0.746207 0.289788
vt 0.054212 0.789452
vt 0.709693 0.235736
vt 0.123446 0.721239
vt 0.647506 0.718687
vt 0.824940 0.876839
vt 0.323628 0.635439
vt 0.310671 0.622842
vt 0.002988 0.260448
vt 0.325452 0.850066
vt 0.327550 0.847480
vt 0.162015 0.933565
vt 0.874341 0.407170
vt 0.861963 0.411850
vt 0.697618 0.497016
vt 0.688861 0.501936
vt 0.695915 0.486129
vt 0.451978 0.179687
vt 0.457218 0.186144
vt 0.450983 0.182549
vt 0.064415 0.867036
vt 0.073749 0.867312
vt 0.077097 0.879836
vt 0.385444 0.478320
vt 0.331374 0.493649
vt 0.650375 0.770847
vt 0.647426 0.770959
vt 0.563166 0.760314
vt 0.211711 0.130897
vt 0.213517 0.139036
vt 0.217715 0.140724
vt 0.143303 0.945863
vt 0.494855 0.642470
vt 0.946430 0.552740
vt 0.942001 0.529995
vt 0.946430 0.515424
vt 0.181944 0.166308
vt 0.906921 0.893766
vt 0.914935 0.179815
vt 0.243933 0.251144
vt 0.134652 0.703000
vt 0.396419 0.117479
vt 0.055806 0.793849
vt 0.060639 0.793231
vt 0.817300 0.780090
vt 0.814076 0.788842
vt 0.813804 0.763349
vt 0.802219 0.654420
vt 0.715251 0.227497
vt 0.670093 0.525171
vt 0.666445 0.548563
vt 0.656069 0.545561
vt 0.805814 0.813392
vt 0.789114 0.813881
vt 0.805418 0.807546
vt 0.696221 0.505099
vt 0.695331 0.500890
vt 0.920805 0.552187
vt 0.930469 0.565911
vt 0.776356 0.326592
vt 0.772769 0.661398
vt 0.401559 0.974288
vt 0.970051 0.462979
vt 0.963084 0.441635
vt 0.965478 0.441857
vt 0.763261 0.317696
vt 0.073174 0.885603
vt 0.090210 0.864045
vt 0.078597 0.871908
vt 0.198403 0.805431
vt 0.568488 0.753140
vt 0.386519 0.055638
vt 0.395499 0.069516
vt 0.399772 0.069507
vt 0.405576 0.083224
vt 0.953997 0.048042
vt 0.835755 0.155935
vt 0.077163 0.733676
vt 0.318101 0.113383
vt 0.310803 0.111278
vt 0.318101 0.095841
vt 0.061199 0.755480
vt 0.765408 0.899233
vt 0.860560 0.616996
vt 0.072192 0.767501
vt 0.067445 0.770126
vt 0.119831 0.827685
vt 0.510662 0.694259
vt 0.938556 0.331425
vt 0.935301 0.340148
vt 0.938556 0.311349
vt 0.807659 0.788122
vt 0.555839 0.971028
vt 0.812285 0.818874
vt 0.687518 0.519068
vt 0.146630 0.931603
vt 0.934637 0.569188
vt 0.471220 0.177060
vt 0.771507 0.319504
vt 0.447452 0.199994
vt 0.460233 0.194626
vt 0.464865 0.197223
vt 0.777544 0.818874
vt 0.771276 0.772109
vt 0.781112 0.794530
vt 0.066686 0.892947
vt 0.067238 0.887077
vt 0.071642 0.895431
vt 0.758824 0.314814
vt 0.751803 0.319647
vt 0.835544 0.853551
vt 0.823173 0.842164
vt 0.855814 0.846271
vt 0.077056 0.873308
vt 0.215878 0.143177
vt 0.126106 0.965874
vt 0.123232 0.952806
vt 0.505751 0.622923
vt 0.040767 0.367966
vt 0.043077 0.370049
vt 0.041800 0.377942
vt 0.234271 0.421220
vt 0.044240 0.368090
vt 0.919793 0.899185
vt 0.134012 0.698157
vt 0.100016 0.447346
vt 0.059179 0.759837
vt 0.405669 0.214183
vt 0.134512 0.808537
vt 0.426511 0.127528
vt 0.678724 0.525059
vt 0.808856 0.794483
vt 0.649510 0.639113
vt 0.658378 0.646316
vt 0.651250 0.652199
vt 0.591129 0.789143
vt 0.814232 0.809728
vt 0.782865 0.803487
vt 0.794637 0.792171
vt 0.387391 0.457068
vt 0.351052 0.479803
vt 0.088441 0.874312
vt 0.099210 0.888715
vt 0.457541 0.193500
vt 0.200533 0.042204
vt 0.206293 0.050699
vt 0.200533 0.061416
vt 0.637241 0.768335
vt 0.563406 0.767271
vt 0.212137 0.530793
vt 0.293208 0.154507
vt 0.045668 0.362077
vt 0.970617 0.025929
vt 0.972031 0.028044
vt 0.969568 0.030919
vt 0.834972 0.161267
vt 0.836197 0.165350
vt 0.045668 0.372151
vt 0.717903 0.266134
vt 0.137004 0.698217
vt 0.247237 0.248312
vt 0.622176 0.646143
vt 0.735363 0.288012
vt 0.749010 0.294482
vt 0.077163 0.774632
vt 0.053767 0.777992
vt 0.800834 0.644478
vt 0.456680 0.970851
vt 0.445464 0.970227
vt 0.446314 0.964729
vt 0.693129 0.532153
vt 0.280751 0.255533
vt 0.286606 0.252703
vt 0.286606 0.267709
vt 0.376804 0.749785
vt 0.401268 0.739500
vt 0.406288 0.761153
vt 0.789159 0.777788
vt 0.677313 0.512998
vt 0.527544 0.103301
vt 0.521022 0.105295
vt 0.524450 0.096738
vt 0.783779 0.796822
vt 0.682567 0.500729
vt 0.447452 0.172096
vt 0.850094 0.838407
vt 0.856669 0.843372
vt 0.935230 0.653571
vt 0.931660 0.657256
vt 0.932107 0.649148
vt 0.690429 0.270786
vt 0.322379 0.518272
vt 0.371903 0.566521
vt 0.114455 0.960509
vt 0.104152 0.450372
vt 0.796230 0.933437
vt 0.797426 0.925083
vt 0.803127 0.936981
vt 0.953670 0.413243
vt 0.949481 0.404650
vt 0.954304 0.396906
vt 0.054561 0.759991
vt 0.793719 0.115878
vt 0.789433 0.155748
vt 0.776827 0.123632
vt 0.798402 0.154813
vt 0.782163 0.144150
vt 0.088730 0.142632
vt 0.099135 0.147142
vt 0.090435 0.148027
vt 0.175849 0.940131
vt 0.183863 0.929649
vt 0.203144 0.930905
vt 0.186805 0.927341
vt 0.803984 0.642238
vt 0.518336 0.091876
vt 0.780522 0.783133
vt 0.091483 0.883794
vt 0.086984 0.883672
vt 0.646478 0.774781
vt 0.556780 0.737792
vt 0.607350 0.762047
vt 0.215478 0.133555
vt 0.927357 0.663752
vt 0.318690 0.185821
vt 0.960998 0.039380
vt 0.070375 0.728237
vt 0.118060 0.967181
vt 0.517856 0.622418
vt 0.506788 0.633722
vt 0.772663 0.934480
vt 0.772416 0.930897
vt 0.947837 0.411055
vt 0.939889 0.402652
vt 0.405669 0.220466
vt 0.470342 0.011319
vt 0.465648 0.004279
vt 0.470853 0.001196
vt 0.469355 0.015748
vt 0.137004 0.790951
vt 0.089158 0.807883
vt 0.465053 0.010136
vt 0.057335 0.767135
vt 0.922519 0.322687
vt 0.077163 0.443663
vt 0.104709 0.440101
vt 0.609432 0.789693
vt 0.064841 0.788974
vt 0.334794 0.475095
vt 0.088730 0.136341
vt 0.091774 0.135115
vt 0.521220 0.090851
vt 0.545711 0.111296
vt 0.203144 0.373033
vt 0.196102 0.379555
vt 0.191694 0.373033
vt 0.509153 0.105509
vt 0.779741 0.762731
vt 0.075541 0.896390
vt 0.713233 0.882271
vt 0.719655 0.879538
vt 0.723158 0.887532
vt 0.222253 0.260873
vt 0.214042 0.264772
vt 0.942148 0.655586
vt 0.936959 0.655688
vt 0.943280 0.650886
vt 0.295332 0.088226
vt 0.505878 0.450996
vt 0.975408 0.025537
vt 0.434116 0.103295
vt 0.437364 0.110355
vt 0.431513 0.109271
vt 0.112178 0.459222
vt 0.111465 0.468820
vt 0.300779 0.083462
vt 0.295908 0.080392
vt 0.298300 0.080668
vt 0.013147 0.820472
vt 0.000838 0.797051
vt 0.005600 0.792054
vt 0.937997 0.297711
vt 0.919547 0.330366
vt 0.440348 0.973201
vt 0.100785 0.139838
vt 0.509153 0.085148
vt 0.192750 0.390540
vt 0.472427 0.187544
vt 0.461104 0.193016
vt 0.298071 0.715548
vt 0.293320 0.719536
vt 0.308653 0.693054
vt 0.919964 0.571696
vt 0.064565 0.072439
vt 0.057111 0.049031
vt 0.064565 0.039434
vt 0.963880 0.435781
vt 0.949579 0.437834
vt 0.931073 0.579511
vt 0.077576 0.890984
vt 0.833556 0.833348
vt 0.302354 0.984437
vt 0.273891 0.985799
vt 0.285386 0.977146
vt 0.565967 0.764468
vt 0.218327 0.125969
vt 0.232021 0.532954
vt 0.233721 0.529464
vt 0.666831 0.952904
vt 0.647415 0.980335
vt 0.642547 0.979796
vt 0.488113 0.649034
vt 0.437783 0.099701
vt 0.432148 0.097739
vt 0.431382 0.106034
vt 0.977288 0.016278
vt 0.428849 0.111808
vt 0.294243 0.083462
vt 0.517682 0.634248
vt 0.979487 0.006365
vt 0.987591 0.020422
vt 0.988532 0.010140
vt 0.942305 0.412616
vt 0.527544 0.628329
vt 0.057233 0.775839
vt 0.058564 0.828323
vt 0.868883 0.606446
vt 0.744833 0.294656
vt 0.949279 0.196637
vt 0.960603 0.170823
vt 0.960603 0.206293
vt 0.346447 0.212592
vt 0.311834 0.208108
vt 0.346447 0.107402
vt 0.677029 0.528760
vt 0.183607 0.925600
vt 0.181370 0.928630
vt 0.648779 0.139257
vt 0.623411 0.139532
vt 0.624394 0.114688
vt 0.326133 0.657891
vt 0.323396 0.666358
vt 0.313999 0.667519
vt 0.857782 0.391660
vt 0.341292 0.481714
vt 0.785451 0.785491
vt 0.926570 0.574468
vt 0.420938 0.978035
vt 0.935306 0.660519
vt 0.241475 0.501916
vt 0.237905 0.526456
vt 0.408442 0.086403
vt 0.642510 0.947499
vt 0.982924 0.425718
vt 0.984224 0.448544
vt 0.978673 0.438368
vt 0.788999 0.925381
vt 0.793841 0.920517
vt 0.116259 0.464181
vt 0.096444 0.381119
vt 0.107084 0.402480
vt 0.096444 0.409437
vt 0.607222 0.616807
vt 0.980521 0.031495
vt 0.979271 0.028660
vt 0.986201 0.027287
vt 0.629867 0.648402
vt 0.105731 0.448444
vt 0.629760 0.654225
vt 0.031739 0.792054
vt 0.458216 0.007271
vt 0.527544 0.702342
vt 0.876886 0.618810
vt 0.235647 0.918084
vt 0.235647 0.872017
vt 0.274008 0.910270
vt 0.064942 0.808384
vt 0.311806 0.665522
vt 0.307643 0.672093
vt 0.183688 0.921252
vt 0.428952 0.115936
vt 0.436208 0.114326
vt 0.661399 0.667698
vt 0.554173 0.110186
vt 0.787872 0.790577
vt 0.094539 0.888476
vt 0.276555 0.707917
vt 0.288470 0.722195
vt 0.281911 0.719325
vt 0.081821 0.883922
vt 0.751834 0.303678
vt 0.176590 0.794669
vt 0.173338 0.773704
vt 0.211018 0.796038
vt 0.669272 0.967488
vt 0.374558 0.518968
vt 0.649421 0.981763
vt 0.666123 0.990997
vt 0.652134 0.992882
vt 0.502755 0.647845
vt 0.056207 0.738484
vt 0.124220 0.975520
vt 0.114493 0.975690
vt 0.437598 0.096293
vt 0.059256 0.075588
vt 0.060854 0.066268
vt 0.062990 0.075588
vt 0.980152 0.021307
vt 0.298286 0.071211
vt 0.972305 0.012260
vt 0.774549 0.889749
vt 0.792412 0.648259
vt 0.718090 0.214024
vt 0.065381 0.775836
vt 0.416931 0.124398
vt 0.421182 0.125139
vt 0.086947 0.434166
vt 0.316362 0.680230
vt 0.546784 0.105784
vt 0.782726 0.782234
vt 0.070584 0.900697
vt 0.705335 0.883876
vt 0.930918 0.663997
vt 0.422986 0.085892
vt 0.425921 0.085436
vt 0.913420 0.506040
vt 0.918084 0.466919
vt 0.122831 0.475577
vt 0.761135 0.894514
vt 0.764739 0.893277
vt 0.113788 0.454190
vt 0.108567 0.451238
vt 0.342283 0.657853
vt 0.415173 0.126532
vt 0.635813 0.659202
vt 0.777866 0.148540
vt 0.772823 0.136987
vt 0.188451 0.906271
vt 0.825051 0.325262
vt 0.828148 0.330438
vt 0.828286 0.340335
vt 0.072559 0.816575
vt 0.779505 0.243816
vt 0.779505 0.279287
vt 0.758761 0.261626
vt 0.672577 0.517006
vt 0.677146 0.539936
vt 0.672027 0.546301
vt 0.673307 0.512174
vt 0.335423 0.674543
vt 0.699761 0.143117
vt 0.332226 0.689744
vt 0.670453 0.504750
vt 0.680181 0.498597
vt 0.097299 0.897493
vt 0.880290 0.422474
vt 0.872455 0.419901
vt 0.783068 0.786358
vt 0.965174 0.434711
vt 0.814960 0.821952
vt 0.809621 0.810333
vt 0.825457 0.827551
vt 0.201197 0.313377
vt 0.220864 0.536988
vt 0.902989 0.491651
vt 0.196474 0.107871
vt 0.132007 0.969289
vt 0.978673 0.450381
vt 0.970550 0.001194
vt 0.988948 0.029685
vt 0.771127 0.888856
vt 0.090898 0.837771
vt 0.007874 0.684664
vt 0.040347 0.825177
vt 0.784644 0.158056
vt 0.400856 0.946181
vt 0.403599 0.952703
vt 0.395783 0.952701
vt 0.009580 0.820236
vt 0.004704 0.818397
vt 0.170074 0.992098
vt 0.161759 0.987274
vt 0.166908 0.985007
vt 0.457069 0.001196
vt 0.424321 0.125602
vt 0.918956 0.323025
vt 0.189672 0.919016
vt 0.331826 0.649894
vt 0.328723 0.657299
vt 0.308929 0.679135
vt 0.318185 0.687635
vt 0.277436 0.732469
vt 0.272781 0.736789
vt 0.268625 0.737271
vt 0.966721 0.432534
vt 0.965923 0.430313
vt 0.817335 0.842976
vt 0.819300 0.856410
vt 0.280622 0.723279
vt 0.276626 0.722186
vt 0.273891 0.955147
vt 0.720502 0.874090
vt 0.725467 0.870234
vt 0.728718 0.883321
vt 0.619345 0.774781
vt 0.939922 0.663228
vt 0.899653 0.490598
vt 0.428849 0.095857
vt 0.507827 0.644648
vt 0.922808 0.881016
vt 0.407799 0.929863
vt 0.401557 0.930894
vt 0.408666 0.921045
vt 0.406783 0.932978
vt 0.411012 0.935553
vt 0.402879 0.936625
vt 0.969568 0.004360
vt 0.113800 0.448681
vt 0.339155 0.988009
vt 0.345012 0.989117
vt 0.341909 0.993672
vt 0.397193 0.942547
vt 0.065734 0.785804
vt 0.185397 0.909457
vt 0.811162 0.335481
vt 0.815817 0.319579
vt 0.790267 0.892964
vt 0.794068 0.879688
vt 0.798402 0.890682
vt 0.105708 0.482157
vt 0.100896 0.483451
vt 0.103477 0.476736
vt 0.178439 0.921777
vt 0.303469 0.679999
vt 0.850243 0.405582
vt 0.845106 0.413903
vt 0.963063 0.429056
vt 0.071106 0.911785
vt 0.099210 0.012743
vt 0.095718 0.022047
vt 0.090711 0.012743
vt 0.279924 0.727323
vt 0.774674 0.310767
vt 0.815806 0.835484
vt 0.485026 0.845645
vt 0.476464 0.834915
vt 0.481416 0.830136
vt 0.385067 0.239257
vt 0.396839 0.227828
vt 0.396839 0.242513
vt 0.332274 0.055117
vt 0.320124 0.047676
vt 0.332274 0.036650
vt 0.033607 0.287139
vt 0.049035 0.286211
vt 0.049346 0.295866
vt 0.724874 0.889501
vt 0.735691 0.882841
vt 0.749585 0.903911
vt 0.749585 0.856687
vt 0.740432 0.877308
vt 0.737798 0.874445
vt 0.231489 0.088771
vt 0.280554 0.138311
vt 0.014008 0.882535
vt 0.035970 0.880612
vt 0.010261 0.896676
vt 0.689166 0.289579
vt 0.774992 0.914150
vt 0.120163 0.979500
vt 0.401218 0.940552
vt 0.064139 0.781653
vt 0.921674 0.301566
vt 0.154235 0.991753
vt 0.151528 0.987362
vt 0.051583 0.808053
vt 0.044092 0.812547
vt 0.164540 0.979112
vt 0.163168 0.977907
vt 0.179703 0.909498
vt 0.348331 0.993146
vt 0.346888 0.987744
vt 0.351246 0.993643
vt 0.865781 0.276716
vt 0.875566 0.266309
vt 0.875566 0.292905
vt 0.655536 0.557219
vt 0.549820 0.099252
vt 0.069954 0.905149
vt 0.282584 0.723376
vt 0.763327 0.306233
vt 0.743735 0.304126
vt 0.730649 0.876172
vt 0.281224 0.145316
vt 0.705533 0.149060
vt 0.717916 0.120077
vt 0.717731 0.150802
vt 0.954239 0.434633
vt 0.761090 0.874063
vt 0.543270 0.017990
vt 0.555309 0.026255
vt 0.542702 0.027193
vt 0.392009 0.933904
vt 0.391798 0.949192
vt 0.293660 0.949370
vt 0.296055 0.939409
vt 0.296055 0.970051
vt 0.141622 0.992098
vt 0.047750 0.376367
vt 0.047750 0.364771
vt 0.051967 0.371228
vt 0.061539 0.826515
vt 0.392249 0.959388
vt 0.387018 0.954034
vt 0.975049 0.822604
vt 0.969387 0.815330
vt 0.980573 0.821747
vt 0.981074 0.819052
vt 0.092911 0.773694
vt 0.664136 0.555721
vt 0.829898 0.324263
vt 0.828462 0.321019
vt 0.179956 0.927109
vt 0.555890 0.097179
vt 0.665948 0.510864
vt 0.669522 0.507083
vt 0.308949 0.683248
vt 0.205200 0.272433
vt 0.203641 0.270192
vt 0.209443 0.266675
vt 0.087667 0.170455
vt 0.094486 0.169618
vt 0.087667 0.179522
vt 0.205714 0.259254
vt 0.206954 0.262123
vt 0.203121 0.264167
vt 0.203617 0.260891
vt 0.274395 0.741205
vt 0.269834 0.738226
vt 0.609174 0.975441
vt 0.608315 0.967651
vt 0.611136 0.970697
vt 0.923985 0.672104
vt 0.919954 0.669099
vt 0.274366 0.117820
vt 0.143303 0.974699
vt 0.663788 0.996822
vt 0.762560 0.915077
vt 0.117849 0.455396
vt 0.389033 0.936869
vt 0.951579 0.283457
vt 0.946581 0.272784
vt 0.954304 0.283342
vt 0.782031 0.878946
vt 0.773179 0.144961
vt 0.965616 0.612581
vt 0.967664 0.610137
vt 0.986723 0.612581
vt 0.100965 0.469136
vt 0.668950 0.558852
vt 0.303840 0.683948
vt 0.200205 0.265676
vt 0.523781 0.194519
vt 0.524726 0.197773
vt 0.517570 0.202346
vt 0.518471 0.196093
vt 0.202576 0.259530
vt 0.517570 0.188061
vt 0.552990 0.085273
vt 0.207118 0.256057
vt 0.522450 0.191302
vt 0.370068 0.258110
vt 0.370068 0.274008
vt 0.365851 0.270931
vt 0.819015 0.832625
vt 0.813095 0.825566
vt 0.804937 0.817249
vt 0.856433 0.824137
vt 0.425185 0.972152
vt 0.052721 0.298954
vt 0.035365 0.294580
vt 0.648346 0.451611
vt 0.648458 0.436082
vt 0.676982 0.444890
vt 0.930762 0.672622
vt 0.928400 0.672324
vt 0.135138 0.979093
vt 0.294480 0.939728
vt 0.289434 0.951151
vt 0.279497 0.952793
vt 0.885411 0.957564
vt 0.884743 0.966689
vt 0.880000 0.954877
vt 0.549526 0.008981
vt 0.552803 0.017384
vt 0.549454 0.029076
vt 0.179755 0.713664
vt 0.186410 0.712265
vt 0.189740 0.724332
vt 0.402721 0.923418
vt 0.768886 0.881339
vt 0.188616 0.700931
vt 0.193539 0.709434
vt 0.191003 0.707746
vt 0.673845 0.558422
vt 0.661347 0.564583
vt 0.384349 0.950793
vt 0.980895 0.607257
vt 0.109658 0.478937
vt 0.981007 0.811326
vt 0.302046 0.623244
vt 0.455105 0.500773
vt 0.445861 0.495680
vt 0.451689 0.480304
vt 0.639685 0.153715
vt 0.668730 0.515861
vt 0.971676 0.601157
vt 0.976747 0.604283
vt 0.167217 0.977214
vt 0.526812 0.202379
vt 0.527637 0.197325
vt 0.425562 0.400032
vt 0.419525 0.407050
vt 0.420087 0.402046
vt 0.312387 0.685431
vt 0.199975 0.258349
vt 0.092548 0.176865
vt 0.104096 0.188810
vt 0.107678 0.189285
vt 0.107538 0.192120
vt 0.209443 0.256642
vt 0.527392 0.191781
vt 0.316154 0.467703
vt 0.307091 0.467231
vt 0.312735 0.464991
vt 0.813559 0.835556
vt 0.283136 0.725919
vt 0.368966 0.518216
vt 0.325142 0.517438
vt 0.901415 0.508126
vt 0.487300 0.652209
vt 0.497656 0.653659
vt 0.476112 0.667697
vt 0.488230 0.654640
vt 0.508981 0.655279
vt 0.505969 0.654699
vt 0.483650 0.651199
vt 0.666123 0.974489
vt 0.547738 0.043314
vt 0.510258 0.649944
vt 0.556486 0.879725
vt 0.550474 0.881483
vt 0.553790 0.876768
vt 0.545318 0.877897
vt 0.566913 0.870717
vt 0.563313 0.891948
vt 0.346353 0.650293
vt 0.946816 0.282106
vt 0.385858 0.942224
vt 0.665733 0.570750
vt 0.195636 0.699731
vt 0.151124 0.979369
vt 0.196409 0.695114
vt 0.037794 0.363303
vt 0.037794 0.379517
vt 0.030644 0.368166
vt 0.110487 0.475248
vt 0.440348 0.939437
vt 0.988948 0.607646
vt 0.982792 0.603375
vt 0.766267 0.302354
vt 0.978906 0.598626
vt 0.302046 0.688212
vt 0.666249 0.514106
vt 0.386241 0.960603
vt 0.116532 0.474347
vt 0.970162 0.598165
vt 0.428334 0.404462
vt 0.974005 0.599357
vt 0.530694 0.200977
vt 0.102544 0.183356
vt 0.105253 0.183217
vt 0.427907 0.411771
vt 0.419525 0.414161
vt 0.111808 0.176892
vt 0.529399 0.191010
vt 0.111808 0.184084
vt 0.319676 0.464371
vt 0.870286 0.423022
vt 0.067530 0.907208
vt 0.615490 0.975283
vt 0.970051 0.427989
vt 0.286898 0.732150
vt 0.284980 0.725547
vt 0.829393 0.223558
vt 0.818325 0.210230
vt 0.844204 0.209445
vt 0.485026 0.819582
vt 0.483638 0.828894
vt 0.477933 0.829498
vt 0.464583 0.834535
vt 0.718807 0.895052
vt 0.272639 0.127983
vt 0.511361 0.657148
vt 0.507480 0.658287
vt 0.534921 0.821601
vt 0.536993 0.825821
vt 0.526839 0.826745
vt 0.533670 0.831616
vt 0.518860 0.827807
vt 0.516196 0.833065
vt 0.509435 0.828490
vt 0.968160 0.286963
vt 0.974340 0.283933
vt 0.977925 0.299204
vt 0.515322 0.654475
vt 0.907484 0.724534
vt 0.902608 0.725047
vt 0.901597 0.718974
vt 0.396433 0.926774
vt 0.907570 0.733158
vt 0.903008 0.729440
vt 0.191321 0.714262
vt 0.797470 0.159134
vt 0.339155 0.965076
vt 0.347011 0.975243
vt 0.349329 0.981700
vt 0.887849 0.751495
vt 0.891141 0.742372
vt 0.897478 0.740004
vt 0.768482 0.770725
vt 0.763521 0.782836
vt 0.755208 0.790075
vt 0.106589 0.469772
vt 0.160601 0.973655
vt 0.526915 0.207868
vt 0.102629 0.178681
vt 0.114957 0.472459
vt 0.476006 0.431484
vt 0.482767 0.422241
vt 0.485609 0.427356
vt 0.974350 0.595511
vt 0.482318 0.417560
vt 0.623998 0.975675
vt 0.610526 0.985799
vt 0.840293 0.233742
vt 0.838054 0.235104
vt 0.307091 0.439914
vt 0.824051 0.235923
vt 0.823090 0.223359
vt 0.815552 0.223442
vt 0.627716 0.962510
vt 0.621767 0.972188
vt 0.621777 0.953062
vt 0.613618 0.961928
vt 0.484094 0.831147
vt 0.832835 0.206213
vt 0.510336 0.297267
vt 0.500002 0.302354
vt 0.507786 0.296171
vt 0.733815 0.881354
vt 0.067205 0.307419
vt 0.307078 0.311741
vt 0.650375 0.096653
vt 0.624023 0.102359
vt 0.618360 0.085661
vt 0.369508 0.070186
vt 0.893516 0.967636
vt 0.903577 0.967728
vt 0.901861 0.971867
vt 0.907061 0.971428
vt 0.542516 0.044106
vt 0.549868 0.048271
vt 0.483672 0.664533
vt 0.511227 0.660685
vt 0.525765 0.822895
vt 0.903677 0.052219
vt 0.908636 0.010837
vt 0.908636 0.042408
vt 0.519910 0.837299
vt 0.552511 0.034156
vt 0.913360 0.721351
vt 0.903889 0.705921
vt 0.972356 0.268613
vt 0.795045 0.906863
vt 0.786472 0.905181
vt 0.775885 0.907500
vt 0.330699 0.060887
vt 0.324865 0.061043
vt 0.322402 0.058564
vt 0.400679 0.922192
vt 0.379029 0.926400
vt 0.796180 0.161318
vt 0.375989 0.927418
vt 0.660908 0.578779
vt 0.654677 0.574023
vt 0.779471 0.163100
vt 0.333406 0.658249
vt 0.942524 0.276374
vt 0.976908 0.807905
vt 0.906492 0.752734
vt 0.900217 0.741064
vt 0.907289 0.745358
vt 0.357470 0.603932
vt 0.350627 0.607490
vt 0.357470 0.587614
vt 0.331058 0.657757
vt 0.958077 0.826404
vt 0.981234 0.594499
vt 0.983624 0.582824
vt 0.651521 0.565210
vt 0.073719 0.021209
vt 0.077163 0.017313
vt 0.077163 0.022047
vt 0.956150 0.415768
vt 0.960894 0.412756
vt 0.958049 0.417993
vt 0.111479 0.471045
vt 0.163121 0.966715
vt 0.159022 0.967645
vt 0.160459 0.962190
vt 0.075741 0.976350
vt 0.103000 0.959198
vt 0.105509 0.968951
vt 0.851082 0.423610
vt 0.804937 0.858415
vt 0.814868 0.219817
vt 0.635077 0.961428
vt 0.636202 0.973521
vt 0.628567 0.966241
vt 0.616621 0.971055
vt 0.943280 0.689744
vt 0.650375 0.032534
vt 0.540340 0.047501
vt 0.891705 0.971355
vt 0.206293 0.354333
vt 0.206293 0.365320
vt 0.200756 0.353060
vt 0.512093 0.824686
vt 0.979921 0.404262
vt 0.987373 0.416690
vt 0.983356 0.422035
vt 0.987373 0.397303
vt 0.903327 0.011391
vt 0.505370 0.835600
vt 0.664260 0.856614
vt 0.659609 0.852226
vt 0.678681 0.849500
vt 0.529932 0.870717
vt 0.539758 0.872736
vt 0.552683 0.057217
vt 0.563765 0.074812
vt 0.558571 0.076146
vt 0.509518 0.837666
vt 0.763387 0.810146
vt 0.757738 0.807780
vt 0.768482 0.805760
vt 0.193873 0.727309
vt 0.390854 0.930330
vt 0.767004 0.873752
vt 0.648148 0.588087
vt 0.651727 0.576721
vt 0.657648 0.579531
vt 0.899860 0.729894
vt 0.089893 0.802474
vt 0.806669 0.352746
vt 0.807371 0.318709
vt 0.954304 0.266543
vt 0.771824 0.879459
vt 0.198016 0.716988
vt 0.647589 0.574264
vt 0.773085 0.357068
vt 0.773170 0.360523
vt 0.767837 0.366106
vt 0.961462 0.834622
vt 0.348225 0.593185
vt 0.960502 0.418886
vt 0.962118 0.414195
vt 0.829835 0.311752
vt 0.816114 0.308884
vt 0.049380 0.812133
vt 0.100896 0.466696
vt 0.839317 0.245790
vt 0.064415 0.910034
vt 0.624909 0.970293
vt 0.303928 0.786262
vt 0.298507 0.799662
vt 0.290796 0.784751
vt 0.183786 0.733395
vt 0.169712 0.753750
vt 0.173697 0.719585
vt 0.166046 0.737220
vt 0.292182 0.799012
vt 0.819307 0.207517
vt 0.918173 0.673915
vt 0.270431 0.246725
vt 0.278732 0.246725
vt 0.273574 0.256686
vt 0.029920 0.314759
vt 0.029920 0.325975
vt 0.021951 0.322632
vt 0.194854 0.362802
vt 0.242106 0.320900
vt 0.234727 0.321251
vt 0.234727 0.313296
vt 0.546486 0.059997
vt 0.547452 0.063933
vt 0.553057 0.047255
vt 0.561096 0.042412
vt 0.763424 0.814880
vt 0.977925 0.275895
vt 0.761847 0.866229
vt 0.185142 0.730848
vt 0.659365 0.844852
vt 0.654848 0.592109
vt 0.207047 0.193550
vt 0.194338 0.203041
vt 0.201445 0.193232
vt 0.771309 0.876051
vt 0.784765 0.868497
vt 0.783346 0.173223
vt 0.101718 0.926391
vt 0.096760 0.911418
vt 0.102359 0.921000
vt 0.757389 0.798464
vt 0.767885 0.799235
vt 0.667680 0.576890
vt 0.732663 0.802135
vt 0.740413 0.797443
vt 0.753908 0.795233
vt 0.902445 0.735660
vt 0.373706 0.936409
vt 0.868956 0.852242
vt 0.876780 0.867003
vt 0.872874 0.879603
vt 0.074549 0.941705
vt 0.943320 0.269510
vt 0.937385 0.276801
vt 0.934837 0.274466
vt 0.199349 0.714209
vt 0.677146 0.572798
vt 0.768450 0.792825
vt 0.381490 0.947292
vt 0.077244 0.918812
vt 0.093301 0.909167
vt 0.773108 0.362939
vt 0.047368 0.819283
vt 0.346750 0.607857
vt 0.896037 0.523838
vt 0.896037 0.571637
vt 0.890397 0.530606
vt 0.053542 0.810848
vt 0.443183 0.494744
vt 0.654139 0.024472
vt 0.659824 0.036922
vt 0.652304 0.069289
vt 0.237146 0.102138
vt 0.231310 0.116532
vt 0.231310 0.099979
vt 0.935910 0.400199
vt 0.943423 0.392155
vt 0.946430 0.398309
vt 0.842987 0.239827
vt 0.030309 0.967522
vt 0.024922 0.948959
vt 0.036509 0.956679
vt 0.927674 0.380346
vt 0.946430 0.360743
vt 0.810688 0.862968
vt 0.811022 0.220421
vt 0.812161 0.226529
vt 0.513371 0.286575
vt 0.506271 0.282879
vt 0.501260 0.288868
vt 0.063417 0.292909
vt 0.079716 0.321951
vt 0.061432 0.335424
vt 0.101871 0.343857
vt 0.103934 0.333539
vt 0.103934 0.351171
vt 0.201512 0.366338
vt 0.197810 0.371643
vt 0.521345 0.814504
vt 0.511859 0.819432
vt 0.977048 0.412198
vt 0.556370 0.056241
vt 0.504558 0.827492
vt 0.541119 0.883239
vt 0.677464 0.853437
vt 0.756203 0.820525
vt 0.202918 0.192532
vt 0.194338 0.183277
vt 0.544460 0.891168
vt 0.629622 0.933380
vt 0.633053 0.938361
vt 0.625453 0.938556
vt 0.662615 0.585618
vt 0.207266 0.201796
vt 0.186882 0.734668
vt 0.679211 0.843785
vt 0.207868 0.204719
vt 0.731856 0.810075
vt 0.950498 0.264366
vt 0.894831 0.732443
vt 0.250387 0.974106
vt 0.245440 0.969641
vt 0.250387 0.941697
vt 0.773700 0.877985
vt 0.204613 0.722719
vt 0.770232 0.366446
vt 0.620519 0.185821
vt 0.620379 0.178341
vt 0.642768 0.175618
vt 0.201732 0.699897
vt 0.786768 0.248963
vt 0.801274 0.244778
vt 0.811000 0.300779
vt 0.615842 0.178624
vt 0.640754 0.168274
vt 0.175849 0.897272
vt 0.811000 0.268600
vt 0.651991 0.557171
vt 0.968881 0.812272
vt 0.966058 0.411050
vt 0.956150 0.396323
vt 0.964563 0.400782
vt 0.084026 0.910764
vt 0.094118 0.900900
vt 0.962067 0.812896
vt 0.958077 0.805529
vt 0.964656 0.803096
vt 0.356442 0.978965
vt 0.359045 0.985138
vt 0.650289 0.549219
vt 0.076796 0.941758
vt 0.090617 0.940517
vt 0.934720 0.387217
vt 0.340139 0.483271
vt 0.301396 0.780486
vt 0.274521 0.804725
vt 0.918080 0.682011
vt 0.379517 0.575603
vt 0.242513 0.313302
vt 0.897428 0.013356
vt 0.661779 0.868017
vt 0.282774 0.955951
vt 0.803127 0.893907
vt 0.294480 0.973201
vt 0.379473 0.921045
vt 0.890844 0.720808
vt 0.887849 0.714164
vt 0.395343 0.543737
vt 0.387027 0.554176
vt 0.391445 0.545271
vt 0.666025 0.583321
vt 0.673996 0.840900
vt 0.644338 0.179136
vt 0.788724 0.284099
vt 0.103221 0.015414
vt 0.104310 0.013366
vt 0.107084 0.015829
vt 0.040944 0.035964
vt 0.039876 0.039369
vt 0.038206 0.035964
vt 0.100326 0.011562
vt 0.100326 0.020472
vt 0.208777 0.735412
vt 0.773581 0.368290
vt 0.885840 0.866979
vt 0.025130 0.826376
vt 0.676801 0.462383
vt 0.680205 0.466622
vt 0.682662 0.477550
vt 0.810338 0.318204
vt 0.618604 0.173134
vt 0.962914 0.387049
vt 0.971339 0.804522
vt 0.968568 0.808318
vt 0.440635 0.497392
vt 0.035301 0.971337
vt 0.025874 0.968731
vt 0.630460 0.979637
vt 0.633538 0.985778
vt 0.115427 0.275581
vt 0.115416 0.266510
vt 0.120724 0.270283
vt 0.121281 0.275583
vt 0.281496 0.776045
vt 0.274953 0.773696
vt 0.268860 0.800028
vt 0.290682 0.806276
vt 0.656585 0.431966
vt 0.238584 0.531177
vt 0.369621 0.085070
vt 0.915373 0.513371
vt 0.905061 0.976089
vt 0.378290 0.820994
vt 0.381050 0.814304
vt 0.382365 0.825173
vt 0.890320 0.979179
vt 0.985584 0.055117
vt 0.983433 0.050850
vt 0.990523 0.043806
vt 0.506639 0.824984
vt 0.368419 0.798994
vt 0.369798 0.788503
vt 0.373311 0.796890
vt 0.376421 0.802776
vt 0.895161 0.058266
vt 0.637141 0.362194
vt 0.639661 0.350557
vt 0.640658 0.353993
vt 0.565152 0.068486
vt 0.661541 0.592089
vt 0.752373 0.812384
vt 0.433625 0.930943
vt 0.418570 0.930741
vt 0.421499 0.923292
vt 0.057203 0.137174
vt 0.062990 0.144342
vt 0.057203 0.148027
vt 0.921318 0.272433
vt 0.917372 0.271301
vt 0.920586 0.267984
vt 0.891123 0.727807
vt 0.381588 0.549286
vt 0.382355 0.563763
vt 0.092039 0.783252
vt 0.237915 0.969940
vt 0.240188 0.964903
vt 0.240328 0.974775
vt 0.648800 0.181620
vt 0.647445 0.177529
vt 0.943496 0.262654
vt 0.105902 0.011965
vt 0.384258 0.545458
vt 0.389671 0.105868
vt 0.393459 0.107551
vt 0.396839 0.113383
vt 0.776356 0.368965
vt 0.395428 0.106197
vt 0.396839 0.095541
vt 0.879588 0.884115
vt 0.870396 0.889551
vt 0.082312 0.646893
vt 0.095693 0.659911
vt 0.061865 0.669272
vt 0.632651 0.168931
vt 0.646554 0.557351
vt 0.234730 0.110076
vt 0.237788 0.109734
vt 0.816268 0.237357
vt 0.294540 0.772903
vt 0.293022 0.748195
vt 0.629024 0.976308
vt 0.283653 0.754309
vt 0.263375 0.748103
vt 0.122831 0.267173
vt 0.097802 0.348898
vt 0.252749 0.540142
vt 0.655631 0.171362
vt 0.658658 0.174798
vt 0.648385 0.173622
vt 0.651215 0.167360
vt 0.636770 0.357166
vt 0.500829 0.835261
vt 0.494188 0.831447
vt 0.487963 0.824458
vt 0.487604 0.806753
vt 0.322402 0.077163
vt 0.417315 0.905510
vt 0.431230 0.908053
vt 0.423154 0.907093
vt 0.668347 0.591179
vt 0.557380 0.893869
vt 0.561078 0.028539
vt 0.495517 0.837800
vt 0.487604 0.835491
vt 0.231950 0.972114
vt 0.235630 0.969457
vt 0.417315 0.936979
vt 0.394009 0.540107
vt 0.561047 0.025445
vt 0.671958 0.837688
vt 0.563716 0.018321
vt 0.671185 0.582885
vt 0.951768 0.257511
vt 0.780012 0.286535
vt 0.546672 0.916220
vt 0.529974 0.918084
vt 0.543312 0.912972
vt 0.391999 0.103773
vt 0.591661 0.172983
vt 0.584735 0.175713
vt 0.588362 0.170336
vt 0.392363 0.097917
vt 0.676611 0.576727
vt 0.393531 0.102032
vt 0.686110 0.473750
vt 0.337782 0.127555
vt 0.337782 0.045810
vt 0.343297 0.103879
vt 0.822010 0.297835
vt 0.824789 0.301139
vt 0.820371 0.301056
vt 0.967112 0.413329
vt 0.613935 0.175569
vt 0.965782 0.807064
vt 0.084559 0.901510
vt 0.439634 0.500773
vt 0.967163 0.809778
vt 0.075532 0.913913
vt 0.490058 0.420328
vt 0.847220 0.248271
vt 0.896845 0.896039
vt 0.898422 0.900762
vt 0.887022 0.900189
vt 0.928843 0.383366
vt 0.308653 0.744889
vt 0.286243 0.752914
vt 0.280715 0.185821
vt 0.264958 0.148626
vt 0.646453 0.156250
vt 0.655423 0.162096
vt 0.652880 0.155433
vt 0.382995 0.805694
vt 0.646960 0.150199
vt 0.880000 0.985799
vt 0.672048 0.866562
vt 0.760893 0.821106
vt 0.281477 0.963122
vt 0.495509 0.847866
vt 0.498470 0.841080
vt 0.620039 0.935809
vt 0.624047 0.934221
vt 0.535552 0.882993
vt 0.495741 0.859251
vt 0.748953 0.816588
vt 0.591536 0.182672
vt 0.595785 0.177356
vt 0.560048 0.900131
vt 0.553194 0.899671
vt 0.571637 0.087399
vt 0.510235 0.407513
vt 0.506250 0.374788
vt 0.518179 0.405970
vt 0.924830 0.266125
vt 0.542015 0.901190
vt 0.390542 0.540885
vt 0.675794 0.837368
vt 0.685020 0.827010
vt 0.540382 0.910124
vt 0.069289 0.144878
vt 0.058367 0.134745
vt 0.067729 0.135334
vt 0.586256 0.160936
vt 0.765984 0.369630
vt 0.590846 0.181148
vt 0.225414 0.732125
vt 0.970051 0.396544
vt 0.772823 0.171806
vt 0.680303 0.463512
vt 0.687919 0.468207
vt 0.358046 0.785804
vt 0.358670 0.746580
vt 0.190407 0.167213
vt 0.191050 0.158360
vt 0.192848 0.168134
vt 0.610635 0.173951
vt 0.638261 0.164456
vt 0.643492 0.163880
vt 0.080331 0.908122
vt 0.646795 0.555557
vt 0.488592 0.427479
vt 0.891447 0.883612
vt 0.821294 0.242061
vt 0.634472 0.976689
vt 0.120562 0.265162
vt 0.674132 0.892235
vt 0.682983 0.882662
vt 0.679318 0.888752
vt 0.959028 0.209958
vt 0.944570 0.231489
vt 0.944570 0.194684
vt 0.955969 0.620803
vt 0.966332 0.614443
vt 0.970051 0.619242
vt 0.290892 0.771309
vt 0.908464 0.326613
vt 0.912767 0.325564
vt 0.911125 0.333933
vt 0.392006 0.082894
vt 0.055117 0.907061
vt 0.509434 0.425563
vt 0.376607 0.797527
vt 0.204235 0.113970
vt 0.205496 0.104840
vt 0.212592 0.106964
vt 0.630285 0.360746
vt 0.374184 0.790622
vt 0.385946 0.813386
vt 0.561627 0.050204
vt 0.683121 0.860235
vt 0.952729 0.579846
vt 0.946371 0.585004
vt 0.944636 0.583893
vt 0.400926 0.010520
vt 0.395937 0.015212
vt 0.397273 0.009175
vt 0.275770 0.955211
vt 0.500030 0.830542
vt 0.149602 0.438219
vt 0.149602 0.458255
vt 0.142773 0.455163
vt 0.542902 0.891929
vt 0.564474 0.897768
vt 0.554380 0.913820
vt 0.948569 0.245418
vt 0.936027 0.620455
vt 0.932796 0.615016
vt 0.932658 0.600175
vt 0.435441 0.922418
vt 0.511039 0.368869
vt 0.930488 0.610637
vt 0.769467 0.372015
vt 0.919574 0.247115
vt 0.928997 0.259250
vt 0.926545 0.247835
vt 0.920701 0.242248
vt 0.765679 0.365241
vt 0.381695 0.537254
vt 0.968105 0.384922
vt 0.699193 0.478663
vt 0.885822 0.877201
vt 0.582055 0.169177
vt 0.810374 0.313930
vt 0.816650 0.300775
vt 0.190128 0.172063
vt 0.523384 0.372166
vt 0.524862 0.371788
vt 0.525734 0.396606
vt 0.618136 0.165343
vt 0.636984 0.562048
vt 0.522862 0.370022
vt 0.195802 0.171458
vt 0.637552 0.558391
vt 0.103823 0.945796
vt 0.105509 0.953145
vt 0.099040 0.940632
vt 0.912703 0.397053
vt 0.916358 0.394555
vt 0.917086 0.399823
vt 0.921578 0.394363
vt 0.358046 0.728235
vt 0.896330 0.883769
vt 0.899187 0.887954
vt 0.805252 0.249671
vt 0.925013 0.384850
vt 0.044093 0.971304
vt 0.969615 0.624084
vt 0.805252 0.210446
vt 0.171501 0.760821
vt 0.843093 0.023513
vt 0.864694 0.044804
vt 0.844204 0.038529
vt 0.518408 0.613422
vt 0.524550 0.601967
vt 0.534101 0.608327
vt 0.144878 0.547894
vt 0.144878 0.568488
vt 0.143638 0.562088
vt 0.055117 0.860642
vt 0.658604 0.165240
vt 0.657203 0.159332
vt 0.503634 0.824225
vt 0.382927 0.795496
vt 0.894356 0.034379
vt 0.392235 0.008163
vt 0.391853 0.029920
vt 0.058278 0.112388
vt 0.061416 0.114841
vt 0.058278 0.121256
vt 0.627919 0.342256
vt 0.636275 0.347635
vt 0.631097 0.347795
vt 0.501018 0.820818
vt 0.537003 0.886306
vt 0.620045 0.930852
vt 0.882485 0.033474
vt 0.890478 0.010621
vt 0.891710 0.050291
vt 0.615376 0.938301
vt 0.611264 0.933844
vt 0.592170 0.169909
vt 0.398376 0.540040
vt 0.433490 0.910783
vt 0.571637 0.023420
vt 0.767671 0.377039
vt 0.610717 0.485938
vt 0.629903 0.432073
vt 0.611800 0.494499
vt 0.516783 0.370099
vt 0.048901 0.838297
vt 0.760178 0.362777
vt 0.048703 0.822764
vt 0.895134 0.872179
vt 0.811770 0.305421
vt 0.081887 0.036249
vt 0.081887 0.045668
vt 0.079298 0.038949
vt 0.612917 0.165915
vt 0.613749 0.150510
vt 0.189874 0.182672
vt 0.081188 0.902547
vt 0.198946 0.178023
vt 0.207868 0.182672
vt 0.074576 0.908264
vt 0.078145 0.906116
vt 0.811001 0.591526
vt 0.805838 0.609189
vt 0.804109 0.605829
vt 0.489667 0.416497
vt 0.970051 0.648800
vt 0.959170 0.638490
vt 0.969604 0.638167
vt 0.482232 0.415443
vt 0.835752 0.259835
vt 0.816978 0.254103
vt 0.826204 0.247458
vt 0.043507 0.973201
vt 0.928359 0.403138
vt 0.333390 0.489245
vt 0.331314 0.485955
vt 0.683240 0.895266
vt 0.040464 0.958758
vt 0.716717 0.036383
vt 0.718173 0.000450
vt 0.721317 0.037653
vt 0.917961 0.337235
vt 0.532640 0.600485
vt 0.901800 0.346447
vt 0.901800 0.309174
vt 0.907061 0.318264
vt 0.847535 0.446716
vt 0.846423 0.456134
vt 0.839453 0.447117
vt 0.378630 0.794267
vt 0.634147 0.351384
vt 0.208096 0.123199
vt 0.378619 0.784166
vt 0.391853 0.004508
vt 0.386919 0.804638
vt 0.392115 0.802312
vt 0.392115 0.788380
vt 0.311802 0.385974
vt 0.307569 0.392541
vt 0.307363 0.388058
vt 0.302263 0.391233
vt 0.626448 0.927527
vt 0.937845 0.590616
vt 0.400901 0.547598
vt 0.518664 0.427575
vt 0.512241 0.430845
vt 0.510543 0.426691
vt 0.555824 0.911369
vt 0.433071 0.948004
vt 0.931504 0.589564
vt 0.409767 0.551316
vt 0.405077 0.540291
vt 0.084427 0.809739
vt 0.614054 0.503923
vt 0.228340 0.162110
vt 0.228340 0.179522
vt 0.222554 0.169001
vt 0.919228 0.515964
vt 0.917805 0.491821
vt 0.926881 0.499972
vt 0.023046 0.838138
vt 0.926111 0.242048
vt 0.404780 0.534597
vt 0.418886 0.543679
vt 0.403720 0.538671
vt 0.887803 0.853735
vt 0.768536 0.356720
vt 0.552050 0.392414
vt 0.533360 0.402468
vt 0.538036 0.366076
vt 0.930311 0.265811
vt 0.927462 0.268798
vt 0.047036 0.826284
vt 0.530700 0.369493
vt 0.764562 0.360116
vt 0.262628 0.160905
vt 0.261088 0.157341
vt 0.263572 0.160033
vt 0.930068 0.272265
vt 0.616351 0.155912
vt 0.627936 0.164464
vt 0.266134 0.156327
vt 0.894771 0.868901
vt 0.266134 0.163737
vt 0.074587 0.038417
vt 0.083876 0.898861
vt 0.015748 0.041496
vt 0.015748 0.047243
vt 0.011673 0.041685
vt 0.494474 0.413094
vt 0.489858 0.411565
vt 0.967195 0.633664
vt 0.922251 0.381690
vt 0.923055 0.380422
vt 0.839806 0.250473
vt 0.124406 0.082361
vt 0.124406 0.091336
vt 0.119981 0.090729
vt 0.268860 0.760167
vt 0.284052 0.762475
vt 0.198420 0.759768
vt 0.190928 0.758853
vt 0.191951 0.756738
vt 0.728454 0.003082
vt 0.512196 0.604847
vt 0.500002 0.276875
vt 0.510067 0.615731
vt 0.506825 0.602874
vt 0.066042 0.294778
vt 0.527839 0.591189
vt 0.523511 0.594427
vt 0.523444 0.590599
vt 0.852232 0.449238
vt 0.855541 0.458717
vt 0.669246 0.874408
vt 0.395871 0.001259
vt 0.212592 0.124406
vt 0.401563 0.004877
vt 0.682465 0.865215
vt 0.796828 0.820226
vt 0.795253 0.830785
vt 0.788495 0.825967
vt 0.493630 0.845225
vt 0.386615 0.779785
vt 0.391043 0.770210
vt 0.615703 0.925618
vt 0.732931 0.824664
vt 0.593966 0.167293
vt 0.487849 0.859818
vt 0.626536 0.913384
vt 0.629791 0.916649
vt 0.391935 0.532625
vt 0.924832 0.515714
vt 0.917805 0.518782
vt 0.940751 0.954559
vt 0.943473 0.959078
vt 0.937018 0.960992
vt 0.625235 0.909463
vt 0.548815 0.366064
vt 0.587957 0.157793
vt 0.219985 0.708326
vt 0.633053 0.895965
vt 0.940131 0.269141
vt 0.922170 0.491829
vt 0.927120 0.496906
vt 0.951290 0.965894
vt 0.951357 0.961271
vt 0.970051 0.974775
vt 0.078090 0.639269
vt 0.074061 0.646641
vt 0.899187 0.859426
vt 0.806669 0.312085
vt 0.760607 0.371179
vt 0.756666 0.367756
vt 0.690089 0.484007
vt 0.260047 0.163775
vt 0.639503 0.158728
vt 0.807277 0.617519
vt 0.804262 0.613750
vt 0.800290 0.612145
vt 0.793316 0.600867
vt 0.973610 0.146065
vt 0.977129 0.140492
vt 0.978454 0.146628
vt 0.809179 0.616187
vt 0.295725 0.749562
vt 0.302343 0.753911
vt 0.289295 0.753303
vt 0.288911 0.755696
vt 0.299135 0.765893
vt 0.496049 0.356036
vt 0.468361 0.374792
vt 0.442457 0.341364
vt 0.042416 0.950065
vt 0.189755 0.755525
vt 0.851459 0.011401
vt 0.511539 0.601959
vt 0.261777 0.121650
vt 0.231529 0.090237
vt 0.468929 0.456954
vt 0.659910 0.153418
vt 0.663408 0.173545
vt 0.760167 0.825173
vt 0.685020 0.870338
vt 0.676907 0.877140
vt 0.563634 0.905191
vt 0.490829 0.843974
vt 0.569942 0.028121
vt 0.629202 0.923010
vt 0.514235 0.440218
vt 0.297176 0.392678
vt 0.302709 0.396223
vt 0.229327 0.968788
vt 0.611122 0.926584
vt 0.932583 0.586557
vt 0.942919 0.962166
vt 0.759028 0.377076
vt 0.069289 0.126445
vt 0.930630 0.245000
vt 0.134885 0.400859
vt 0.133445 0.396350
vt 0.138579 0.401563
vt 0.077772 0.358712
vt 0.074561 0.366078
vt 0.075319 0.357558
vt 0.417808 0.539272
vt 0.130865 0.393386
vt 0.070487 0.355299
vt 0.218896 0.691322
vt 0.757589 0.372550
vt 0.222878 0.717740
vt 0.921204 0.127900
vt 0.930721 0.123798
vt 0.931603 0.130705
vt 0.682836 0.483186
vt 0.128763 0.389600
vt 0.129812 0.388728
vt 0.123023 0.392351
vt 0.216804 0.096531
vt 0.214475 0.087846
vt 0.222041 0.096191
vt 0.029648 0.018897
vt 0.029648 0.010880
vt 0.033367 0.016686
vt 0.076973 0.371643
vt 0.082592 0.363836
vt 0.085037 0.363777
vt 0.636864 0.156711
vt 0.128842 0.386651
vt 0.034645 0.014656
vt 0.510543 0.453324
vt 0.515680 0.447699
vt 0.521958 0.452650
vt 0.804460 0.617095
vt 0.977763 0.150414
vt 0.737380 0.964354
vt 0.734917 0.962027
vt 0.743286 0.961233
vt 0.725360 0.974775
vt 0.527514 0.449127
vt 0.527544 0.461404
vt 0.129130 0.027174
vt 0.126047 0.034645
vt 0.126047 0.025612
vt 0.980906 0.131218
vt 0.629903 0.501768
vt 0.970051 0.941236
vt 0.163775 0.741440
vt 0.160925 0.749261
vt 0.154636 0.741430
vt 0.669836 0.912438
vt 0.673636 0.910833
vt 0.669234 0.914507
vt 0.476006 0.403952
vt 0.496049 0.286340
vt 0.685896 0.879352
vt 0.690644 0.881717
vt 0.183886 0.762440
vt 0.456463 0.371921
vt 0.835345 0.642247
vt 0.839662 0.651047
vt 0.835890 0.652374
vt 0.683445 0.458255
vt 0.074189 0.304100
vt 0.506654 0.597714
vt 0.077180 0.307434
vt 0.680111 0.441350
vt 0.672648 0.419148
vt 0.652971 0.332513
vt 0.641236 0.327880
vt 0.658249 0.288971
vt 0.665720 0.171082
vt 0.983433 0.037792
vt 0.647047 0.342256
vt 0.934909 0.585250
vt 0.521029 0.431433
vt 0.597731 0.174863
vt 0.394984 0.526706
vt 0.434701 0.935998
vt 0.606282 0.166427
vt 0.927349 0.236163
vt 0.521312 0.442498
vt 0.937514 0.244728
vt 0.604926 0.922558
vt 0.598428 0.161558
vt 0.084541 0.796096
vt 0.609548 0.908918
vt 0.567478 0.137010
vt 0.580542 0.145946
vt 0.571555 0.146711
vt 0.750063 0.372062
vt 0.600401 0.155447
vt 0.809824 0.302915
vt 0.753763 0.367479
vt 0.063228 0.369081
vt 0.408016 0.532470
vt 0.922583 0.114467
vt 0.131625 0.389377
vt 0.133163 0.385566
vt 0.743274 0.968267
vt 0.755891 0.365966
vt 0.751113 0.358324
vt 0.032533 0.009193
vt 0.973767 0.151177
vt 0.742761 0.960114
vt 0.053660 0.374390
vt 0.913175 0.374479
vt 0.155801 0.750511
vt 0.675562 0.906496
vt 0.684263 0.901917
vt 0.679611 0.906679
vt 0.326410 0.484199
vt 0.327823 0.477886
vt 0.065737 0.383438
vt 0.038641 0.382045
vt 0.194587 0.761355
vt 0.189284 0.761903
vt 0.460104 0.302361
vt 0.661398 0.859400
vt 0.626689 0.869018
vt 0.638119 0.862142
vt 0.850316 0.756079
vt 0.833842 0.761619
vt 0.813799 0.756079
vt 0.851944 0.757951
vt 0.836109 0.653386
vt 0.068686 0.284130
vt 0.531011 0.595801
vt 0.081143 0.327903
vt 0.107490 0.307525
vt 0.139366 0.335424
vt 0.400601 0.085900
vt 0.282693 0.045872
vt 0.264694 0.033396
vt 0.293752 0.043943
vt 0.300202 0.009800
vt 0.083228 0.258135
vt 0.093901 0.283419
vt 0.083066 0.279683
vt 0.664294 0.155976
vt 0.111514 0.246832
vt 0.647226 0.346364
vt 0.842495 0.454930
vt 0.121042 0.430640
vt 0.131718 0.437021
vt 0.128308 0.439066
vt 0.311802 0.401563
vt 0.084807 0.627769
vt 0.081771 0.614598
vt 0.790542 0.840115
vt 0.785136 0.834174
vt 0.776356 0.402320
vt 0.764726 0.382402
vt 0.041480 0.845645
vt 0.558187 0.399171
vt 0.932855 0.500354
vt 0.929441 0.492661
vt 0.571655 0.135512
vt 0.604953 0.158395
vt 0.073353 0.379562
vt 0.214475 0.107084
vt 0.923947 0.112010
vt 0.076973 0.353247
vt 0.933769 0.119727
vt 0.934458 0.125697
vt 0.932157 0.115925
vt 0.789676 0.610903
vt 0.787000 0.608115
vt 0.737197 0.954747
vt 0.806731 0.621355
vt 0.967531 0.144575
vt 0.810785 0.620814
vt 0.695373 0.886741
vt 0.694983 0.880997
vt 0.968656 0.134725
vt 0.974857 0.127902
vt 0.690045 0.897422
vt 0.173321 0.116177
vt 0.173321 0.089152
vt 0.180167 0.097877
vt 0.677099 0.907737
vt 0.033867 0.385865
vt 0.017945 0.373737
vt 0.520460 0.580149
vt 0.521201 0.570971
vt 0.637498 0.335089
vt 0.636667 0.335861
vt 0.632454 0.334378
vt 0.298635 0.046184
vt 0.295004 0.048238
vt 0.287672 0.049565
vt 0.302354 0.045671
vt 0.275721 0.047801
vt 0.270624 0.044332
vt 0.335360 0.313111
vt 0.349596 0.335184
vt 0.333974 0.320210
vt 0.265347 0.047083
vt 0.257897 0.046893
vt 0.276835 0.013361
vt 0.082305 0.268789
vt 0.669200 0.174798
vt 0.990251 0.031262
vt 0.128595 0.430142
vt 0.067152 0.633384
vt 0.864590 0.454608
vt 0.787154 0.843187
vt 0.791168 0.848819
vt 0.868795 0.453090
vt 0.865352 0.456898
vt 0.939548 0.247645
vt 0.437506 0.932293
vt 0.560461 0.349843
vt 0.439714 0.935690
vt 0.931795 0.519757
vt 0.926948 0.530684
vt 0.052501 0.842881
vt 0.060842 0.125020
vt 0.934294 0.238617
vt 0.676801 0.488175
vt 0.757515 0.382532
vt 0.748046 0.375202
vt 0.444923 0.913784
vt 0.442681 0.924847
vt 0.688091 0.487619
vt 0.118107 0.000360
vt 0.054469 0.007874
vt 0.024923 0.000360
vt 0.875263 0.642708
vt 0.885014 0.650963
vt 0.868451 0.646842
vt 0.138579 0.383474
vt 0.796904 0.619537
vt 0.122831 0.386057
vt 0.801071 0.620783
vt 0.804383 0.622523
vt 0.725360 0.941249
vt 0.701815 0.893476
vt 0.694136 0.899433
vt 0.184247 0.107923
vt 0.689154 0.901711
vt 0.355344 0.680296
vt 0.352807 0.671789
vt 0.373595 0.648511
vt 0.152201 0.751272
vt 0.155726 0.755124
vt 0.149251 0.754495
vt 0.150655 0.757147
vt 0.157132 0.757992
vt 0.048818 0.918201
vt 0.029102 0.909822
vt 0.038683 0.904508
vt 0.044093 0.938968
vt 0.836286 0.667488
vt 0.849760 0.783637
vt 0.910261 0.344371
vt 0.927480 0.337376
vt 0.932257 0.345555
vt 0.928423 0.345418
vt 0.534630 0.588499
vt 0.752734 0.623604
vt 0.746794 0.623251
vt 0.752734 0.570493
vt 0.263908 0.137591
vt 0.645033 0.981074
vt 0.336665 0.343382
vt 0.980096 0.308653
vt 0.980096 0.284799
vt 0.983468 0.293896
vt 0.660481 0.100859
vt 0.672122 0.095449
vt 0.665595 0.107741
vt 0.068010 0.523823
vt 0.066655 0.510142
vt 0.082424 0.504824
vt 0.662254 0.084834
vt 0.676779 0.100480
vt 0.326128 0.935817
vt 0.317548 0.942487
vt 0.318567 0.924250
vt 0.688169 0.101895
vt 0.083248 0.604377
vt 0.080934 0.603896
vt 0.682471 0.095098
vt 0.124008 0.449683
vt 0.131057 0.442704
vt 0.125612 0.450679
vt 0.112595 0.257900
vt 0.252676 0.009233
vt 0.669272 0.170855
vt 0.687114 0.084838
vt 0.087428 0.621545
vt 0.782860 0.848872
vt 0.313529 0.954551
vt 0.299786 0.962177
vt 0.779756 0.851827
vt 0.014536 0.444082
vt 0.014366 0.437037
vt 0.022084 0.442522
vt 0.864046 0.464704
vt 0.926132 0.579846
vt 0.762303 0.389273
vt 0.871164 0.454403
vt 0.931742 0.510598
vt 0.441545 0.929689
vt 0.875658 0.459213
vt 0.088114 0.633757
vt 0.869528 0.653441
vt 0.797868 0.625174
vt 0.540591 0.614306
vt 0.538386 0.601790
vt 0.546975 0.613393
vt 0.574125 0.128600
vt 0.931747 0.109960
vt 0.927963 0.107032
vt 0.921204 0.105437
vt 0.175606 0.118107
vt 0.181860 0.117568
vt 0.551029 0.590517
vt 0.699399 0.899184
vt 0.697202 0.901727
vt 0.694218 0.904061
vt 0.964082 0.126096
vt 0.971023 0.129977
vt 0.592304 0.036795
vt 0.590464 0.062598
vt 0.580645 0.036917
vt 0.855524 0.322750
vt 0.829949 0.307833
vt 0.834886 0.305220
vt 0.578809 0.072811
vt 0.045401 0.855549
vt 0.050392 0.856243
vt 0.045947 0.862596
vt 0.361459 0.945701
vt 0.358115 0.949579
vt 0.341842 0.914551
vt 0.342239 0.664142
vt 0.353084 0.642554
vt 0.981419 0.126143
vt 0.388965 0.261110
vt 0.372337 0.261410
vt 0.379244 0.250435
vt 0.144947 0.752402
vt 0.130238 0.748448
vt 0.323170 0.740276
vt 0.319683 0.741412
vt 0.324467 0.735793
vt 0.374706 0.643193
vt 0.365174 0.642955
vt 0.196889 0.767394
vt 0.033626 0.863883
vt 0.038335 0.873405
vt 0.013898 0.879462
vt 0.819377 0.767418
vt 0.929546 0.349028
vt 0.509099 0.577204
vt 0.088892 0.290907
vt 0.394028 0.085890
vt 0.397332 0.086373
vt 0.025823 0.706600
vt 0.027891 0.707033
vt 0.008664 0.728488
vt 0.330392 0.322703
vt 0.330292 0.313900
vt 0.329500 0.330390
vt 0.333639 0.337186
vt 0.270160 0.050069
vt 0.530830 0.272267
vt 0.495702 0.272479
vt 0.515212 0.264067
vt 0.501836 0.268186
vt 0.481736 0.821591
vt 0.471107 0.813158
vt 0.481876 0.812074
vt 0.476205 0.806551
vt 0.645223 0.100618
vt 0.651518 0.116469
vt 0.472365 0.828677
vt 0.533843 0.285031
vt 0.658097 0.111481
vt 0.464706 0.800137
vt 0.670269 0.106470
vt 0.680612 0.108738
vt 0.072538 0.269012
vt 0.083835 0.607798
vt 0.839453 0.467812
vt 0.327695 0.944448
vt 0.010263 0.386799
vt 0.002921 0.380476
vt 0.005017 0.371427
vt 0.086366 0.612224
vt 0.549998 0.633011
vt 0.538386 0.642501
vt 0.541694 0.630772
vt 0.005586 0.387953
vt 0.328692 0.952640
vt 0.573010 0.166844
vt 0.588960 0.192121
vt 0.573010 0.191077
vt 0.841716 0.707528
vt 0.834876 0.726870
vt 0.824945 0.738562
vt 0.779960 0.827636
vt 0.801294 0.962216
vt 0.800579 0.973201
vt 0.800265 0.967649
vt 0.779391 0.847774
vt 0.326212 0.962177
vt 0.024432 0.440256
vt 0.774285 0.413484
vt 0.448806 0.933185
vt 0.448632 0.942539
vt 0.061956 0.120386
vt 0.875835 0.448401
vt 0.932434 0.525466
vt 0.885014 0.662201
vt 0.864967 0.664548
vt 0.870489 0.465147
vt 0.805599 0.635292
vt 0.938611 0.533843
vt 0.371288 0.008521
vt 0.380998 0.012383
vt 0.377234 0.018982
vt 0.954968 0.120882
vt 0.964423 0.122560
vt 0.562019 0.607338
vt 0.925645 0.104230
vt 0.842713 0.330662
vt 0.859818 0.329797
vt 0.101889 0.649490
vt 0.109971 0.653206
vt 0.106239 0.653723
vt 0.069480 0.391090
vt 0.708641 0.889702
vt 0.702971 0.906357
vt 0.606282 0.032282
vt 0.938556 0.116263
vt 0.683771 0.907477
vt 0.371643 0.939100
vt 0.377599 0.660095
vt 0.121510 0.174798
vt 0.121510 0.162016
vt 0.127555 0.163270
vt 0.106995 0.937085
vt 0.112890 0.944171
vt 0.106995 0.968476
vt 0.338764 0.937651
vt 0.375527 0.250345
vt 0.568472 0.055338
vt 0.043941 0.866606
vt 0.588520 0.091222
vt 0.580482 0.093466
vt 0.547035 0.570160
vt 0.553774 0.587343
vt 0.193787 0.765323
vt 0.950166 0.634639
vt 0.038173 0.395955
vt 0.189902 0.765468
vt 0.851724 0.651007
vt 0.850874 0.655633
vt 0.330946 0.335830
vt 0.443111 0.085496
vt 0.439157 0.087563
vt 0.436144 0.081469
vt 0.081199 0.516266
vt 0.076245 0.525085
vt 0.812148 0.203039
vt 0.820379 0.186448
vt 0.822024 0.204719
vt 0.667191 0.111118
vt 0.793137 0.167247
vt 0.809588 0.162618
vt 0.457577 0.835474
vt 0.446133 0.813606
vt 0.070408 0.530693
vt 0.057886 0.525363
vt 0.062480 0.533793
vt 0.078538 0.266593
vt 0.683371 0.102054
vt 0.257892 0.005131
vt 0.850710 0.473930
vt 0.133446 0.428463
vt 0.549119 0.640220
vt 0.783238 0.856319
vt 0.436492 0.790458
vt 0.863134 0.467180
vt 0.585902 0.180694
vt 0.371288 0.055117
vt 0.384371 0.023487
vt 0.385863 0.031453
vt 0.299870 0.928093
vt 0.787256 0.818893
vt 0.929194 0.090746
vt 0.927041 0.089409
vt 0.936111 0.510453
vt 0.560414 0.616173
vt 0.344881 0.418503
vt 0.344881 0.405996
vt 0.357260 0.406807
vt 0.387417 0.015051
vt 0.798648 0.634533
vt 0.088439 0.640516
vt 0.376302 0.004648
vt 0.385001 0.004893
vt 0.299447 0.639221
vt 0.302354 0.639290
vt 0.299447 0.703917
vt 0.811001 0.647226
vt 0.105967 0.650484
vt 0.382262 0.000030
vt 0.935547 0.112867
vt 0.606282 0.105737
vt 0.601410 0.071021
vt 0.601179 0.060166
vt 0.967172 0.132529
vt 0.552044 0.958568
vt 0.557464 0.957507
vt 0.556740 0.959028
vt 0.109985 0.657435
vt 0.099976 0.652941
vt 0.984224 0.120882
vt 0.388965 0.242970
vt 0.384990 0.246920
vt 0.381724 0.248756
vt 0.692964 0.870796
vt 0.734331 0.043074
vt 0.730688 0.044634
vt 0.321738 0.743403
vt 0.327544 0.735444
vt 0.116532 0.948582
vt 0.569214 0.107084
vt 0.574423 0.094811
vt 0.372187 0.631568
vt 0.388965 0.632663
vt 0.573821 0.086765
vt 0.359705 0.637229
vt 0.023634 0.391688
vt 0.081540 0.289183
vt 0.917766 0.351188
vt 0.922065 0.340177
vt 0.678080 0.426122
vt 0.640296 0.333199
vt 0.640085 0.339356
vt 0.394837 0.093698
vt 0.820449 0.462041
vt 0.818519 0.460571
vt 0.819976 0.459583
vt 0.285055 0.060895
vt 0.510375 0.260499
vt 0.445417 0.090549
vt 0.637243 0.115622
vt 0.495541 0.264067
vt 0.430283 0.085905
vt 0.429222 0.082121
vt 0.669137 0.058206
vt 0.666671 0.045684
vt 0.674446 0.055968
vt 0.673146 0.048635
vt 0.672613 0.110755
vt 0.426164 0.947401
vt 0.406228 0.958965
vt 0.403415 0.941086
vt 0.407762 0.961913
vt 0.136159 0.455022
vt 0.146116 0.442922
vt 0.121676 0.455926
vt 0.848795 0.699072
vt 0.146453 0.438103
vt 0.666671 0.017442
vt 0.669823 0.035505
vt 0.429909 0.966189
vt 0.420002 0.967819
vt 0.420820 0.960906
vt 0.318060 0.348191
vt 0.319676 0.364277
vt 0.313665 0.346422
vt 0.965375 0.908616
vt 0.968476 0.923519
vt 0.965375 0.940131
vt 0.055117 0.035203
vt 0.055117 0.075588
vt 0.047633 0.051314
vt 0.359045 0.423610
vt 0.313665 0.365344
vt 0.390662 0.498571
vt 0.390317 0.497623
vt 0.396586 0.498027
vt 0.828567 0.972969
vt 0.771898 0.851545
vt 0.773597 0.846806
vt 0.766645 0.838343
vt 0.026237 0.435916
vt 0.670218 0.901211
vt 0.669103 0.884272
vt 0.673997 0.889567
vt 0.429940 0.483451
vt 0.429940 0.467567
vt 0.436039 0.483157
vt 0.442507 0.473253
vt 0.094366 0.638147
vt 0.875306 0.465516
vt 0.940056 0.499848
vt 0.939288 0.503732
vt 0.124143 0.304643
vt 0.130705 0.313774
vt 0.124143 0.319424
vt 0.129591 0.319676
vt 0.223196 0.684531
vt 0.943776 0.500303
vt 0.942985 0.504426
vt 0.075256 0.378782
vt 0.605685 0.046367
vt 0.751903 0.831567
vt 0.761433 0.852707
vt 0.751903 0.870841
vt 0.858459 0.338692
vt 0.855075 0.333260
vt 0.556766 0.954236
vt 0.381113 0.673128
vt 0.798902 0.202417
vt 0.795227 0.205429
vt 0.793686 0.202583
vt 0.069709 0.395556
vt 0.366856 0.916779
vt 0.847610 0.336056
vt 0.790187 0.201828
vt 0.702346 0.868282
vt 0.039343 0.857758
vt 0.385427 0.248753
vt 0.159412 0.763109
vt 0.134463 0.762380
vt 0.570252 0.073387
vt 0.364093 0.634913
vt 0.366877 0.635107
vt 0.620199 0.858032
vt 0.738562 0.008134
vt 0.851624 0.008145
vt 0.080055 0.282698
vt 0.409892 0.090840
vt 0.460128 0.457046
vt 0.015969 0.734284
vt 0.026826 0.706025
vt 0.314696 0.322594
vt 0.323554 0.308881
vt 0.524377 0.263385
vt 0.273542 0.056022
vt 0.654257 0.364351
vt 0.636709 0.370023
vt 0.643286 0.359457
vt 0.664158 0.123523
vt 0.263126 0.059263
vt 0.678696 0.111095
vt 0.077020 0.532667
vt 0.073752 0.276892
vt 0.066888 0.539090
vt 0.059226 0.542678
vt 0.121042 0.467703
vt 0.089242 0.600850
vt 0.673603 0.018066
vt 0.485188 0.207868
vt 0.486978 0.195465
vt 0.490743 0.203020
vt 0.403415 0.974149
vt 0.411979 0.970216
vt 0.441114 0.815204
vt 0.436986 0.813385
vt 0.777719 0.854049
vt 0.401563 0.490271
vt 0.388771 0.025208
vt 0.332274 0.961734
vt 0.772926 0.859199
vt 0.769317 0.415736
vt 0.016815 0.394609
vt 0.004665 0.406288
vt 0.002921 0.399173
vt 0.810251 0.955302
vt 0.762426 0.827226
vt 0.566510 0.349417
vt 0.940131 0.239169
vt 0.660661 0.900868
vt 0.982952 0.281882
vt 0.976521 0.253238
vt 0.991610 0.271415
vt 0.556507 0.633737
vt 0.753207 0.387390
vt 0.996822 0.269818
vt 0.996822 0.253935
vt 0.880113 0.461164
vt 0.236214 0.729890
vt 0.023996 0.423560
vt 0.033257 0.428800
vt 0.948005 0.496077
vt 0.606079 0.063456
vt 0.563378 0.614196
vt 0.889738 0.595515
vt 0.889738 0.644076
vt 0.886336 0.634854
vt 0.502101 0.549495
vt 0.492407 0.551121
vt 0.516521 0.541341
vt 0.549646 0.955323
vt 0.553502 0.948871
vt 0.190546 0.121472
vt 0.174547 0.152752
vt 0.174547 0.120350
vt 0.353363 0.909720
vt 0.481599 0.538548
vt 0.636354 0.845194
vt 0.630469 0.836403
vt 0.636453 0.836333
vt 0.628465 0.841490
vt 0.801552 0.185538
vt 0.318887 0.749401
vt 0.028039 0.842792
vt 0.799743 0.228545
vt 0.801552 0.242513
vt 0.794145 0.230811
vt 0.452170 0.292649
vt 0.459829 0.297225
vt 0.452170 0.313377
vt 0.414434 0.877140
vt 0.426237 0.864675
vt 0.430799 0.873477
vt 0.918101 0.356961
vt 0.145739 0.022386
vt 0.148461 0.022319
vt 0.148251 0.029851
vt 0.002680 0.733068
vt 0.724389 0.170074
vt 0.493137 0.261167
vt 0.651148 0.371002
vt 0.658415 0.117825
vt 0.655187 0.120451
vt 0.090665 0.514151
vt 0.085575 0.516008
vt 0.267850 0.054010
vt 0.055117 0.130987
vt 0.053807 0.140763
vt 0.049483 0.138800
vt 0.679677 0.035599
vt 0.821448 0.175851
vt 0.818463 0.170885
vt 0.055117 0.148027
vt 0.423515 0.957928
vt 0.268029 0.000065
vt 0.077524 0.262880
vt 0.397138 0.215118
vt 0.406288 0.205927
vt 0.399487 0.217606
vt 0.321823 0.697853
vt 0.307632 0.689384
vt 0.322892 0.696217
vt 0.401563 0.505497
vt 0.415151 0.963387
vt 0.393704 0.205927
vt 0.090413 0.188056
vt 0.097635 0.181913
vt 0.097635 0.198420
vt 0.013204 0.389980
vt 0.018897 0.383896
vt 0.813197 0.149744
vt 0.815435 0.162073
vt 0.390540 0.031980
vt 0.389639 0.036501
vt 0.780924 0.863943
vt 0.994643 0.280560
vt 0.875398 0.481680
vt 0.880908 0.490043
vt 0.866893 0.497624
vt 0.274669 0.212794
vt 0.278732 0.212954
vt 0.270222 0.215742
vt 0.564495 0.401251
vt 0.831472 0.962653
vt 0.664881 0.885074
vt 0.947724 0.491222
vt 0.747844 0.705099
vt 0.752734 0.733837
vt 0.744984 0.718276
vt 0.797281 0.640465
vt 0.941425 0.515149
vt 0.935585 0.235176
vt 0.096156 0.645826
vt 0.656710 0.908166
vt 0.653499 0.907546
vt 0.816168 0.948091
vt 0.829178 0.953827
vt 0.029046 0.422683
vt 0.038348 0.426679
vt 0.776910 0.002206
vt 0.777007 0.021741
vt 0.774829 0.012528
vt 0.888633 0.538729
vt 0.894463 0.568864
vt 0.888633 0.587385
vt 0.770427 0.003418
vt 0.774930 0.021210
vt 0.831472 0.951172
vt 0.371643 0.920713
vt 0.695805 0.914935
vt 0.853369 0.337134
vt 0.733315 0.059185
vt 0.738532 0.045402
vt 0.476749 0.534720
vt 0.460816 0.495466
vt 0.145955 0.766092
vt 0.316374 0.752234
vt 0.309566 0.732239
vt 0.342239 0.633286
vt 0.350717 0.634504
vt 0.357222 0.630479
vt 0.301636 0.718651
vt 0.408310 0.870401
vt 0.090675 0.580608
vt 0.089811 0.575314
vt 0.099210 0.574104
vt 0.441738 0.877140
vt 0.437863 0.868766
vt 0.612442 0.870841
vt 0.000787 0.867050
vt 0.508666 0.569718
vt 0.522549 0.563474
vt 0.520551 0.564250
vt 0.724389 0.107327
vt 0.315382 0.310980
vt 0.450547 0.089666
vt 0.523398 0.258673
vt 0.643382 0.119990
vt 0.431833 0.076718
vt 0.668129 0.115803
vt 0.990611 0.286226
vt 0.992098 0.294692
vt 0.712729 0.686084
vt 0.718090 0.690908
vt 0.710508 0.687341
vt 0.818650 0.159573
vt 0.258904 0.000134
vt 0.494585 0.194150
vt 0.011801 0.377597
vt 0.822024 0.155453
vt 0.414557 0.976350
vt 0.269886 0.206767
vt 0.275992 0.206926
vt 0.014825 0.426829
vt 0.941537 0.509913
vt 0.573212 0.342409
vt 0.573212 0.422823
vt 0.939860 0.230119
vt 0.813835 0.948979
vt 0.782655 0.019527
vt 0.946051 0.512064
vt 0.269423 0.000031
vt 0.360295 0.003413
vt 0.306203 0.005417
vt 0.368493 0.000031
vt 0.781759 0.057179
vt 0.817620 0.938325
vt 0.636113 0.598581
vt 0.634773 0.589001
vt 0.637613 0.598819
vt 0.886623 0.310474
vt 0.897612 0.312599
vt 0.894344 0.316918
vt 0.075715 0.396572
vt 0.388002 0.669783
vt 0.790946 0.206376
vt 0.851224 0.338345
vt 0.846832 0.337250
vt 0.160714 0.777384
vt 0.829949 0.347930
vt 0.021861 0.911160
vt 0.026897 0.907928
vt 0.908464 0.369319
vt 0.476655 0.588486
vt 0.487121 0.586153
vt 0.495133 0.585854
vt 0.514170 0.563858
vt 0.534630 0.547196
vt 0.651532 0.333952
vt 0.465115 0.448177
vt 0.293981 0.057147
vt 0.489924 0.262000
vt 0.439765 0.071030
vt 0.267530 0.056742
vt 0.086566 0.522958
vt 0.677845 0.055709
vt 0.678569 0.118850
vt 0.448644 0.836201
vt 0.445370 0.830132
vt 0.698493 0.685242
vt 0.718090 0.666473
vt 0.096184 0.602472
vt 0.395251 0.216099
vt 0.683320 0.023533
vt 0.334648 0.705989
vt 0.312794 0.731604
vt 0.063157 0.551928
vt 0.052057 0.554798
vt 0.860577 0.495891
vt 0.859240 0.487836
vt 0.871021 0.474241
vt 0.675888 0.380400
vt 0.656274 0.375113
vt 0.676656 0.363503
vt 0.808511 0.950977
vt 0.031069 0.419356
vt 0.014366 0.417437
vt 0.040944 0.421665
vt 0.196574 0.736423
vt 0.209253 0.761823
vt 0.202697 0.764637
vt 0.099284 0.648600
vt 0.677146 0.403138
vt 0.653723 0.377363
vt 0.672853 0.385477
vt 0.196057 0.258299
vt 0.191308 0.263330
vt 0.186900 0.223924
vt 0.427339 0.985799
vt 0.434009 0.961453
vt 0.436208 0.985799
vt 0.554369 0.952656
vt 0.897395 0.316805
vt 0.708641 0.914715
vt 0.023957 0.906099
vt 0.021371 0.908844
vt 0.190498 0.768016
vt 0.569729 0.092153
vt 0.414601 0.862990
vt 0.367420 0.628134
vt 0.094839 0.578749
vt 0.519444 0.558373
vt 0.645893 0.337756
vt 0.683445 0.391702
vt 0.429909 0.093372
vt 0.448870 0.071055
vt 0.313918 0.342868
vt 0.529544 0.259103
vt 0.089819 0.516303
vt 0.091730 0.521532
vt 0.675093 0.059501
vt 0.090666 0.532405
vt 0.252676 0.055762
vt 0.683400 0.045235
vt 0.073200 0.538808
vt 0.067193 0.545766
vt 0.440978 0.824552
vt 0.640942 0.897551
vt 0.572118 0.624495
vt 0.626071 0.597598
vt 0.653781 0.881987
vt 0.662132 0.879110
vt 0.223345 0.677692
vt 0.102781 0.644196
vt 0.189851 0.127581
vt 0.772789 0.222959
vt 0.567646 0.099584
vt 0.321317 0.756843
vt 0.343297 0.758118
vt 0.496952 0.579380
vt 0.826660 0.383194
vt 0.840921 0.368126
vt 0.840921 0.414943
vt 0.859818 0.765333
vt 0.845400 0.741056
vt 0.847842 0.740579
vt 0.007761 0.737018
vt 0.656081 0.129232
vt 0.079675 0.531253
vt 0.687922 0.116101
vt 0.445768 0.844070
vt 0.444568 0.836886
vt 0.401085 0.222041
vt 0.102103 0.608237
vt 0.492380 0.184054
vt 0.436492 0.821951
vt 0.484268 0.188033
vt 0.857572 0.475661
vt 0.381588 0.485145
vt 0.106906 0.629941
vt 0.272497 0.198314
vt 0.278732 0.200182
vt 0.876097 0.308992
vt 0.878745 0.322429
vt 0.805883 0.954255
vt 0.571595 0.631103
vt 0.879463 0.470968
vt 0.364363 0.908390
vt 0.540006 0.927096
vt 0.571173 0.612244
vt 0.078201 0.403180
vt 0.627869 0.836605
vt 0.077849 0.143346
vt 0.086612 0.132733
vt 0.086612 0.149602
vt 0.094322 0.583590
vt 0.098654 0.582579
vt 0.879460 0.042068
vt 0.823647 0.804866
vt 0.002708 0.892888
vt 0.134093 0.036652
vt 0.835924 0.365154
vt 0.495670 0.567603
vt 0.502005 0.569235
vt 0.837047 0.743015
vt 0.828817 0.739258
vt 0.820449 0.514946
vt 0.814721 0.482331
vt 0.523974 0.250517
vt 0.646531 0.127579
vt 0.641629 0.123116
vt 0.268842 0.060304
vt 0.428542 0.078966
vt 0.435624 0.066943
vt 0.067109 0.278528
vt 0.440070 0.828581
vt 0.503119 0.197725
vt 0.841103 0.472360
vt 0.437420 0.832554
vt 0.824945 0.685200
vt 0.846839 0.478788
vt 0.870503 0.303861
vt 0.863728 0.316670
vt 0.866196 0.304730
vt 0.653798 0.369289
vt 0.102645 0.637794
vt 0.883439 0.474612
vt 0.882312 0.641504
vt 0.035172 0.149602
vt 0.035172 0.136444
vt 0.040944 0.147551
vt 0.661463 0.379654
vt 0.641314 0.866740
vt 0.236214 0.673222
vt 0.078801 0.401024
vt 0.787089 0.200599
vt 0.783160 0.185834
vt 0.145023 0.771601
vt 0.612442 0.831987
vt 0.624158 0.833184
vt 0.844407 0.346186
vt 0.352910 0.630113
vt 0.001667 0.415736
vt 0.166046 0.777931
vt 0.848712 0.674349
vt 0.819089 0.374495
vt 0.489026 0.583526
vt 0.524628 0.555638
vt 0.339513 0.906848
vt 0.348022 0.862209
vt 0.348022 0.908636
vt 0.657322 0.341237
vt 0.742377 0.566708
vt 0.001497 0.739242
vt 0.003880 0.741834
vt 0.617305 0.460617
vt 0.606244 0.459079
vt 0.596041 0.418733
vt 0.310965 0.312081
vt 0.293227 0.064494
vt 0.278427 0.065481
vt 0.085111 0.537300
vt 0.060569 0.560771
vt 0.531876 0.929513
vt 0.529406 0.959028
vt 0.211961 0.770278
vt 0.606282 0.112011
vt 0.760469 0.059841
vt 0.783525 0.202077
vt 0.943485 0.035387
vt 0.946430 0.035196
vt 0.946430 0.072439
vt 0.133863 0.774771
vt 0.974943 0.884641
vt 0.985799 0.910210
vt 0.977702 0.902840
vt 0.091751 0.584160
vt 0.990523 0.651031
vt 0.990523 0.677146
vt 0.978332 0.665133
vt 0.916692 0.370068
vt 0.490474 0.577172
vt 0.140822 0.414758
vt 0.152750 0.416133
vt 0.139819 0.422260
vt 0.821545 0.393899
vt 0.256072 0.121948
vt 0.505240 0.251440
vt 0.509865 0.252426
vt 0.645425 0.374943
vt 0.678960 0.130782
vt 0.253188 0.062753
vt 0.699880 0.692282
vt 0.826499 0.053542
vt 0.826499 0.000181
vt 0.847220 0.010243
vt 0.332274 0.957453
vt 0.329920 0.948787
vt 0.332274 0.934419
vt 0.207174 0.783350
vt 0.626324 0.590663
vt 0.199628 0.761340
vt 0.199171 0.776542
vt 0.118107 0.669272
vt 0.631166 0.586564
vt 0.630641 0.582846
vt 0.895455 0.329998
vt 0.086018 0.015579
vt 0.088186 0.017673
vt 0.086018 0.020472
vt 0.087974 0.019421
vt 0.777860 0.205694
vt 0.728105 0.714529
vt 0.708704 0.733266
vt 0.713372 0.720005
vt 0.148202 0.788805
vt 0.783352 0.235215
vt 0.830299 0.357470
vt 0.083577 0.585350
vt 0.087013 0.585625
vt 0.401052 0.867940
vt 0.985799 0.883449
vt 0.345187 0.627304
vt 0.886589 0.008365
vt 0.118412 0.428334
vt 0.125841 0.414760
vt 0.128434 0.423445
vt 0.515452 0.556012
vt 0.518500 0.554308
vt 0.008151 0.740398
vt 0.458632 0.452651
vt 0.098888 0.510505
vt 0.666230 0.127104
vt 0.691570 0.055327
vt 0.686679 0.066140
vt 0.257727 0.067337
vt 0.687661 0.047104
vt 0.062344 0.284179
vt 0.080679 0.544767
vt 0.076530 0.552261
vt 0.691753 0.032619
vt 0.498687 0.186462
vt 0.684461 0.015341
vt 0.074175 0.558875
vt 0.493060 0.176046
vt 0.677146 0.335521
vt 0.570270 0.639606
vt 0.622633 0.604707
vt 0.617867 0.599714
vt 0.617495 0.594591
vt 0.891125 0.330968
vt 0.652304 0.000628
vt 0.574469 0.619756
vt 0.899403 0.963752
vt 0.902565 0.952417
vt 0.908189 0.957823
vt 0.738562 0.062990
vt 0.478071 0.549402
vt 0.013276 0.900810
vt 0.311468 0.187587
vt 0.309761 0.199234
vt 0.305599 0.196273
vt 0.319690 0.759349
vt 0.126852 0.775018
vt 0.415552 0.856860
vt 0.361313 0.619699
vt 0.426574 0.849817
vt 0.855881 0.674190
vt 0.507084 0.560901
vt 0.166673 0.408690
vt 0.172090 0.419546
vt 0.977279 0.528425
vt 0.982477 0.537961
vt 0.977279 0.552740
vt 0.013490 0.737504
vt 0.048544 0.704062
vt 0.100785 0.522223
vt 0.098673 0.527072
vt 0.640334 0.376352
vt 0.632628 0.373714
vt 0.685337 0.037202
vt 0.066190 0.264342
vt 0.505740 0.192811
vt 0.618897 0.586472
vt 0.252749 0.343297
vt 0.149396 0.343297
vt 0.162321 0.336706
vt 0.760469 0.001411
vt 0.633216 0.571158
vt 0.651950 0.596347
vt 0.298645 0.037794
vt 0.163775 0.786895
vt 0.977925 0.403719
vt 0.973268 0.414044
vt 0.977202 0.400940
vt 0.932279 0.031855
vt 0.001539 0.223544
vt 0.012793 0.239673
vt 0.001539 0.242513
vt 0.316895 0.758798
vt 0.084859 0.586923
vt 0.401935 0.855947
vt 0.431714 0.850779
vt 0.847791 0.803409
vt 0.818896 0.392206
vt 0.488865 0.573066
vt 0.484653 0.581347
vt 0.512055 0.553717
vt 0.433059 0.311802
vt 0.426417 0.309230
vt 0.426599 0.305465
vt 0.843276 0.736423
vt 0.829531 0.736366
vt 0.257057 0.143509
vt 0.444961 0.281426
vt 0.448806 0.307640
vt 0.443355 0.293250
vt 0.606312 0.412624
vt 0.531737 0.251452
vt 0.496503 0.242828
vt 0.651754 0.379690
vt 0.663076 0.130684
vt 0.699977 0.039365
vt 0.702147 0.687576
vt 0.506977 0.184104
vt 0.110708 0.614381
vt 0.613820 0.604182
vt 0.154846 0.263772
vt 0.566632 0.108037
vt 0.629912 0.913360
vt 0.577936 0.614070
vt 0.552851 0.936668
vt 0.253597 0.653346
vt 0.273194 0.653030
vt 0.254410 0.665614
vt 0.470800 0.555184
vt 0.975306 0.414841
vt 0.275424 0.648405
vt 0.272478 0.665667
vt 0.333554 0.775329
vt 0.089756 0.587881
vt 0.348864 0.618648
vt 0.964878 0.702183
vt 0.968325 0.699095
vt 0.972979 0.718090
vt 0.006598 0.847084
vt 0.976163 0.353709
vt 0.985799 0.354671
vt 0.977315 0.367079
vt 0.812814 0.382690
vt 0.485097 0.577074
vt 0.506986 0.557188
vt 0.522722 0.548829
vt 0.433059 0.297387
vt 0.155464 0.809202
vt 0.162336 0.837866
vt 0.152369 0.803950
vt 0.715278 0.592511
vt 0.243088 0.119968
vt 0.234308 0.116088
vt 0.581988 0.407213
vt 0.038034 0.733130
vt 0.903948 0.853519
vt 0.894743 0.805960
vt 0.908636 0.819891
vt 0.443355 0.324400
vt 0.509183 0.241217
vt 0.259222 0.074390
vt 0.686567 0.123791
vt 0.508532 0.191216
vt 0.061893 0.258114
vt 0.685249 0.019323
vt 0.337412 0.700411
vt 0.359045 0.681010
vt 0.069201 0.564588
vt 0.636293 0.891253
vt 0.957603 0.728630
vt 0.955580 0.733686
vt 0.951812 0.733065
vt 0.288771 0.244917
vt 0.330211 0.285031
vt 0.289978 0.274418
vt 0.098422 0.415736
vt 0.916497 0.952987
vt 0.188971 0.048531
vt 0.185796 0.063600
vt 0.184691 0.064836
vt 0.142845 0.782695
vt 0.779028 0.238770
vt 0.140875 0.775681
vt 0.095062 0.587611
vt 0.337369 0.831211
vt 0.335964 0.838959
vt 0.323292 0.826054
vt 0.971808 0.658499
vt 0.974134 0.658090
vt 0.178463 0.399322
vt 0.214167 0.428334
vt 0.306038 0.327633
vt 0.530137 0.249048
vt 0.651944 0.133952
vt 0.442426 0.059326
vt 0.095660 0.531910
vt 0.700132 0.048469
vt 0.671988 0.135509
vt 0.871808 0.332382
vt 0.879667 0.330025
vt 0.625723 0.578049
vt 0.218462 0.775031
vt 0.221490 0.774288
vt 0.505497 0.425185
vt 0.480054 0.391464
vt 0.505497 0.339710
vt 0.276541 0.256766
vt 0.282555 0.241505
vt 0.108022 0.657654
vt 0.483182 0.563315
vt 0.145353 0.392438
vt 0.146136 0.388159
vt 0.148254 0.392757
vt 0.148786 0.386217
vt 0.144027 0.387275
vt 0.147415 0.383959
vt 0.968240 0.415852
vt 0.309634 0.773437
vt 0.311553 0.767884
vt 0.315811 0.766182
vt 0.309675 0.766179
vt 0.925300 0.047372
vt 0.133752 0.781933
vt 0.375320 0.611670
vt 0.301537 0.191626
vt 0.307798 0.182662
vt 0.428329 0.854713
vt 0.886341 0.054339
vt 0.886589 0.058266
vt 0.470715 0.590184
vt 0.117829 0.837369
vt 0.112598 0.839798
vt 0.114090 0.835118
vt 0.155652 0.040088
vt 0.166676 0.017231
vt 0.520441 0.542411
vt 0.171604 0.831408
vt 0.166043 0.813058
vt 0.199207 0.000942
vt 0.171867 0.036823
vt 0.254246 0.140628
vt 0.982769 0.541593
vt 0.058266 0.690327
vt 0.519460 0.241606
vt 0.284025 0.072822
vt 0.291646 0.077064
vt 0.490408 0.242114
vt 0.489610 0.255907
vt 0.090640 0.544975
vt 0.059119 0.569667
vt 0.959028 0.721923
vt 0.950602 0.724199
vt 0.218338 0.777892
vt 0.223125 0.776870
vt 0.302473 0.240238
vt 0.325308 0.248562
vt 0.956687 0.742448
vt 0.949175 0.735573
vt 0.949089 0.743250
vt 0.188971 0.067715
vt 0.717240 0.716651
vt 0.153716 0.379593
vt 0.146243 0.381904
vt 0.147637 0.380030
vt 0.307226 0.772869
vt 0.305219 0.773198
vt 0.235669 0.456506
vt 0.272298 0.478834
vt 0.241750 0.497579
vt 0.322969 0.772588
vt 0.329548 0.296546
vt 0.340194 0.287580
vt 0.327427 0.303141
vt 0.329934 0.811378
vt 0.339786 0.824479
vt 0.331231 0.824539
vt 0.985799 0.382330
vt 0.130084 0.408345
vt 0.927533 0.220484
vt 0.905020 0.229947
vt 0.905353 0.222254
vt 0.920660 0.232707
vt 0.470853 0.385292
vt 0.444560 0.393690
vt 0.444560 0.365708
vt 0.478830 0.582210
vt 0.113570 0.832507
vt 0.105348 0.837583
vt 0.115518 0.846350
vt 0.106199 0.845453
vt 0.152971 0.041417
vt 0.159014 0.407117
vt 0.826020 0.402511
vt 0.421847 0.304814
vt 0.239921 0.120146
vt 0.012460 0.740111
vt 0.501379 0.245808
vt 0.652914 0.382627
vt 0.645305 0.388176
vt 0.651474 0.139886
vt 0.277327 0.075554
vt 0.084469 0.556637
vt 0.056272 0.269668
vt 0.634305 0.423356
vt 0.632585 0.424408
vt 0.622916 0.425478
vt 0.857935 0.756287
vt 0.863068 0.760979
vt 0.861960 0.765333
vt 0.709502 0.721822
vt 0.696831 0.694691
vt 0.276168 0.583058
vt 0.273537 0.580694
vt 0.274497 0.571213
vt 0.270306 0.569397
vt 0.487228 0.170812
vt 0.487632 0.163683
vt 0.910507 0.940934
vt 0.914535 0.946494
vt 0.223616 0.790527
vt 0.220067 0.782094
vt 0.614497 0.577538
vt 0.480041 0.572778
vt 0.627244 0.573962
vt 0.814150 0.496853
vt 0.789115 0.505793
vt 0.800085 0.500623
vt 0.915857 0.957495
vt 0.896661 0.332358
vt 0.158079 0.793471
vt 0.271478 0.681352
vt 0.189897 0.195774
vt 0.187305 0.200602
vt 0.189029 0.193720
vt 0.970426 0.417949
vt 0.280633 0.658357
vt 0.977925 0.431484
vt 0.292372 0.193539
vt 0.140115 0.040861
vt 0.477724 0.573250
vt 0.110861 0.850029
vt 0.507515 0.550961
vt 0.510736 0.548795
vt 0.514194 0.547698
vt 0.240672 0.125097
vt 0.237862 0.121503
vt 0.983900 0.538911
vt 0.983483 0.539615
vt 0.532300 0.243973
vt 0.650771 0.388553
vt 0.486109 0.243447
vt 0.663803 0.140453
vt 0.677217 0.136434
vt 0.638333 0.422957
vt 0.639149 0.427972
vt 0.014506 0.960673
vt 0.019717 0.959212
vt 0.023621 0.964763
vt 0.184251 0.040363
vt 0.187396 0.026868
vt 0.187396 0.048818
vt 0.124094 0.745538
vt 0.119666 0.746154
vt 0.117537 0.740155
vt 0.125981 0.748884
vt 0.263172 0.575721
vt 0.113615 0.744512
vt 0.681242 0.688378
vt 0.675974 0.658954
vt 0.265905 0.563802
vt 0.610873 0.586730
vt 0.942630 0.085910
vt 0.941058 0.076437
vt 0.946453 0.080338
vt 0.214211 0.780082
vt 0.295267 0.438350
vt 0.287163 0.469713
vt 0.270797 0.469065
vt 0.174570 0.216067
vt 0.188562 0.188971
vt 0.184941 0.202700
vt 0.959028 0.759034
vt 0.954066 0.748275
vt 0.714837 0.716034
vt 0.712020 0.711544
vt 0.301636 0.776356
vt 0.479186 0.996822
vt 0.484615 0.983679
vt 0.490536 0.982581
vt 0.130939 0.780864
vt 0.345663 0.810593
vt 0.350013 0.815309
vt 0.343742 0.816758
vt 0.410916 0.847319
vt 0.419186 0.847837
vt 0.977925 0.685019
vt 0.962323 0.690993
vt 0.954065 0.688502
vt 0.094508 0.590872
vt 0.433454 0.847257
vt 0.809220 0.391797
vt 0.817220 0.403461
vt 0.829951 0.412844
vt 0.510252 0.545584
vt 0.859818 0.713966
vt 0.576850 0.224070
vt 0.575848 0.226771
vt 0.567548 0.221748
vt 0.579511 0.226967
vt 0.862968 0.262221
vt 0.862968 0.313377
vt 0.857885 0.293053
vt 0.299218 0.321761
vt 0.297273 0.314354
vt 0.452562 0.055931
vt 0.454331 0.059286
vt 0.099443 0.539401
vt 0.053313 0.276927
vt 0.051678 0.271378
vt 0.624876 0.416877
vt 0.695276 0.023743
vt 0.002437 0.968476
vt 0.011718 0.959268
vt 0.055844 0.252306
vt 0.691216 0.015593
vt 0.875881 0.756473
vt 0.252389 0.990084
vt 0.263099 0.987332
vt 0.262949 0.995016
vt 0.115975 0.751979
vt 0.120348 0.733575
vt 0.114248 0.733249
vt 0.351805 0.735587
vt 0.093041 0.746318
vt 0.098741 0.751338
vt 0.949926 0.084317
vt 0.261926 0.559611
vt 0.268717 0.556718
vt 0.458255 0.990322
vt 0.453282 0.996822
vt 0.442372 0.991650
vt 0.623637 0.568312
vt 0.259731 0.551966
vt 0.254929 0.557383
vt 0.252471 0.566152
vt 0.243725 0.562382
vt 0.946623 0.731255
vt 0.056418 0.050819
vt 0.059841 0.065159
vt 0.056418 0.067715
vt 0.087221 0.751273
vt 0.248567 0.556127
vt 0.082007 0.747605
vt 0.945757 0.743841
vt 0.723243 0.712426
vt 0.160625 0.386873
vt 0.964373 0.419984
vt 0.612921 0.827132
vt 0.615457 0.820269
vt 0.265243 0.469447
vt 0.275251 0.668171
vt 0.014173 0.231799
vt 0.293657 0.665766
vt 0.281479 0.663408
vt 0.284803 0.659403
vt 0.706373 0.701104
vt 0.303092 0.208430
vt 0.344263 0.819883
vt 0.949428 0.036570
vt 0.952729 0.033669
vt 0.952729 0.070864
vt 0.337238 0.829215
vt 0.967660 0.694717
vt 0.445657 0.855227
vt 0.977011 0.653076
vt 0.973560 0.647718
vt 0.474497 0.583377
vt 0.124854 0.831703
vt 0.121219 0.842708
vt 0.470991 0.581577
vt 0.108580 0.860743
vt 0.097331 0.856289
vt 0.106275 0.851217
vt 0.098570 0.862423
vt 0.658249 0.357470
vt 0.564532 0.223896
vt 0.594711 0.387951
vt 0.615785 0.387359
vt 0.617305 0.388961
vt 0.846205 0.189370
vt 0.827974 0.177526
vt 0.824831 0.174265
vt 0.577879 0.283822
vt 0.567532 0.258595
vt 0.850351 0.210209
vt 0.854608 0.218891
vt 0.439358 0.953295
vt 0.436489 0.973201
vt 0.439358 0.942447
vt 0.566635 0.537094
vt 0.571306 0.550195
vt 0.566301 0.540906
vt 0.889382 0.836130
vt 0.058266 0.751160
vt 0.987092 0.538027
vt 0.525515 0.242602
vt 0.496853 0.238568
vt 0.289365 0.078824
vt 0.432081 0.058289
vt 0.635130 0.379593
vt 0.254163 0.077667
vt 0.515253 0.195834
vt 0.514280 0.184885
vt 0.087372 0.549030
vt 0.648137 0.421395
vt 0.513921 0.210783
vt 0.508734 0.200866
vt 0.518996 0.208369
vt 0.002158 0.958163
vt 0.860329 0.748400
vt 0.081401 0.562149
vt 0.857935 0.727684
vt 0.866000 0.722721
vt 0.864919 0.729936
vt 0.020186 0.950501
vt 0.865323 0.715220
vt 0.024235 0.282828
vt 0.013059 0.270044
vt 0.032438 0.286606
vt 0.117769 0.718176
vt 0.124999 0.754886
vt 0.295618 0.575612
vt 0.287543 0.568502
vt 0.911118 0.927767
vt 0.916637 0.928774
vt 0.114671 0.760318
vt 0.070315 0.573653
vt 0.007896 0.259781
vt 0.105691 0.732017
vt 0.009389 0.266918
vt 0.004906 0.262331
vt 0.246415 0.990172
vt 0.240549 0.983716
vt 0.955878 0.087737
vt 0.245788 0.574387
vt 0.253602 0.574962
vt 0.102597 0.756140
vt 0.876575 0.333795
vt 0.089019 0.395431
vt 0.086702 0.387153
vt 0.092140 0.401563
vt 0.445718 0.984118
vt 0.918780 0.947232
vt 0.439339 0.996822
vt 0.951765 0.074874
vt 0.814121 0.552740
vt 0.460968 0.100691
vt 0.434412 0.146414
vt 0.441149 0.094183
vt 0.944874 0.737553
vt 0.036219 0.031447
vt 0.035222 0.037794
vt 0.032866 0.033162
vt 0.196057 0.196579
vt 0.160618 0.382649
vt 0.278179 0.677749
vt 0.325598 0.292391
vt 0.181726 0.036456
vt 0.184247 0.044969
vt 0.181726 0.061416
vt 0.250143 0.034502
vt 0.255111 0.026586
vt 0.253624 0.039860
vt 0.965137 0.366743
vt 0.302104 0.202715
vt 0.294480 0.686016
vt 0.086833 0.591730
vt 0.298389 0.193027
vt 0.902499 0.243604
vt 0.131379 0.831029
vt 0.133207 0.825476
vt 0.137475 0.826191
vt 0.127447 0.855247
vt 0.123907 0.855979
vt 0.123835 0.850940
vt 0.470026 0.588382
vt 0.823969 0.418886
vt 0.115112 0.854849
vt 0.106719 0.849248
vt 0.732263 0.962177
vt 0.708336 0.962177
vt 0.710003 0.925817
vt 0.180386 0.035929
vt 0.738389 0.562458
vt 0.564003 0.540313
vt 0.566294 0.536485
vt 0.593654 0.390314
vt 0.889382 0.809404
vt 0.434281 0.948312
vt 0.572239 0.553541
vt 0.231786 0.120426
vt 0.298840 0.332027
vt 0.298354 0.342471
vt 0.443163 0.051475
vt 0.276260 0.087068
vt 0.261098 0.079617
vt 0.274932 0.105052
vt 0.266527 0.095774
vt 0.264887 0.343390
vt 0.266920 0.325217
vt 0.277105 0.308881
vt 0.655517 0.419587
vt 0.639513 0.415636
vt 0.486266 0.231367
vt 0.524057 0.217133
vt 0.529254 0.212527
vt 0.656674 0.429909
vt 0.259313 0.327557
vt 0.251743 0.321394
vt 0.266840 0.106296
vt 0.124406 0.022047
vt 0.113857 0.022047
vt 0.117422 0.005423
vt 0.461910 0.021169
vt 0.467240 0.018464
vt 0.468030 0.027418
vt 0.873140 0.744507
vt 0.463206 0.014206
vt 0.266893 0.981736
vt 0.877140 0.734800
vt 0.507614 0.177225
vt 0.260142 0.977823
vt 0.023621 0.946367
vt 0.049954 0.253634
vt 0.014238 0.281778
vt 0.697173 0.011300
vt 0.074704 0.567766
vt 0.005956 0.272582
vt 0.492747 0.163941
vt 0.021374 0.259365
vt 0.243567 0.994773
vt 0.437124 0.977910
vt 0.437498 0.988554
vt 0.279577 0.557321
vt 0.096038 0.731339
vt 0.741391 0.713585
vt 0.743034 0.708943
vt 0.092911 0.387153
vt 0.000444 0.255427
vt 0.434941 0.991487
vt 0.944080 0.732921
vt 0.881570 0.339249
vt 0.235735 0.581086
vt 0.235735 0.552603
vt 0.239363 0.567118
vt 0.570012 0.202766
vt 0.572166 0.215434
vt 0.568307 0.213945
vt 0.921948 0.958121
vt 0.155406 0.798402
vt 0.017322 0.006299
vt 0.017322 0.001102
vt 0.133900 0.788979
vt 0.714709 0.704933
vt 0.335344 0.281130
vt 0.709891 0.703541
vt 0.083775 0.592023
vt 0.300927 0.199591
vt 0.738014 0.952093
vt 0.760608 0.917113
vt 0.760608 0.954304
vt 0.088917 0.591425
vt 0.285297 0.687576
vt 0.002498 0.842792
vt 0.294261 0.708967
vt 0.099210 0.487639
vt 0.088413 0.488175
vt 0.087016 0.482988
vt 0.801689 0.403455
vt 0.119679 0.869848
vt 0.829307 0.167832
vt 0.453702 0.070344
vt 0.452677 0.094486
vt 0.452952 0.066288
vt 0.570479 0.551025
vt 0.987373 0.540237
vt 0.984584 0.540326
vt 0.504125 0.238149
vt 0.301688 0.347079
vt 0.279147 0.078503
vt 0.627609 0.390282
vt 0.096995 0.544235
vt 0.703188 0.045070
vt 0.682380 0.135042
vt 0.688169 0.134043
vt 0.342994 0.705641
vt 0.050128 0.284673
vt 0.262652 0.339577
vt 0.638604 0.406951
vt 0.456720 0.019060
vt 0.474002 0.024423
vt 0.244359 0.324795
vt 0.269284 0.968519
vt 0.497147 0.168202
vt 0.501784 0.168128
vt 0.269284 0.995819
vt 0.256806 0.998397
vt 0.695504 0.002746
vt 0.254497 0.585259
vt 0.254486 0.580018
vt 0.110772 0.720903
vt 0.247408 0.580537
vt 0.947976 0.080130
vt 0.244242 0.996934
vt 0.022096 0.243076
vt 0.448208 0.863648
vt 0.450244 0.860954
vt 0.453312 0.876308
vt 0.088946 0.765993
vt 0.202367 0.782965
vt 0.179390 0.225165
vt 0.574029 0.202202
vt 0.633582 0.564076
vt 0.439709 0.886589
vt 0.897612 0.341439
vt 0.148849 0.793769
vt 0.073711 0.753099
vt 0.079721 0.773685
vt 0.490817 0.979223
vt 0.505547 0.979269
vt 0.113383 0.395264
vt 0.108130 0.395264
vt 0.109394 0.381028
vt 0.160625 0.395264
vt 0.178686 0.185599
vt 0.160590 0.376896
vt 0.160625 0.130705
vt 0.157881 0.126860
vt 0.160625 0.123833
vt 0.113383 0.016866
vt 0.112311 0.022047
vt 0.109053 0.020869
vt 0.080421 0.591158
vt 0.326697 0.772520
vt 0.109053 0.009120
vt 0.098772 0.593691
vt 0.095808 0.594198
vt 0.099210 0.461203
vt 0.144878 0.870841
vt 0.138191 0.856313
vt 0.138123 0.828396
vt 0.872865 0.823740
vt 0.887024 0.803141
vt 0.896038 0.799248
vt 0.550745 0.533863
vt 0.545818 0.245765
vt 0.566178 0.542475
vt 0.526714 0.238096
vt 0.489929 0.238620
vt 0.658167 0.142894
vt 0.704409 0.054281
vt 0.671467 0.141149
vt 0.293147 0.347700
vt 0.697707 0.692594
vt 0.447581 0.035382
vt 0.352658 0.705552
vt 0.007938 0.932338
vt 0.255555 0.336248
vt 0.253385 0.329837
vt 0.248577 0.329677
vt 0.586668 0.984886
vt 0.597407 0.987825
vt 0.599983 0.993672
vt 0.560510 0.077695
vt 0.570062 0.089305
vt 0.560510 0.103934
vt 0.507374 0.171685
vt 0.083914 0.565068
vt 0.121116 0.716892
vt 0.250882 0.588928
vt 0.303141 0.561103
vt 0.037456 0.241406
vt 0.254879 0.973126
vt 0.457300 0.973055
vt 0.877595 0.340253
vt 0.953047 0.084268
vt 0.202728 0.790019
vt 0.196574 0.788685
vt 0.889147 0.343301
vt 0.629912 0.879838
vt 0.721420 0.789305
vt 0.729113 0.801452
vt 0.721420 0.842496
vt 0.942322 0.737129
vt 0.033534 0.030675
vt 0.032866 0.028119
vt 0.468471 0.565736
vt 0.507830 0.975125
vt 0.496260 0.976524
vt 0.508647 0.976036
vt 0.024114 0.943280
vt 0.040689 0.939389
vt 0.013276 0.930596
vt 0.290244 0.215553
vt 0.290573 0.205317
vt 0.971571 0.380413
vt 0.711006 0.697068
vt 0.960550 0.697877
vt 0.092238 0.592822
vt 0.282661 0.699823
vt 0.902149 0.220484
vt 0.144501 0.832254
vt 0.160811 0.401379
vt 0.875019 0.206872
vt 0.873642 0.181394
vt 0.875566 0.167832
vt 0.573212 0.516725
vt 0.875877 0.822689
vt 0.579511 0.299204
vt 0.571572 0.298108
vt 0.564982 0.543338
vt 0.989996 0.729034
vt 0.982816 0.738562
vt 0.984026 0.729210
vt 0.456366 0.086691
vt 0.460130 0.084642
vt 0.470853 0.094486
vt 0.987749 0.735477
vt 0.573212 0.557464
vt 0.519388 0.237360
vt 0.497035 0.234880
vt 0.295757 0.326047
vt 0.654150 0.145417
vt 0.294552 0.313888
vt 0.679072 0.140005
vt 0.092506 0.551808
vt 0.522548 0.183398
vt 0.522419 0.186795
vt 0.091708 0.557120
vt 0.699218 0.023733
vt 0.259442 0.969396
vt 0.006052 0.286606
vt 0.700446 0.009439
vt 0.249197 0.586436
vt 0.445706 0.972370
vt 0.867820 0.342425
vt 0.519906 0.158301
vt 0.504457 0.160561
vt 0.516273 0.145714
vt 0.484268 0.157925
vt 0.607696 0.578657
vt 0.125981 0.776356
vt 0.175369 0.220265
vt 0.178456 0.220341
vt 0.614216 0.571905
vt 0.293192 0.549704
vt 0.731012 0.700435
vt 0.474620 0.099383
vt 0.576614 0.220649
vt 0.277000 0.477874
vt 0.928800 0.956100
vt 0.617793 0.566475
vt 0.617188 0.562320
vt 0.616986 0.556889
vt 0.930682 0.963752
vt 0.278586 0.536315
vt 0.487023 0.970819
vt 0.483451 0.862843
vt 0.481236 0.865670
vt 0.481714 0.859484
vt 0.717864 0.699760
vt 0.392115 0.215742
vt 0.385428 0.209892
vt 0.392115 0.205624
vt 0.388336 0.494474
vt 0.393252 0.483790
vt 0.395264 0.488622
vt 0.385864 0.202086
vt 0.086713 0.593729
vt 0.089357 0.594725
vt 0.341919 0.826123
vt 0.342561 0.833200
vt 0.341893 0.844532
vt 0.974528 0.380361
vt 0.296176 0.197324
vt 0.144878 0.819396
vt 0.121191 0.407194
vt 0.139683 0.043632
vt 0.744861 0.325626
vt 0.723835 0.335424
vt 0.724863 0.331967
vt 0.550395 0.282473
vt 0.983363 0.727689
vt 0.968555 0.724101
vt 0.978631 0.717838
vt 0.991626 0.726918
vt 0.981522 0.714007
vt 0.992444 0.715836
vt 0.993672 0.727838
vt 0.186986 0.584823
vt 0.187376 0.558846
vt 0.204473 0.562196
vt 0.014173 0.067715
vt 0.008466 0.062226
vt 0.014173 0.060946
vt 0.193006 0.557567
vt 0.171475 0.609431
vt 0.758972 0.913360
vt 0.756875 0.889389
vt 0.759034 0.869834
vt 0.009370 0.034627
vt 0.298176 0.348022
vt 0.486462 0.238566
vt 0.438226 0.048037
vt 0.661738 0.145993
vt 0.634797 0.395788
vt 0.453351 0.050522
vt 0.100569 0.543703
vt 0.622317 0.393781
vt 0.625764 0.395973
vt 0.620700 0.401622
vt 0.098420 0.552629
vt 0.684111 0.138871
vt 0.517660 0.181546
vt 0.702353 0.037048
vt 0.613526 0.401816
vt 0.448583 0.000547
vt 0.100785 0.569500
vt 0.080676 0.576388
vt 0.512345 0.170845
vt 0.876758 0.742036
vt 0.501432 0.163244
vt 0.000151 0.281870
vt 0.941058 0.113383
vt 0.076219 0.582660
vt 0.493526 0.158680
vt 0.698532 0.722814
vt 0.487000 0.154672
vt 0.449524 0.848749
vt 0.464715 0.849526
vt 0.941212 0.729701
vt 0.286669 0.478386
vt 0.280127 0.480772
vt 0.005414 0.302013
vt 0.012598 0.304632
vt 0.006911 0.307134
vt 0.931410 0.731126
vt 0.353933 0.844584
vt 0.355519 0.815448
vt 0.374792 0.810668
vt 0.496556 0.972494
vt 0.483818 0.033516
vt 0.491325 0.045679
vt 0.483818 0.053542
vt 0.471490 0.874724
vt 0.374792 0.840234
vt 0.613198 0.555234
vt 0.243628 0.516614
vt 0.609812 0.552051
vt 0.350990 0.811994
vt 0.350945 0.822046
vt 0.295175 0.200353
vt 0.411657 0.842483
vt 0.903378 0.266134
vt 0.713463 0.830325
vt 0.697627 0.841846
vt 0.703812 0.816241
vt 0.719665 0.830923
vt 0.718594 0.841960
vt 0.196346 0.352781
vt 0.174261 0.041634
vt 0.191219 0.836557
vt 0.168787 0.839670
vt 0.184310 0.824792
vt 0.021630 0.000045
vt 0.053957 0.009822
vt 0.048555 0.014595
vt 0.993639 0.713606
vt 0.233852 0.559431
vt 0.233852 0.575726
vt 0.232535 0.606355
vt 0.980710 0.717415
vt 0.193169 0.539710
vt 0.181357 0.560194
vt 0.514959 0.233056
vt 0.656674 0.395088
vt 0.441137 0.046427
vt 0.648751 0.399356
vt 0.672918 0.145849
vt 0.492760 0.203384
vt 0.683439 0.147628
vt 0.527544 0.175884
vt 0.347060 0.707267
vt 0.584058 0.969729
vt 0.589871 0.978965
vt 0.594767 0.981410
vt 0.599983 0.975562
vt 0.707796 0.016299
vt 0.359045 0.743286
vt 0.354766 0.733438
vt 0.600547 0.580627
vt 0.607330 0.571471
vt 0.003271 0.314952
vt 0.003271 0.301552
vt 0.530593 0.926019
vt 0.489045 0.121508
vt 0.277735 0.482595
vt 0.931481 0.729113
vt 0.931481 0.689600
vt 0.937592 0.728223
vt 0.313222 0.239526
vt 0.289099 0.239526
vt 0.602746 0.557894
vt 0.893067 0.344748
vt 0.484761 0.145387
vt 0.251040 0.679305
vt 0.479241 0.847891
vt 0.481841 0.851718
vt 0.471529 0.856177
vt 0.285031 0.377942
vt 0.277496 0.356868
vt 0.285031 0.349533
vt 0.295090 0.223641
vt 0.363012 0.859461
vt 0.723954 0.696656
vt 0.283513 0.219406
vt 0.460816 0.573212
vt 0.385785 0.483181
vt 0.395264 0.474410
vt 0.482403 0.869957
vt 0.483451 0.872796
vt 0.339305 0.862967
vt 0.249898 0.039892
vt 0.399429 0.836870
vt 0.405864 0.837009
vt 0.255111 0.044093
vt 0.092332 0.596310
vt 0.417898 0.842572
vt 0.426596 0.841468
vt 0.438668 0.842394
vt 0.844089 0.676483
vt 0.276541 0.179835
vt 0.156345 0.046586
vt 0.773042 0.623440
vt 0.788954 0.612445
vt 0.788954 0.669272
vt 0.548386 0.531749
vt 0.562559 0.510721
vt 0.206358 0.954912
vt 0.231489 0.985799
vt 0.201186 0.985799
vt 0.220442 0.556910
vt 0.196532 0.545224
vt 0.526236 0.230782
vt 0.481643 0.235964
vt 0.533843 0.233996
vt 0.662695 0.152752
vt 0.432707 0.046030
vt 0.714646 0.049989
vt 0.693128 0.689905
vt 0.428542 0.010018
vt 0.458875 0.836718
vt 0.593468 0.977337
vt 0.875911 0.352746
vt 0.880552 0.343969
vt 0.537171 0.922030
vt 0.576282 0.201467
vt 0.149491 0.258732
vt 0.938783 0.689038
vt 0.283387 0.233609
vt 0.323566 0.226112
vt 0.332274 0.226499
vt 0.479186 0.967013
vt 0.482963 0.886418
vt 0.276252 0.349324
vt 0.401894 0.825849
vt 0.415704 0.836672
vt 0.168666 0.183503
vt 0.433280 0.830111
vt 0.144878 0.970051
vt 0.140470 0.965010
vt 0.144878 0.944777
vt 0.087877 0.597874
vt 0.083150 0.594702
vt 0.716902 0.697799
vt 0.720463 0.692566
vt 0.946565 0.685019
vt 0.081929 0.470223
vt 0.884791 0.549591
vt 0.847521 0.500379
vt 0.896037 0.500379
vt 0.175649 0.046686
vt 0.878934 0.835894
vt 0.896038 0.847220
vt 0.228388 0.548913
vt 0.216148 0.534665
vt 0.990842 0.714101
vt 0.705306 0.598280
vt 0.350335 0.709860
vt 0.245526 0.593684
vt 0.714940 0.001438
vt 0.243628 0.589428
vt 0.206299 0.793678
vt 0.473085 0.845594
vt 0.470709 0.842922
vt 0.743578 0.697826
vt 0.474851 0.850102
vt 0.012484 0.296117
vt 0.628618 0.556285
vt 0.047564 0.148027
vt 0.047564 0.139522
vt 0.050392 0.142718
vt 0.589328 0.195936
vt 0.721812 0.684760
vt 0.724639 0.688724
vt 0.340230 0.269298
vt 0.847087 0.423506
vt 0.850369 0.432884
vt 0.836084 0.447173
vt 0.099210 0.599983
vt 0.711343 0.852769
vt 0.992435 0.709207
vt 0.993672 0.710799
vt 0.556019 0.479626
vt 0.972288 0.709493
vt 0.706444 0.576385
vt 0.155858 0.208555
vt 0.168671 0.208845
vt 0.239817 0.677713
vt 0.247876 0.678725
vt 0.239817 0.695464
vt 0.166937 0.203003
vt 0.955878 0.703160
vt 0.948724 0.610587
vt 0.954304 0.620389
vt 0.943102 0.614998
vt 0.946774 0.629857
vt 0.930756 0.631877
vt 0.324042 0.217381
vt 0.841487 0.418941
vt 0.823882 0.421264
vt 0.269618 0.703574
vt 0.136665 0.049242
vt 0.606452 0.496392
vt 0.577472 0.513168
vt 0.615731 0.464722
vt 0.204719 0.840373
vt 0.196076 0.856669
vt 0.186030 0.841941
vt 0.546134 0.531528
vt 0.854415 0.805659
vt 0.743419 0.057045
vt 0.739730 0.009998
vt 0.747854 0.053627
vt 0.732545 0.304287
vt 0.181192 0.849044
vt 0.155403 0.856669
vt 0.629903 0.382274
vt 0.607027 0.377872
vt 0.620483 0.364718
vt 0.626112 0.384241
vt 0.752734 0.678524
vt 0.634782 0.559286
vt 0.250512 0.665539
vt 0.943260 0.610974
vt 0.729831 0.672553
vt 0.328665 0.026730
vt 0.368493 0.000749
vt 0.368493 0.102359
vt 0.119247 0.247330
vt 0.483451 0.156173
vt 0.483451 0.183459
vt 0.301770 0.222194
vt 0.931160 0.634903
vt 0.596813 0.247212
vt 0.363613 0.296155
vt 0.250731 0.692748
vt 0.695221 0.829093
vt 0.269709 0.713365
vt 0.836954 0.677587
vt 0.543188 0.278522
vt 0.723835 0.273060
vt 0.605070 0.369474
vt 0.146494 0.346583
vt 0.137372 0.351171
vt 0.135830 0.349545
vt 0.546166 0.283788
vt 0.622824 0.349856
vt 0.622836 0.354544
vt 0.607684 0.361024
vt 0.625334 0.341285
vt 0.629735 0.311579
vt 0.629903 0.352324
vt 0.608838 0.533295
vt 0.958139 0.369328
vt 0.945548 0.636872
vt 0.121379 0.254989
vt 0.115234 0.262702
vt 0.129133 0.525444
vt 0.126364 0.520175
vt 0.127620 0.509121
vt 0.949204 0.644589
vt 0.954304 0.648800
vt 0.148027 0.546441
vt 0.823882 0.472427
vt 0.295267 0.524395
vt 0.250177 0.518754
vt 0.802558 0.588960
vt 0.802558 0.535043
vt 0.811000 0.576253
vt 0.478727 0.101572
vt 0.469383 0.085092
vt 0.478727 0.011303
vt 0.161953 0.054544
vt 0.580656 0.538567
vt 0.189061 0.854468
vt 0.457714 0.603509
vt 0.456586 0.598390
vt 0.458910 0.601798
vt 0.053938 0.022047
vt 0.454085 0.600593
vt 0.000425 0.196845
vt 0.000425 0.105015
vt 0.003937 0.122184
vt 0.112752 0.350183
vt 0.748223 0.678368
vt 0.004414 0.297564
vt 0.629692 0.553242
vt 0.314682 0.230438
vt 0.736422 0.693019
vt 0.376367 0.280487
vt 0.119808 0.512162
vt 0.116276 0.511660
vt 0.136460 0.183094
vt 0.694205 0.848834
vt 0.974166 0.879696
vt 0.972330 0.882529
vt 0.965120 0.872829
vt 0.027520 0.151412
vt 0.129130 0.151412
vt 0.057724 0.181097
vt 0.965166 0.903911
vt 0.079495 0.240430
vt 0.577230 0.360150
vt 0.590534 0.385816
vt 0.577230 0.384967
vt 0.616368 0.214634
vt 0.259835 0.158409
vt 0.236488 0.213380
vt 0.236488 0.126108
vt 0.615731 0.527078
vt 0.460780 0.600847
vt 0.454186 0.605797
vt 0.750700 0.034599
vt 0.147070 0.343717
vt 0.739360 0.672779
vt 0.252458 0.497757
vt 0.328609 0.262027
vt 0.352336 0.255826
vt 0.332173 0.267613
vt 0.946049 0.645341
vt 0.944674 0.643363
vt 0.940203 0.648682
vt 0.984224 0.876607
vt 0.978982 0.881437
vt 0.977782 0.878357
vt 0.117511 0.514709
vt 0.462481 0.068017
vt 0.692921 0.834389
vt 0.689246 0.844952
vt 0.685276 0.813594
vt 0.076288 0.210574
vt 0.606905 0.259045
vt 0.366919 0.205869
vt 0.347332 0.244088
vt 0.360628 0.143830
vt 0.376367 0.200787
vt 0.365248 0.261734
vt 0.401395 0.608898
vt 0.409437 0.553701
vt 0.409437 0.625179
vt 0.410785 0.617305
vt 0.426203 0.593701
vt 0.439709 0.608888
vt 0.410785 0.543259
vt 0.447142 0.605675
vt 0.451934 0.609584
vt 0.448452 0.611462
vt 0.447721 0.602937
vt 0.448090 0.598231
vt 0.443709 0.593382
vt 0.754093 0.061416
vt 0.466549 0.606221
vt 0.464100 0.607189
vt 0.162848 0.193725
vt 0.257842 0.695295
vt 0.947284 0.643800
vt 0.948304 0.647465
vt 0.693386 0.816030
vt 0.352126 0.267110
vt 0.685276 0.866117
vt 0.835345 0.694468
vt 0.840434 0.681883
vt 0.854880 0.680750
vt 0.587970 0.360754
vt 0.625179 0.259835
vt 0.525105 0.933832
vt 0.525105 0.894177
vt 0.527544 0.927644
vt 0.077427 0.502926
vt 0.148027 0.463391
vt 0.141504 0.338194
vt 0.136208 0.340096
vt 0.142815 0.333279
vt 0.446684 0.597650
vt 0.461511 0.612267
vt 0.215742 0.351171
vt 0.641320 0.539079
vt 0.651950 0.537346
vt 0.162200 0.184683
vt 0.154011 0.187118
vt 0.152435 0.176826
vt 0.859818 0.674159
vt 0.847371 0.676427
vt 0.117669 0.255058
vt 0.113826 0.253762
vt 0.363946 0.270946
vt 0.837509 0.678733
vt 0.818556 0.805441
vt 0.836171 0.806010
vt 0.844004 0.809426
vt 0.933854 0.874286
vt 0.933547 0.876497
vt 0.929358 0.886589
vt 0.759033 0.000313
vt 0.759033 0.061373
vt 0.347332 0.185383
vt 0.143585 0.340443
vt 0.625179 0.186895
vt 0.938556 0.871473
vt 0.137222 0.341548
vt 0.136825 0.343477
vt 0.175946 0.050213
vt 0.929358 0.847114
vt 0.347368 0.157476
vt 0.347368 0.066485
vt 0.354321 0.100371
vt 0.056199 0.021184
vt 0.132280 0.000045
vt 0.152435 0.198420
vt 0.199207 0.135429
vt 0.139251 0.340272
vt 0.141303 0.340434
vt 0.137395 0.342149
vt 0.798402 0.058266
vt 0.795054 0.057582
vt 0.798402 0.001266
vt 0.466029 0.610887
vt 0.470747 0.602090
vt 0.983243 0.384241
vt 0.695507 0.865339
vt 0.469965 0.609928
vt 0.470120 0.607178
vt 0.011160 0.287611
vt 0.018922 0.298615
vt 0.017214 0.302244
vt 0.474002 0.611998
vt 0.950196 0.177035
vt 0.949217 0.165453
vt 0.952729 0.181845
vt 0.952729 0.154058
vt 0.945016 0.175891
vt 0.934666 0.166043
vt 0.473893 0.606177
vt 0.468282 0.612665
vt 0.467257 0.613278
vt 0.469637 0.611944
vt 0.023784 0.290146
vt 0.021315 0.301038
vt 0.033400 0.307005
vt 0.011160 0.332274
vt 0.944917 0.178967
vt 0.948384 0.185135
vt 0.023467 0.296970
vt 0.029934 0.300395
vt 0.944088 0.189911
vt 0.937495 0.188900
vt 0.979500 0.045633
vt 0.979500 0.074782
vt 0.969069 0.051155
vt 0.945166 0.192120
vt 0.961107 0.077163
vt 0.966202 0.056990
vt 0.972666 0.075840
vt 0.034645 0.298194
s 1
usemtl Material.001
f 1/1/1 2/2/2 3/3/3
f 1/1/1 4/4/4 5/5/5
f 1/1/1 6/6/6 4/4/4
f 6/6/6 5/5/5 4/4/4
f 3/7/3 2/8/2 7/9/7
f 8/10/8 9/11/9 1/1/1
f 1/1/1 5/5/5 2/2/2
f 1/1/1 9/11/9 6/6/6
f 6/12/6 10/13/10 5/14/5
f 3/3/3 8/10/8 1/1/1
f 5/14/5 11/15/11 2/16/2
f 6/12/6 9/17/9 10/13/10
f 7/18/7 12/19/12 3/20/3
f 10/13/10 11/15/11 5/14/5
f 10/13/10 13/21/13 11/15/11
f 3/20/3 12/19/12 8/22/8
f 9/17/9 13/21/13 10/13/10
f 9/11/9 8/10/8 14/23/14
f 2/16/2 11/15/11 15/24/15
f 7/9/7 2/8/2 12/25/12
f 14/23/14 16/26/16 9/11/9
f 9/11/9 16/26/16 17/27/17
f 2/28/2 15/29/15 12/30/12
f 9/17/9 18/31/18 13/21/13
f 12/32/12 16/26/16 14/23/14
f 12/32/12 17/27/17 16/26/16
f 9/17/9 17/33/17 18/31/18
f 14/34/14 8/22/8 19/35/19
f 19/35/19 8/22/8 20/36/20
f 19/35/19 21/37/21 14/34/14
f 8/22/8 12/19/12 20/36/20
f 21/37/21 22/38/22 14/34/14
f 12/32/12 23/39/23 17/27/17
f 23/39/23 18/40/18 17/27/17
f 13/21/13 18/31/18 11/15/11
f 15/41/15 11/42/11 23/39/23
f 24/43/24 25/44/25 26/45/26
f 12/32/12 15/41/15 23/39/23
f 23/46/23 11/15/11 18/31/18
f 27/47/27 28/48/28 26/45/26
f 26/45/26 28/48/28 24/43/24
f 26/45/26 29/49/29 27/47/27
f 26/45/26 25/44/25 29/49/29
f 30/50/30 31/51/31 32/52/32
f 31/53/31 33/54/33 32/55/32
f 31/53/31 34/56/34 33/54/33
f 35/57/35 36/58/36 37/59/37
f 34/56/34 38/60/38 39/61/39
f 38/62/38 40/63/40 39/64/39
f 40/63/40 41/65/41 39/64/39
f 42/66/42 43/67/43 44/68/44
f 24/43/24 45/69/45 25/44/25
f 14/34/14 22/38/22 46/70/46
f 12/71/12 14/34/14 46/70/46
f 30/72/30 47/73/47 48/74/48
f 30/50/30 32/52/32 47/75/47
f 30/72/30 48/74/48 31/76/31
f 34/77/34 31/78/31 49/79/49
f 50/80/50 51/81/51 52/82/52
f 50/80/50 53/83/53 51/81/51
f 34/56/34 54/84/54 33/54/33
f 55/85/55 40/63/40 56/86/56
f 39/61/39 54/84/54 34/56/34
f 44/87/44 57/88/57 58/89/58
f 44/87/44 59/90/59 57/88/57
f 35/57/35 43/67/43 42/66/42
f 35/57/35 42/66/42 36/58/36
f 56/86/56 40/63/40 38/62/38
f 58/89/58 60/91/60 44/87/44
f 41/65/41 61/92/61 39/64/39
f 62/93/62 29/49/29 63/94/63
f 62/93/62 63/94/63 64/95/64
f 27/47/27 29/49/29 28/48/28
f 24/43/24 28/48/28 45/69/45
f 63/96/63 65/97/65 64/98/64
f 29/49/29 66/99/66 63/94/63
f 25/44/25 45/69/45 29/49/29
f 48/100/48 67/101/67 31/78/31
f 68/102/68 37/103/37 69/104/69
f 70/105/70 71/106/71 55/107/55
f 70/108/70 55/85/55 72/109/72
f 32/55/32 33/54/33 73/110/73
f 74/111/74 58/89/58 57/88/57
f 74/111/74 57/88/57 75/112/75
f 31/78/31 67/101/67 49/79/49
f 50/80/50 52/82/52 53/83/53
f 76/113/76 40/63/40 55/85/55
f 60/91/60 58/89/58 74/111/74
f 54/84/54 39/61/39 61/114/61
f 77/115/77 36/58/36 42/66/42
f 28/48/28 29/49/29 62/93/62
f 28/48/28 78/116/78 45/69/45
f 79/117/79 80/118/80 65/119/65
f 80/120/80 79/121/79 81/122/81
f 82/123/82 19/35/19 78/124/78
f 82/123/82 21/37/21 19/35/19
f 29/125/29 45/126/45 83/127/83
f 63/96/63 79/128/79 65/97/65
f 83/127/83 66/129/66 29/125/29
f 20/130/20 12/71/12 46/70/46
f 84/131/84 85/132/85 86/133/86
f 84/131/84 87/134/87 85/132/85
f 87/134/87 88/135/88 85/132/85
f 89/136/89 74/111/74 75/112/75
f 71/137/71 90/138/90 55/139/55
f 73/110/73 33/54/33 54/84/54
f 55/139/55 90/138/90 76/140/76
f 72/109/72 55/85/55 56/86/56
f 69/104/69 37/103/37 91/141/91
f 92/142/92 51/81/51 53/83/53
f 93/143/93 60/91/60 74/111/74
f 37/59/37 36/58/36 77/115/77
f 94/144/94 41/145/41 40/146/40
f 60/91/60 95/147/95 44/87/44
f 42/66/42 96/148/96 77/115/77
f 28/48/28 62/93/62 97/149/97
f 98/150/98 78/151/78 99/152/99
f 99/152/99 78/151/78 28/153/28
f 19/35/19 20/36/20 78/124/78
f 78/154/78 20/155/20 100/156/100
f 79/121/79 101/157/101 81/122/81
f 78/154/78 100/156/100 45/158/45
f 100/159/100 20/130/20 46/70/46
f 100/160/100 102/161/102 45/162/45
f 102/163/102 83/127/83 45/126/45
f 63/164/63 103/165/103 79/166/79
f 104/167/104 105/168/105 106/169/106
f 48/74/48 47/73/47 107/170/107
f 106/171/106 105/172/105 108/173/108
f 109/174/109 71/137/71 110/175/110
f 47/75/47 111/176/111 112/177/112
f 84/131/84 86/133/86 113/178/113
f 47/75/47 32/52/32 111/176/111
f 114/179/114 37/180/37 68/181/68
f 32/52/32 73/182/73 111/176/111
f 69/183/69 115/184/115 68/185/68
f 88/135/88 86/133/86 85/132/85
f 52/82/52 92/142/92 53/83/53
f 73/110/73 54/84/54 116/186/116
f 38/62/38 117/187/117 56/86/56
f 54/84/54 61/114/61 116/186/116
f 51/81/51 92/142/92 97/188/97
f 35/57/35 118/189/118 43/67/43
f 40/146/40 76/190/76 94/144/94
f 119/191/119 97/188/97 62/192/62
f 41/145/41 94/144/94 61/193/61
f 61/194/61 28/153/28 116/195/116
f 95/147/95 42/196/42 44/87/44
f 116/197/116 28/198/28 92/142/92
f 120/199/120 62/200/62 64/98/64
f 120/199/120 64/98/64 65/97/65
f 28/153/28 61/194/61 99/152/99
f 121/201/121 65/202/65 80/203/80
f 98/150/98 82/204/82 78/151/78
f 82/123/82 22/38/22 21/37/21
f 100/205/100 122/206/122 102/207/102
f 123/208/123 101/157/101 79/121/79
f 124/209/124 105/168/105 104/167/104
f 125/210/125 87/134/87 84/131/84
f 125/210/125 84/131/84 113/178/113
f 126/211/126 107/170/107 47/73/47
f 114/179/114 68/181/68 127/212/127
f 128/213/128 129/214/129 130/215/130
f 112/216/112 126/211/126 47/73/47
f 130/215/130 131/217/131 128/213/128
f 110/175/110 71/137/71 70/218/70
f 132/219/132 115/184/115 69/183/69
f 133/220/133 90/138/90 71/137/71
f 134/221/134 135/222/135 136/223/136
f 137/224/137 49/79/49 67/101/67
f 136/223/136 138/225/138 134/221/134
f 52/82/52 51/81/51 97/188/97
f 133/220/133 76/140/76 90/138/90
f 35/57/35 37/59/37 139/226/139
f 28/198/28 97/188/97 92/142/92
f 94/227/94 99/152/99 61/194/61
f 120/228/120 65/229/65 95/147/95
f 96/148/96 121/230/121 77/115/77
f 95/147/95 121/231/121 42/196/42
f 42/66/42 121/230/121 96/148/96
f 95/147/95 65/229/65 121/231/121
f 94/144/94 98/232/98 99/233/99
f 98/150/98 140/234/140 82/204/82
f 46/70/46 22/38/22 100/159/100
f 141/235/141 66/129/66 83/127/83
f 66/99/66 142/236/142 63/94/63
f 125/210/125 143/237/143 87/134/87
f 113/178/113 144/238/144 125/210/125
f 145/239/145 146/240/146 130/215/130
f 145/239/145 130/215/130 129/214/129
f 147/241/147 106/171/106 108/173/108
f 145/239/145 105/168/105 124/209/124
f 145/239/145 148/242/148 105/168/105
f 68/185/68 115/184/115 127/243/127
f 143/237/143 149/244/149 87/134/87
f 148/242/148 150/245/150 105/168/105
f 148/242/148 151/246/151 150/245/150
f 149/244/149 88/135/88 87/134/87
f 152/247/152 52/82/52 97/188/97
f 153/248/153 74/111/74 89/136/89
f 73/182/73 116/197/116 111/176/111
f 135/222/135 134/221/134 154/249/154
f 152/247/152 97/188/97 119/191/119
f 134/221/134 155/250/155 154/249/154
f 119/251/119 62/252/62 120/253/120
f 37/103/37 77/254/77 91/141/91
f 95/147/95 93/143/93 120/228/120
f 155/255/155 80/256/80 151/257/151
f 60/91/60 93/143/93 95/147/95
f 155/255/155 91/258/91 80/256/80
f 80/203/80 77/259/77 121/201/121
f 82/204/82 140/234/140 22/260/22
f 101/157/101 156/261/156 81/122/81
f 140/234/140 157/262/157 22/260/22
f 101/157/101 123/208/123 156/261/156
f 100/205/100 22/260/22 122/206/122
f 158/263/158 159/264/159 160/265/160
f 129/214/129 128/213/128 145/239/145
f 130/215/130 161/266/161 131/217/131
f 128/213/128 148/242/148 145/239/145
f 109/174/109 133/220/133 71/137/71
f 128/213/128 162/267/162 148/242/148
f 113/178/113 86/133/86 144/238/144
f 89/268/89 75/269/75 163/270/163
f 105/172/105 164/271/164 108/173/108
f 131/217/131 162/267/162 128/213/128
f 164/271/164 105/172/105 165/272/165
f 150/273/150 165/272/165 105/172/105
f 112/177/112 92/142/92 152/247/152
f 112/177/112 111/176/111 116/197/116
f 112/177/112 116/197/116 92/142/92
f 92/142/92 52/82/52 152/247/152
f 153/248/153 93/143/93 74/111/74
f 166/274/166 136/223/136 167/275/167
f 135/222/135 167/275/167 136/223/136
f 166/274/166 138/225/138 136/223/136
f 135/222/135 154/249/154 167/275/167
f 153/248/153 120/228/120 93/143/93
f 154/276/154 155/277/155 151/246/151
f 138/225/138 155/250/155 134/221/134
f 132/278/132 69/104/69 91/141/91
f 118/189/118 35/57/35 139/226/139
f 76/190/76 168/279/168 94/144/94
f 151/257/151 80/256/80 81/280/81
f 80/256/80 91/258/91 77/281/77
f 169/282/169 81/283/81 170/284/170
f 170/284/170 81/283/81 171/285/171
f 172/286/172 98/232/98 94/144/94
f 98/150/98 172/287/172 140/234/140
f 81/122/81 156/261/156 173/288/173
f 22/260/22 157/262/157 122/206/122
f 140/234/140 174/289/174 157/262/157
f 66/99/66 141/290/141 142/236/142
f 142/291/142 103/292/103 63/293/63
f 157/262/157 174/289/174 175/294/175
f 83/127/83 176/295/176 141/235/141
f 103/296/103 123/208/123 79/121/79
f 102/163/102 176/295/176 83/127/83
f 102/297/102 177/298/177 178/299/178
f 102/297/102 179/300/179 177/298/177
f 180/301/180 181/302/181 182/303/182
f 181/302/181 183/304/183 182/303/182
f 160/265/160 159/264/159 184/305/184
f 158/263/158 185/306/185 159/264/159
f 106/307/106 186/308/186 104/309/104
f 187/310/187 146/240/146 188/311/188
f 144/238/144 189/312/189 125/210/125
f 110/175/110 190/313/190 109/174/109
f 163/270/163 191/314/191 89/268/89
f 146/240/146 187/310/187 130/215/130
f 187/310/187 161/266/161 130/215/130
f 89/268/89 191/314/191 153/315/153
f 192/316/192 112/317/112 152/318/152
f 193/319/193 152/320/152 119/321/119
f 147/241/147 108/173/108 194/322/194
f 192/316/192 152/318/152 193/323/193
f 110/175/110 70/218/70 195/324/195
f 131/217/131 161/266/161 162/267/162
f 153/325/153 119/326/119 120/327/120
f 162/267/162 151/246/151 148/242/148
f 86/133/86 196/328/196 144/238/144
f 162/267/162 167/329/167 151/246/151
f 72/109/72 197/330/197 70/108/70
f 86/133/86 198/331/198 196/328/196
f 167/329/167 154/276/154 151/246/151
f 132/332/132 155/250/155 138/225/138
f 91/141/91 155/333/155 132/278/132
f 168/334/168 76/140/76 133/220/133
f 117/187/117 199/335/199 56/86/56
f 168/279/168 172/286/172 94/144/94
f 81/283/81 200/336/200 171/285/171
f 176/295/176 201/337/201 141/235/141
f 142/291/142 202/338/202 103/292/103
f 122/339/122 157/340/157 203/341/203
f 102/297/102 178/299/178 176/342/176
f 178/343/178 204/344/204 176/345/176
f 103/296/103 205/346/205 123/208/123
f 175/347/175 206/348/206 157/340/157
f 157/340/157 206/348/206 203/341/203
f 103/292/103 202/338/202 207/349/207
f 103/350/103 207/351/207 205/352/205
f 102/297/102 122/339/122 179/300/179
f 177/298/177 208/353/208 178/299/178
f 179/300/179 208/353/208 177/298/177
f 174/354/174 209/355/209 175/347/175
f 209/355/209 210/356/210 175/347/175
f 158/263/158 160/265/160 211/357/211
f 180/301/180 212/358/212 181/302/181
f 159/264/159 185/306/185 184/305/184
f 104/167/104 213/359/213 214/360/214
f 215/361/215 186/308/186 106/307/106
f 107/362/107 216/363/216 217/364/217
f 104/167/104 214/360/214 124/209/124
f 106/171/106 147/241/147 215/365/215
f 124/209/124 218/366/218 145/239/145
f 188/311/188 219/367/219 187/310/187
f 48/74/48 107/170/107 220/368/220
f 144/369/144 109/174/109 190/313/190
f 114/370/114 127/371/127 221/372/221
f 126/373/126 112/317/112 192/316/192
f 193/319/193 119/321/119 222/374/222
f 221/375/221 127/243/127 115/184/115
f 222/376/222 119/377/119 191/378/191
f 187/310/187 219/367/219 161/266/161
f 119/379/119 153/380/153 191/381/191
f 109/174/109 144/369/144 133/220/133
f 161/266/161 219/367/219 162/267/162
f 219/367/219 167/329/167 162/267/162
f 163/270/163 75/269/75 223/382/223
f 223/383/223 75/112/75 224/384/224
f 138/225/138 166/274/166 219/385/219
f 219/385/219 166/274/166 167/275/167
f 225/386/225 150/387/150 151/388/151
f 149/244/149 226/389/226 88/135/88
f 227/390/227 224/384/224 75/112/75
f 228/391/228 229/392/229 230/393/230
f 226/389/226 231/394/231 88/135/88
f 88/135/88 198/331/198 86/133/86
f 196/395/196 168/334/168 133/220/133
f 199/335/199 72/109/72 56/86/56
f 81/396/81 169/397/169 151/388/151
f 196/398/196 232/399/232 168/400/168
f 232/401/232 172/286/172 168/279/168
f 202/338/202 142/291/142 233/402/233
f 203/341/203 208/353/208 122/339/122
f 122/339/122 208/353/208 179/300/179
f 178/299/178 208/353/208 234/403/234
f 175/347/175 210/356/210 206/348/206
f 208/404/235 235/405/236 236/406/237
f 210/356/210 209/355/209 237/407/238
f 238/408/239 239/409/240 240/410/241
f 180/301/180 182/303/182 241/411/242
f 211/357/211 160/265/160 242/412/243
f 160/265/160 184/305/184 242/412/243
f 216/413/216 243/414/244 244/415/245
f 245/416/246 246/417/247 247/418/248
f 248/419/249 249/420/250 250/421/251
f 251/422/252 181/302/181 212/358/212
f 249/420/250 252/423/253 250/421/251
f 216/363/216 107/362/107 126/424/126
f 253/425/254 254/426/255 246/427/247
f 255/428/256 252/429/253 256/430/257
f 188/311/188 145/239/145 218/366/218
f 188/311/188 146/240/146 145/239/145
f 114/370/114 254/431/255 253/432/254
f 114/370/114 221/372/221 254/431/255
f 257/433/258 258/434/259 256/430/257
f 221/435/221 138/225/138 219/385/219
f 257/433/258 259/436/260 258/434/259
f 228/391/228 260/437/261 257/438/258
f 221/375/221 115/184/115 138/439/138
f 257/438/258 260/437/261 259/440/260
f 114/179/114 261/441/262 37/180/37
f 226/389/226 149/244/149 143/237/143
f 48/442/48 262/443/263 67/444/67
f 115/184/115 132/219/132 138/439/138
f 228/391/228 230/393/230 260/437/261
f 144/369/144 196/395/196 133/220/133
f 260/437/261 230/393/230 263/445/264
f 264/446/265 265/447/266 228/391/228
f 228/391/228 265/447/266 266/448/267
f 228/391/228 266/448/267 229/392/229
f 151/388/151 267/449/268 225/386/225
f 151/388/151 169/397/169 267/449/268
f 117/187/117 38/62/38 268/450/269
f 200/451/200 81/122/81 173/288/173
f 203/341/203 234/403/234 208/353/208
f 205/346/205 269/452/270 123/208/123
f 140/453/140 270/454/271 174/354/174
f 178/299/178 234/403/234 204/455/204
f 271/456/272 156/261/156 123/208/123
f 236/406/237 235/405/236 234/457/234
f 272/458/273 273/459/274 274/460/275
f 273/461/274 272/462/273 239/463/240
f 273/464/274 239/409/240 238/408/239
f 239/409/240 275/465/276 276/466/277
f 275/465/276 239/409/240 277/467/278
f 277/468/278 239/469/240 278/470/279
f 279/471/280 245/416/246 247/418/248
f 243/414/244 280/472/281 244/415/245
f 211/473/211 281/474/282 158/475/158
f 184/305/184 282/476/283 242/412/243
f 283/477/284 249/420/250 248/419/249
f 244/478/245 217/364/217 216/363/216
f 278/470/279 284/479/285 285/480/286
f 180/301/180 286/481/287 212/358/212
f 278/470/279 287/482/288 284/479/285
f 286/481/287 288/483/289 212/358/212
f 284/484/285 287/485/288 289/486/290
f 248/419/249 250/421/251 290/487/291
f 158/263/158 291/488/292 185/306/185
f 288/483/289 251/422/252 212/358/212
f 183/304/183 181/302/181 292/489/293
f 287/485/288 293/490/294 289/486/290
f 290/487/291 250/421/251 294/491/295
f 289/486/290 293/490/294 295/492/296
f 186/308/186 296/493/297 104/309/104
f 287/494/288 297/495/298 298/496/299
f 287/485/288 298/497/299 299/498/300
f 287/485/288 299/498/300 293/490/294
f 293/490/294 299/498/300 295/492/296
f 249/499/250 300/500/301 252/501/253
f 250/502/251 252/503/253 301/504/302
f 215/365/215 147/241/147 302/505/303
f 252/506/253 255/507/256 301/508/302
f 300/509/301 256/430/257 252/429/253
f 298/510/299 303/511/304 299/512/300
f 300/513/301 304/514/305 257/515/258
f 300/509/301 257/433/258 256/430/257
f 221/516/221 305/517/306 254/426/255
f 221/516/221 219/518/219 305/517/306
f 110/175/110 195/324/195 190/313/190
f 163/270/163 306/519/307 191/314/191
f 298/520/299 307/521/308 303/522/304
f 307/523/308 308/524/309 303/511/304
f 256/525/257 258/526/259 309/527/310
f 228/391/228 257/438/258 304/528/305
f 298/520/299 310/529/311 307/521/308
f 307/521/308 310/529/311 308/530/309
f 298/520/299 311/531/312 310/529/311
f 164/271/164 194/322/194 108/173/108
f 164/271/164 165/272/165 312/532/313
f 67/101/67 262/533/263 313/534/314
f 263/445/264 259/440/260 260/437/261
f 225/386/225 314/535/315 150/387/150
f 315/536/316 316/537/317 317/538/318
f 230/393/230 318/539/319 263/445/264
f 317/538/318 319/540/320 264/541/265
f 316/537/317 320/542/321 317/538/318
f 75/112/75 321/543/322 227/390/227
f 229/392/229 322/544/323 230/393/230
f 230/393/230 322/544/323 323/545/324
f 319/540/320 324/546/325 264/541/265
f 264/446/265 325/547/326 265/447/266
f 229/392/229 266/448/267 326/548/327
f 327/549/328 232/550/232 196/328/196
f 264/541/265 328/551/329 325/552/326
f 329/553/330 266/448/267 265/447/266
f 325/547/326 330/554/331 265/447/266
f 72/555/72 199/556/199 197/557/197
f 57/88/57 321/543/322 75/112/75
f 117/187/117 268/450/269 199/335/199
f 331/558/332 140/234/140 172/287/172
f 202/338/202 233/402/233 332/559/333
f 333/560/334 142/236/142 141/290/141
f 174/354/174 270/454/271 209/355/209
f 234/403/234 334/561/335 204/455/204
f 210/356/210 335/562/336 206/348/206
f 206/348/206 335/562/336 203/341/203
f 210/356/210 237/407/238 335/562/336
f 336/563/337 337/564/338 338/565/339
f 336/563/337 339/566/340 337/564/338
f 338/567/339 274/460/275 336/568/337
f 339/566/340 273/464/274 340/569/341
f 341/570/342 272/458/273 274/460/275
f 336/563/337 274/571/275 339/566/340
f 238/408/239 340/569/341 273/464/274
f 240/410/241 342/572/343 238/408/239
f 343/573/344 342/572/343 240/410/241
f 273/464/274 339/566/340 274/571/275
f 240/410/241 239/409/240 343/573/344
f 276/466/277 344/574/345 343/573/344
f 276/466/277 343/573/344 239/409/240
f 276/575/277 345/576/346 344/577/345
f 346/578/347 347/579/348 272/458/273
f 276/575/277 275/580/276 345/576/346
f 348/581/349 349/582/350 350/583/351
f 277/468/278 351/584/352 275/580/276
f 239/463/240 352/585/353 278/586/279
f 353/587/354 354/588/355 355/589/356
f 278/470/279 356/590/357 277/468/278
f 353/587/354 249/420/250 354/588/355
f 278/470/279 357/591/358 356/590/357
f 354/588/355 249/420/250 283/477/284
f 278/470/279 285/480/286 357/591/358
f 241/411/242 182/303/182 358/592/359
f 283/477/284 248/419/249 359/593/360
f 244/478/245 360/594/361 217/364/217
f 185/306/185 361/595/362 184/305/184
f 284/484/285 289/486/290 362/596/363
f 181/302/181 251/422/252 292/489/293
f 287/494/288 278/597/279 297/495/298
f 217/364/217 363/598/364 364/599/365
f 249/499/250 304/600/305 300/500/301
f 214/360/214 213/359/213 365/601/366
f 217/364/217 364/599/365 107/362/107
f 299/498/300 366/602/367 295/492/296
f 107/170/107 364/603/365 220/368/220
f 192/316/192 367/604/368 126/373/126
f 124/209/124 214/360/214 218/366/218
f 214/360/214 365/601/366 368/605/369
f 299/512/300 369/606/370 366/607/367
f 369/606/370 220/608/220 366/607/367
f 147/241/147 194/322/194 302/505/303
f 255/507/256 370/609/371 301/508/302
f 144/238/144 190/610/190 189/312/189
f 299/512/300 303/511/304 369/606/370
f 371/611/372 372/612/373 373/613/374
f 220/608/220 374/614/375 48/442/48
f 48/442/48 374/614/375 375/615/376
f 163/270/163 223/382/223 306/519/307
f 223/382/223 376/616/377 306/519/307
f 306/519/307 376/616/377 315/617/316
f 373/613/374 377/618/378 378/619/379
f 379/620/380 311/531/312 298/520/299
f 306/621/307 315/536/316 317/538/318
f 164/271/164 312/532/313 194/322/194
f 379/620/380 380/622/381 311/531/312
f 310/529/311 381/623/382 308/530/309
f 165/272/165 150/273/150 312/532/313
f 378/624/379 382/625/383 379/626/380
f 379/620/380 382/627/383 380/622/381
f 311/531/312 381/623/382 310/529/311
f 311/531/312 383/628/384 381/623/382
f 382/627/383 384/629/385 380/622/381
f 88/135/88 231/394/231 198/331/198
f 198/331/198 327/549/328 196/328/196
f 384/629/385 385/630/386 380/622/381
f 318/539/319 230/393/230 323/545/324
f 380/622/381 385/630/386 386/631/387
f 198/632/198 387/633/388 327/634/328
f 137/224/137 388/635/389 49/79/49
f 320/542/321 319/540/320 317/538/318
f 229/392/229 326/548/327 322/544/323
f 264/541/265 324/546/325 389/636/390
f 387/633/388 390/637/391 327/634/328
f 264/541/265 389/636/390 328/551/329
f 266/448/267 329/553/330 326/548/327
f 327/638/328 391/639/392 232/640/232
f 390/637/391 391/641/392 327/634/328
f 390/642/391 392/643/393 393/644/394
f 44/87/44 394/645/395 59/90/59
f 170/646/170 267/449/268 169/397/169
f 232/640/232 391/639/392 395/647/396
f 171/285/171 200/336/200 396/648/397
f 232/640/232 397/649/398 172/650/172
f 397/651/398 331/652/332 172/653/172
f 140/654/140 398/655/399 399/656/400
f 399/657/400 270/454/271 140/453/140
f 203/341/203 334/561/335 234/403/234
f 204/344/204 400/658/401 176/345/176
f 400/659/401 201/337/201 176/295/176
f 209/355/209 401/660/402 237/407/238
f 401/661/402 402/662/403 237/663/238
f 334/664/335 403/665/404 404/666/405
f 405/667/406 406/668/407 407/669/408
f 406/668/407 408/670/409 409/671/410
f 406/668/407 405/667/406 410/672/411
f 406/668/407 410/672/411 408/670/409
f 411/673/412 338/565/339 337/564/338
f 274/460/275 338/567/339 411/674/412
f 340/569/341 238/408/239 342/572/343
f 272/458/273 341/570/342 412/675/413
f 413/676/414 414/677/415 415/678/416
f 346/578/347 272/458/273 412/675/413
f 272/462/273 416/679/417 239/463/240
f 352/585/353 239/463/240 416/679/417
f 351/584/352 345/576/346 275/580/276
f 348/581/349 417/680/418 349/582/350
f 350/583/351 349/582/350 418/681/419
f 349/582/350 353/682/354 418/681/419
f 419/683/420 272/458/273 347/579/348
f 417/680/418 353/682/354 349/582/350
f 417/684/418 249/420/250 353/587/354
f 420/685/421 421/686/422 347/687/348
f 277/468/278 356/590/357 351/584/352
f 421/686/422 422/688/423 347/687/348
f 355/589/356 354/588/355 423/689/424
f 421/686/422 424/690/425 422/688/423
f 283/477/284 423/689/424 354/588/355
f 423/689/424 283/477/284 359/593/360
f 352/691/353 425/692/426 278/597/279
f 347/687/348 422/688/423 426/693/427
f 241/411/242 427/694/428 180/301/180
f 422/688/423 428/695/429 426/693/427
f 281/696/282 429/697/430 158/263/158
f 425/692/426 430/698/431 278/597/279
f 285/480/286 284/479/285 362/699/363
f 431/700/432 183/304/183 292/489/293
f 247/701/248 246/427/247 305/517/306
f 428/702/429 432/703/433 426/704/427
f 432/703/433 433/705/434 426/704/427
f 426/704/427 433/705/434 434/706/435
f 243/707/244 216/708/216 435/709/436
f 296/710/297 213/359/213 104/167/104
f 294/711/295 250/712/251 301/713/302
f 426/704/427 434/706/435 371/611/372
f 216/363/216 126/424/126 435/714/436
f 426/704/427 371/611/372 373/613/374
f 305/517/306 246/427/247 254/426/255
f 436/715/437 371/611/372 434/706/435
f 295/492/296 366/602/367 220/716/220
f 437/717/438 368/605/369 365/601/366
f 435/714/436 126/424/126 367/718/368
f 125/210/125 189/312/189 438/719/439
f 369/606/370 374/614/375 220/608/220
f 191/314/191 439/720/440 440/721/441
f 191/314/191 306/519/307 439/720/440
f 256/430/257 370/722/371 255/428/256
f 256/723/257 309/724/310 370/609/371
f 441/725/442 303/511/304 308/524/309
f 228/726/228 304/727/305 442/728/443
f 253/432/254 443/729/444 309/724/310
f 253/432/254 309/724/310 114/370/114
f 442/730/443 264/446/265 228/391/228
f 373/613/374 372/612/373 444/731/445
f 48/442/48 375/615/376 262/443/263
f 373/613/374 444/731/445 377/618/378
f 195/732/195 70/733/70 445/734/446
f 223/735/223 224/736/224 376/737/377
f 379/738/380 446/739/447 378/740/379
f 70/733/70 197/557/197 445/734/446
f 308/530/309 381/623/382 447/741/448
f 67/101/67 313/534/314 137/224/137
f 150/273/150 314/742/315 448/743/449
f 377/744/378 449/745/450 378/624/379
f 449/745/450 450/746/451 378/624/379
f 318/539/319 323/545/324 263/445/264
f 378/624/379 450/746/451 451/747/452
f 451/747/452 382/625/383 378/624/379
f 316/537/317 452/748/453 320/542/321
f 453/749/454 387/633/388 198/632/198
f 320/542/321 324/546/325 319/540/320
f 390/637/391 387/633/388 454/750/455
f 265/447/266 455/751/456 329/553/330
f 390/637/391 454/750/455 392/752/393
f 390/642/391 393/644/394 391/639/392
f 57/88/57 59/90/59 456/753/457
f 44/87/44 43/754/43 394/645/395
f 170/284/170 171/285/171 457/755/458
f 395/647/396 397/649/398 232/640/232
f 173/288/173 156/261/156 458/756/459
f 233/402/233 459/757/460 332/559/333
f 460/758/461 461/759/462 142/291/142
f 201/337/201 462/760/463 141/235/141
f 233/402/233 142/291/142 463/761/464
f 332/559/333 464/762/465 202/338/202
f 461/759/462 463/761/464 142/291/142
f 459/757/460 464/762/465 332/559/333
f 123/208/123 269/452/270 271/456/272
f 203/341/203 335/562/336 334/561/335
f 465/763/466 269/764/270 466/765/467
f 465/763/466 271/766/272 269/764/270
f 400/659/401 467/767/468 201/337/201
f 334/768/335 400/769/401 204/770/204
f 237/407/238 402/771/403 335/562/336
f 334/772/335 404/773/405 400/774/401
f 400/774/401 404/773/405 467/775/468
f 409/776/410 404/773/405 403/777/404
f 407/669/408 406/668/407 409/671/410
f 408/670/409 410/672/411 468/778/469
f 469/779/470 470/780/471 471/781/472
f 472/782/473 473/783/474 469/779/470
f 470/780/471 415/678/416 414/677/415
f 474/784/475 412/675/413 341/570/342
f 469/779/470 473/783/474 475/785/476
f 413/676/414 476/786/477 477/787/478
f 412/675/413 478/788/479 346/578/347
f 469/779/470 475/785/476 470/780/471
f 473/783/474 479/789/480 475/785/476
f 475/785/476 415/678/416 470/780/471
f 415/678/416 476/786/477 413/676/414
f 476/790/477 348/581/349 480/791/481
f 348/581/349 350/583/351 480/791/481
f 346/578/347 478/788/479 481/792/482
f 415/678/416 417/793/418 476/786/477
f 348/794/349 476/786/477 417/793/418
f 346/795/347 481/796/482 347/687/348
f 481/796/482 420/685/421 347/687/348
f 419/683/420 416/797/417 272/458/273
f 418/798/419 353/587/354 355/589/356
f 482/799/483 249/420/250 417/684/418
f 483/800/484 424/690/425 421/686/422
f 281/474/282 211/473/211 242/801/243
f 357/591/358 285/480/286 484/802/485
f 427/694/428 286/481/287 180/301/180
f 182/303/182 183/304/183 358/592/359
f 282/476/283 184/305/184 361/595/362
f 360/594/361 363/598/364 217/364/217
f 288/483/289 286/481/287 485/803/486
f 291/488/292 361/595/362 185/306/185
f 486/804/487 304/600/305 249/499/250
f 430/698/431 297/495/298 278/597/279
f 426/704/427 373/613/374 487/805/488
f 213/806/213 296/807/297 365/808/366
f 367/604/368 192/316/192 488/809/489
f 489/810/490 306/519/307 490/811/491
f 218/366/218 214/360/214 491/812/492
f 193/323/193 492/813/493 192/316/192
f 193/814/193 493/815/494 492/816/493
f 222/817/222 493/818/494 193/819/193
f 188/820/188 491/821/492 219/822/219
f 218/366/218 491/812/492 188/311/188
f 214/360/214 368/605/369 491/812/492
f 437/823/438 365/808/366 495/824/495
f 436/715/437 496/825/496 371/611/372
f 490/811/491 306/519/307 497/826/497
f 370/609/371 309/724/310 443/729/444
f 496/825/496 372/612/373 371/611/372
f 498/827/498 375/615/376 374/614/375
f 306/828/307 317/829/318 497/830/497
f 499/831/499 114/832/114 309/527/310
f 379/620/380 298/520/299 297/833/298
f 308/524/309 500/834/500 441/725/442
f 375/615/376 501/835/501 441/725/442
f 498/827/498 501/835/501 375/615/376
f 500/834/500 262/443/263 375/615/376
f 258/526/259 259/836/260 502/837/502
f 503/838/503 497/839/497 264/840/265
f 504/841/504 314/535/315 225/386/225
f 308/524/309 447/842/448 500/834/500
f 376/616/377 505/843/505 315/617/316
f 497/844/497 317/538/318 264/541/265
f 150/273/150 448/743/449 312/532/313
f 444/845/445 506/846/506 377/744/378
f 311/531/312 380/622/381 383/628/384
f 315/536/316 452/748/453 316/537/317
f 453/749/454 454/750/455 387/633/388
f 451/747/452 507/847/507 382/625/383
f 382/625/383 508/848/508 384/849/385
f 37/850/37 509/851/509 139/852/139
f 197/557/197 199/556/199 510/853/510
f 59/90/59 394/645/395 456/753/457
f 199/556/199 268/854/269 510/853/510
f 268/450/269 38/62/38 511/855/511
f 268/856/269 512/857/512 510/858/510
f 268/856/269 511/859/511 512/857/512
f 398/655/399 140/654/140 331/860/332
f 333/861/334 460/758/461 142/291/142
f 269/764/270 513/862/513 514/863/514
f 233/402/233 463/761/464 459/757/460
f 207/351/207 513/864/513 205/352/205
f 202/865/202 513/864/513 207/351/207
f 205/866/205 513/862/513 269/764/270
f 271/766/272 465/763/466 466/765/467
f 467/775/468 515/867/515 201/868/201
f 335/562/336 402/771/403 334/561/335
f 402/662/403 403/665/404 334/664/335
f 402/662/403 401/661/402 403/665/404
f 401/661/402 407/669/408 403/665/404
f 403/665/404 407/669/408 409/671/410
f 408/670/409 468/778/469 409/671/410
f 337/564/338 339/566/340 516/869/516
f 340/569/341 516/869/516 339/566/340
f 470/780/471 517/870/517 471/781/472
f 469/779/470 518/871/518 472/782/473
f 469/779/470 471/781/472 518/871/518
f 519/872/519 470/780/471 414/677/415
f 472/782/473 520/873/520 473/783/474
f 414/677/415 413/676/414 521/874/521
f 476/790/477 480/791/481 477/875/478
f 479/789/480 473/783/474 520/873/520
f 345/576/346 522/876/522 344/577/345
f 479/789/480 523/877/523 475/785/476
f 420/685/421 483/800/484 421/686/422
f 524/878/524 525/879/525 523/880/523
f 416/679/417 526/881/526 352/585/353
f 247/418/248 527/882/527 279/471/280
f 357/591/358 528/883/528 356/590/357
f 529/884/529 530/885/530 531/886/531
f 241/411/242 532/887/532 427/694/428
f 241/411/242 358/592/359 532/887/532
f 529/888/529 533/889/533 530/890/530
f 248/419/249 290/487/291 359/593/360
f 285/480/286 362/699/363 484/802/485
f 183/304/183 431/700/432 358/592/359
f 428/695/429 534/891/534 432/892/433
f 289/486/290 535/893/535 362/596/363
f 432/892/433 534/891/534 536/894/536
f 158/263/158 429/697/430 291/488/292
f 289/486/290 295/492/296 535/893/535
f 288/483/289 485/803/486 537/895/537
f 432/703/433 536/896/536 433/705/434
f 288/483/289 537/895/537 251/422/252
f 538/897/538 539/898/539 540/899/540
f 430/698/431 541/900/541 297/495/298
f 539/901/539 489/810/490 540/902/540
f 490/811/491 540/902/540 489/810/490
f 215/365/215 302/505/303 186/903/186
f 539/898/539 542/904/542 489/905/490
f 434/706/435 433/705/434 436/715/437
f 246/906/247 443/729/444 253/432/254
f 220/716/220 543/907/543 295/492/296
f 542/908/542 544/909/544 489/810/490
f 190/313/190 195/324/195 189/910/189
f 364/603/365 545/911/545 220/368/220
f 220/368/220 545/911/545 543/912/543
f 363/913/364 545/911/545 364/603/365
f 192/316/192 492/813/493 488/809/489
f 191/914/191 546/915/546 494/916/547
f 296/807/297 495/824/495 365/808/366
f 222/817/222 547/917/548 493/818/494
f 191/914/191 494/916/547 222/918/222
f 440/919/441 546/915/546 191/914/191
f 489/810/490 544/909/544 306/519/307
f 369/606/370 303/511/304 548/920/549
f 494/921/547 547/917/548 222/817/222
f 306/519/307 544/909/544 439/720/440
f 303/511/304 441/725/442 548/920/549
f 441/725/442 498/827/498 548/920/549
f 143/237/143 549/922/550 226/389/226
f 373/613/374 378/619/379 446/923/447
f 441/725/442 501/835/501 498/827/498
f 442/924/443 503/838/503 264/840/265
f 258/526/259 499/831/499 309/527/310
f 375/615/376 441/725/442 500/834/500
f 379/738/380 550/925/551 446/739/447
f 504/926/504 551/927/552 314/742/315
f 376/737/377 224/736/224 505/928/505
f 259/836/260 263/929/264 552/930/553
f 448/743/449 553/931/554 312/532/313
f 377/744/378 506/846/506 449/745/450
f 231/394/231 554/932/555 198/331/198
f 198/632/198 554/933/555 453/749/454
f 449/745/450 506/846/506 450/746/451
f 380/622/381 386/631/387 383/628/384
f 37/850/37 261/934/262 509/851/509
f 384/629/385 555/935/556 385/630/386
f 385/630/386 555/935/556 386/631/387
f 384/629/385 508/936/508 555/935/556
f 382/625/383 507/847/507 508/848/508
f 330/554/331 455/751/456 265/447/266
f 329/553/330 455/751/456 556/937/557
f 557/938/558 510/853/510 558/939/559
f 170/284/170 457/755/458 267/940/268
f 510/858/510 512/857/512 559/941/560
f 511/859/511 560/942/561 512/857/512
f 156/261/156 561/943/562 458/756/459
f 202/865/202 464/944/465 513/864/513
f 562/945/563 513/864/513 464/944/465
f 466/765/467 269/764/270 514/863/514
f 515/867/515 462/946/463 201/868/201
f 514/863/514 271/766/272 466/765/467
f 459/757/460 562/947/563 464/762/465
f 461/759/462 563/948/564 463/761/464
f 409/776/410 564/949/565 404/773/405
f 404/773/405 564/949/565 467/775/468
f 409/671/410 468/778/469 565/950/566
f 468/778/469 410/672/411 566/951/567
f 341/570/342 567/952/568 474/784/475
f 274/460/275 411/674/412 341/570/342
f 470/780/471 519/872/519 517/870/517
f 414/677/415 521/874/521 519/872/519
f 568/953/569 479/789/480 569/954/570
f 520/873/520 569/954/570 479/789/480
f 413/676/414 477/787/478 521/874/521
f 478/788/479 412/675/413 474/784/475
f 568/953/569 570/955/571 479/789/480
f 480/791/481 571/956/572 477/875/478
f 480/791/481 572/957/573 571/956/572
f 480/791/481 350/583/351 572/957/573
f 479/789/480 570/955/571 523/877/523
f 523/880/523 573/958/574 524/878/524
f 570/959/571 573/958/574 523/880/523
f 475/785/476 574/960/575 417/793/418
f 475/785/476 417/793/418 415/678/416
f 355/961/356 575/962/576 418/681/419
f 419/683/420 576/963/577 416/797/417
f 523/877/523 574/960/575 475/785/476
f 244/415/245 280/472/281 577/964/578
f 524/878/524 578/965/579 525/879/525
f 419/683/420 579/966/580 576/963/577
f 580/967/581 526/881/526 416/679/417
f 579/966/580 419/683/420 347/579/348
f 523/880/523 525/879/525 531/886/531
f 581/968/582 281/474/282 242/801/243
f 581/969/582 242/970/243 526/881/526
f 424/690/425 582/971/583 422/688/423
f 529/884/529 531/886/531 583/972/584
f 523/973/523 531/974/531 530/975/530
f 242/412/243 282/476/283 526/976/526
f 482/799/483 486/977/487 249/420/250
f 526/976/526 541/900/541 425/692/426
f 484/802/485 362/699/363 584/978/585
f 347/687/348 426/693/427 487/979/488
f 282/476/283 585/980/586 526/976/526
f 533/889/533 540/981/540 530/890/530
f 533/889/533 538/982/538 540/981/540
f 526/976/526 586/983/587 541/900/541
f 585/980/586 586/983/587 526/976/526
f 433/705/434 536/896/536 587/984/588
f 282/476/283 361/595/362 585/980/586
f 588/985/589 539/898/539 538/897/538
f 251/422/252 537/895/537 589/986/590
f 251/422/252 589/986/590 292/489/293
f 291/488/292 590/987/591 361/595/362
f 361/595/362 590/987/591 585/980/586
f 540/902/540 497/826/497 591/988/592
f 540/902/540 490/811/491 497/826/497
f 368/605/369 437/717/438 592/989/593
f 373/613/374 446/923/447 487/805/488
f 548/920/549 498/827/498 369/606/370
f 369/606/370 498/827/498 374/614/375
f 367/718/368 488/990/489 435/714/436
f 440/721/441 439/720/440 544/909/544
f 443/729/444 593/991/594 370/609/371
f 297/833/298 550/992/551 379/620/380
f 594/993/595 595/994/596 495/824/495
f 258/526/259 502/837/502 499/831/499
f 499/831/499 261/995/262 114/832/114
f 259/836/260 552/930/553 502/837/502
f 504/841/504 225/386/225 596/996/597
f 551/927/552 448/743/449 314/742/315
f 447/842/448 262/443/263 500/834/500
f 447/842/448 313/997/314 262/443/263
f 312/532/313 553/931/554 194/322/194
f 224/736/224 227/998/227 597/999/598
f 505/1000/505 598/1001/599 315/536/316
f 381/623/382 137/1002/137 447/741/448
f 381/623/382 383/628/384 137/1002/137
f 599/1003/600 558/939/559 600/1004/601
f 452/748/453 315/536/316 598/1001/599
f 601/1005/602 388/1006/389 383/628/384
f 137/1002/137 383/628/384 388/1006/389
f 557/938/558 558/939/559 599/1003/600
f 558/939/559 602/1007/603 600/1004/601
f 603/1008/604 508/848/508 507/847/507
f 326/548/327 329/553/330 556/937/557
f 389/636/390 324/546/325 328/551/329
f 197/557/197 510/853/510 557/938/558
f 602/1007/603 558/939/559 604/1009/605
f 605/1010/606 393/644/394 392/643/393
f 321/543/322 57/88/57 456/753/457
f 605/1010/606 606/1011/607 393/644/394
f 604/1009/605 558/939/559 559/1012/560
f 510/853/510 559/1012/560 558/939/559
f 607/1013/608 43/67/43 118/189/118
f 512/857/512 608/1014/609 559/941/560
f 512/857/512 609/1015/610 608/1014/609
f 610/1016/611 512/857/512 560/942/561
f 610/1016/611 609/1015/610 512/857/512
f 396/1017/397 200/451/200 173/288/173
f 611/1018/612 397/649/398 395/647/396
f 173/288/173 458/756/459 396/1017/397
f 612/1019/613 331/1020/332 397/649/398
f 561/943/562 156/261/156 271/456/272
f 561/1021/562 271/766/272 514/863/514
f 141/1022/141 462/1023/463 333/1024/334
f 333/861/334 563/948/564 460/758/461
f 270/1025/271 401/661/402 209/1026/209
f 460/758/461 563/948/564 461/759/462
f 563/948/564 562/947/563 463/761/464
f 463/761/464 562/947/563 459/757/460
f 564/949/565 515/867/515 467/775/468
f 564/949/565 462/946/463 515/867/515
f 409/776/410 565/1027/566 564/949/565
f 562/947/563 563/948/564 613/1028/614
f 407/669/408 410/672/411 405/667/406
f 565/950/566 468/778/469 566/951/567
f 411/674/412 567/952/568 341/570/342
f 614/1029/615 471/781/472 517/870/517
f 343/1030/344 344/577/345 522/876/522
f 478/1031/479 615/1032/616 481/796/482
f 350/583/351 418/681/419 572/957/573
f 615/1032/616 420/685/421 481/796/482
f 572/957/573 418/681/419 575/962/576
f 616/1033/617 417/793/418 574/960/575
f 351/584/352 356/590/357 617/1034/618
f 574/960/575 618/1035/619 616/1033/617
f 576/1036/577 580/967/581 416/679/417
f 578/965/579 619/1037/620 525/879/525
f 620/1038/621 574/1039/575 523/1040/523
f 621/1041/622 616/1033/617 618/1035/619
f 417/793/418 616/1033/617 482/1042/483
f 576/1043/577 581/968/582 580/1044/581
f 619/1037/620 622/1045/623 531/886/531
f 619/1037/620 531/886/531 525/879/525
f 623/1046/624 616/1033/617 621/1041/622
f 355/589/356 423/689/424 624/1047/625
f 579/1048/580 581/968/582 576/1043/577
f 581/969/582 526/881/526 580/967/581
f 616/1049/617 625/1050/626 482/1051/483
f 423/689/424 359/593/360 624/1047/625
f 616/1049/617 623/1052/624 625/1050/626
f 532/1053/532 623/1054/624 618/1055/619
f 528/883/528 357/591/358 484/802/485
f 528/883/528 484/802/485 584/978/585
f 532/1053/532 358/1056/359 623/1054/624
f 526/976/526 425/692/426 352/691/353
f 623/1052/624 358/592/359 431/700/432
f 623/1052/624 431/700/432 625/1050/626
f 579/1048/580 281/474/282 581/968/582
f 591/1057/592 620/1058/621 523/973/523
f 582/971/583 428/695/429 422/688/423
f 626/1059/627 529/888/529 627/1060/628
f 529/888/529 626/1059/627 533/889/533
f 541/900/541 430/698/431 425/692/426
f 530/975/530 591/1057/592 523/973/523
f 487/979/488 579/1061/580 347/687/348
f 579/1061/580 487/979/488 628/1062/629
f 579/1063/580 429/1064/430 281/1065/282
f 530/890/530 540/981/540 591/1066/592
f 427/694/428 485/803/486 286/481/287
f 629/1067/630 630/1068/631 533/889/533
f 533/889/533 630/1068/631 538/982/538
f 431/700/432 631/1069/632 625/1050/626
f 429/1064/430 579/1063/580 291/1070/292
f 431/700/432 292/489/293 589/986/590
f 625/1071/626 631/1072/632 632/1073/633
f 628/1074/629 487/1075/488 633/1076/634
f 579/1077/580 634/1078/635 291/1079/292
f 245/1080/246 635/1081/636 246/1082/247
f 628/1062/629 633/1083/634 579/1061/580
f 579/1077/580 633/1084/634 634/1078/635
f 295/492/296 636/1085/637 535/893/535
f 291/1086/292 634/1087/635 590/1088/591
f 586/983/587 637/1089/638 541/900/541
f 638/1090/639 639/1091/640 537/895/537
f 537/895/537 639/1091/640 589/986/590
f 589/986/590 639/1091/640 631/1069/632
f 631/1069/632 639/1091/640 632/1092/633
f 304/600/305 486/804/487 442/1093/443
f 541/900/541 637/1089/638 297/495/298
f 640/1094/641 542/904/542 539/898/539
f 638/1095/639 641/1096/642 639/1097/640
f 642/1098/643 633/1099/634 643/1100/644
f 637/1089/638 643/1101/644 297/495/298
f 633/1099/634 644/1102/645 643/1100/644
f 491/812/492 368/605/369 592/989/593
f 494/916/547 546/915/546 645/1103/646
f 646/1104/647 544/909/544 542/908/542
f 643/1100/644 550/925/551 297/1105/298
f 646/1104/647 647/1106/648 544/909/544
f 594/993/595 495/824/495 296/807/297
f 648/1107/649 496/825/496 436/715/437
f 647/1106/648 440/721/441 544/909/544
f 503/838/503 442/924/443 649/1108/650
f 543/1109/543 545/1110/545 650/1111/651
f 650/1111/651 545/1110/545 651/1112/652
f 652/1113/653 435/1114/436 488/1115/489
f 653/1116/654 497/839/497 503/838/503
f 654/1117/655 503/838/503 649/1108/650
f 655/1118/656 195/732/195 445/734/446
f 596/1119/597 551/927/552 504/926/504
f 656/1120/657 194/322/194 553/931/554
f 657/1121/658 444/731/445 372/612/373
f 658/1122/659 598/1123/599 505/928/505
f 313/534/314 447/1124/448 137/224/137
f 659/1125/660 597/999/598 227/998/227
f 231/394/231 226/389/226 660/1126/661
f 386/631/387 601/1005/602 383/628/384
f 599/1003/600 661/1127/662 557/938/558
f 453/749/454 662/1128/663 454/750/455
f 197/557/197 557/938/558 445/734/446
f 49/79/49 388/635/389 34/77/34
f 326/548/327 556/937/557 322/544/323
f 393/644/394 606/1011/607 391/639/392
f 604/1129/605 559/941/560 608/1014/609
f 391/639/392 663/1130/664 395/647/396
f 612/1131/613 398/1132/399 331/1133/332
f 562/945/563 514/1134/514 513/864/513
f 333/861/334 613/1028/614 563/948/564
f 565/1027/566 462/946/463 564/949/565
f 664/1135/665 562/947/563 613/1028/614
f 401/661/402 665/1136/666 407/669/408
f 566/951/567 410/672/411 407/669/408
f 411/673/412 337/564/338 516/869/516
f 340/569/341 342/572/343 666/1137/667
f 343/573/344 667/1138/668 342/572/343
f 668/1139/669 568/953/569 569/954/570
f 343/573/344 522/1140/522 667/1138/668
f 345/576/346 351/584/352 522/876/522
f 669/1141/670 420/685/421 670/1142/671
f 669/1141/670 483/800/484 420/685/421
f 279/1143/280 671/1144/672 245/1080/246
f 574/1039/575 672/1145/673 618/1055/619
f 621/1146/622 618/1055/619 623/1054/624
f 577/964/578 360/1147/361 244/415/245
f 574/1039/575 620/1038/621 672/1145/673
f 622/1045/623 583/972/584 531/886/531
f 673/1148/674 532/1053/532 618/1055/619
f 673/1148/674 427/1149/428 532/1053/532
f 625/1150/626 674/1151/675 482/1152/483
f 674/1153/675 486/977/487 482/799/483
f 675/1154/676 359/593/360 290/487/291
f 620/1155/621 591/1156/592 638/1157/639
f 673/1148/674 638/1158/639 427/1149/428
f 428/695/429 676/1159/677 534/891/534
f 534/891/534 676/1159/677 536/894/536
f 630/1160/631 588/985/589 538/897/538
f 677/1161/678 674/1162/675 625/1071/626
f 431/700/432 589/986/590 631/1069/632
f 485/803/486 638/1090/639 537/895/537
f 625/1071/626 632/1073/633 677/1161/678
f 294/491/295 678/1163/679 290/487/291
f 591/1164/592 653/1165/654 638/1166/639
f 644/1167/645 633/1076/634 487/1075/488
f 585/980/586 590/987/591 586/983/587
f 590/987/591 637/1089/638 586/983/587
f 677/1161/678 442/1093/443 486/804/487
f 678/1168/679 294/1169/295 301/1170/302
f 679/1171/680 433/705/434 587/984/588
f 634/1087/635 633/1099/634 642/1098/643
f 634/1087/635 642/1098/643 590/1088/591
f 636/1085/637 295/492/296 680/1172/681
f 632/1173/633 681/1174/682 677/1175/678
f 638/1166/639 653/1165/654 682/1176/683
f 639/1097/640 681/1174/682 632/1173/633
f 643/1101/644 637/1089/638 590/987/591
f 497/1177/497 653/1165/654 591/1164/592
f 677/1175/678 681/1174/682 442/924/443
f 436/715/437 679/1171/680 648/1107/649
f 681/1174/682 649/1108/650 442/924/443
f 301/508/302 370/609/371 593/991/594
f 143/237/143 125/210/125 549/922/550
f 487/1178/488 446/739/447 644/1102/645
f 653/1116/654 503/838/503 682/1179/683
f 644/1102/645 446/739/447 550/925/551
f 644/1102/645 550/925/551 643/1100/644
f 681/1174/682 654/1117/655 649/1108/650
f 302/505/303 194/322/194 656/1120/657
f 549/922/550 683/1180/684 226/389/226
f 651/1112/652 684/1181/685 685/1182/686
f 650/1111/651 651/1112/652 685/1182/686
f 651/1112/652 652/1113/653 684/1181/685
f 226/389/226 683/1180/684 660/1126/661
f 505/928/505 224/736/224 658/1122/659
f 224/736/224 597/999/598 658/1122/659
f 600/1004/601 687/1183/687 599/1003/600
f 557/938/558 661/1127/662 445/734/446
f 450/746/451 506/846/506 451/747/452
f 386/631/387 688/1184/688 601/1005/602
f 323/545/324 322/544/323 689/1185/689
f 454/750/455 662/1128/663 392/752/393
f 330/554/331 325/547/326 328/1186/329
f 662/1128/663 605/1187/606 392/752/393
f 606/1011/607 663/1130/664 391/639/392
f 690/1188/690 171/285/171 396/648/397
f 691/1189/691 397/649/398 611/1018/612
f 691/1189/691 612/1019/613 397/649/398
f 458/756/459 561/943/562 692/1190/692
f 462/1023/463 613/1191/614 333/1024/334
f 462/1023/463 664/1192/665 613/1191/614
f 614/1029/615 518/871/518 471/781/472
f 693/1193/693 614/1029/615 517/870/517
f 693/1193/693 517/870/517 694/1194/694
f 517/870/517 519/872/519 694/1194/694
f 474/784/475 695/1195/695 478/788/479
f 696/1196/696 697/1197/697 570/1198/571
f 697/1199/697 573/958/574 570/959/571
f 670/1142/671 420/685/421 615/1032/616
f 522/876/522 351/584/352 698/1200/698
f 699/1201/699 524/878/524 573/958/574
f 671/1144/672 279/1143/280 527/1202/527
f 700/1203/700 355/589/356 624/1047/625
f 672/1145/673 673/1148/674 618/1055/619
f 627/1060/628 529/888/529 583/1204/584
f 629/1067/630 533/889/533 626/1059/627
f 675/1154/676 290/487/291 701/1205/701
f 638/1206/639 702/1207/702 620/1038/621
f 638/1090/639 485/803/486 427/694/428
f 676/1159/677 587/1208/588 536/894/536
f 703/1209/703 539/898/539 588/985/589
f 486/804/487 674/1162/675 677/1161/678
f 703/1209/703 640/1094/641 539/898/539
f 682/1176/683 641/1210/642 638/1166/639
f 243/707/244 435/709/436 704/1211/704
f 678/1212/679 301/1213/302 705/1214/705
f 679/1171/680 436/715/437 433/705/434
f 642/1098/643 643/1100/644 590/1088/591
f 641/1096/642 681/1174/682 639/1097/640
f 246/906/247 706/1215/706 443/729/444
f 707/1216/707 494/916/547 645/1103/646
f 682/1179/683 503/838/503 641/1096/642
f 709/1217/708 647/1218/648 646/1219/647
f 641/1096/642 654/1117/655 681/1174/682
f 363/1220/364 710/1221/709 545/1110/545
f 503/838/503 654/1117/655 641/1096/642
f 593/991/594 443/729/444 711/1222/710
f 495/824/495 595/994/596 712/1223/711
f 652/1113/653 710/1221/709 435/1114/436
f 710/1221/709 652/1113/653 651/1112/652
f 545/1110/545 710/1221/709 651/1112/652
f 713/1224/712 302/505/303 656/1120/657
f 713/1224/712 656/1120/657 551/927/552
f 714/1225/713 685/1182/686 684/1181/685
f 656/1120/657 553/931/554 551/927/552
f 551/927/552 553/931/554 448/743/449
f 687/1183/687 661/1127/662 599/1003/600
f 597/999/598 659/1125/660 658/1122/659
f 552/1226/553 263/1227/264 323/1228/324
f 600/1004/601 602/1007/603 715/1229/714
f 716/1230/715 508/848/508 603/1008/604
f 139/226/139 607/1013/608 118/189/118
f 267/940/268 457/755/458 717/1231/716
f 38/62/38 34/1232/34 511/855/511
f 608/1014/609 718/1233/717 604/1129/605
f 719/1234/718 401/661/402 270/1025/271
f 665/1136/666 566/951/567 407/669/408
f 411/674/412 720/1235/719 567/952/568
f 340/569/341 666/1137/667 516/869/516
f 472/782/473 518/871/518 614/1029/615
f 721/1236/720 474/784/475 567/952/568
f 614/1029/615 520/873/520 472/782/473
f 696/1237/696 570/955/571 568/953/569
f 667/1238/668 522/876/522 722/1239/721
f 573/958/574 697/1199/697 699/1201/699
f 524/878/524 699/1201/699 723/1240/722
f 723/1240/722 578/965/579 524/878/524
f 575/962/576 355/961/356 700/1241/700
f 724/1242/723 582/971/583 424/690/425
f 672/1145/673 725/1243/724 673/1148/674
f 672/1145/673 620/1038/621 725/1243/724
f 676/1159/677 428/695/429 582/971/583
f 725/1243/724 620/1038/621 702/1207/702
f 725/1243/724 702/1207/702 673/1148/674
f 702/1244/702 638/1245/639 726/1246/725
f 673/1148/674 726/1247/725 638/1158/639
f 702/1207/702 726/1247/725 673/1148/674
f 290/487/291 678/1163/679 727/1248/726
f 360/1249/361 728/1250/727 363/1251/364
f 492/813/493 729/1252/728 488/809/489
f 435/1114/436 710/1221/709 704/1253/704
f 646/1254/729 709/1255/730 708/1256/731
f 301/508/302 593/991/594 705/1257/705
f 186/903/186 302/505/303 713/1224/712
f 546/915/546 440/919/441 708/1258/732
f 440/721/441 647/1106/648 708/1259/732
f 593/991/594 711/1222/710 730/1260/733
f 712/1223/711 595/994/596 594/993/595
f 543/1109/543 650/1111/651 680/1261/681
f 502/1262/734 261/1263/735 731/1264/736
f 657/1121/658 372/612/373 496/825/496
f 658/1122/659 659/1125/660 732/1265/737
f 655/1118/656 445/734/446 661/1127/662
f 444/845/445 733/1266/738 506/846/506
f 734/1267/739 509/1268/509 261/1269/262
f 554/933/555 662/1128/663 453/749/454
f 602/1007/603 718/1270/717 715/1229/714
f 602/1271/603 604/1272/605 718/1273/717
f 560/942/561 735/1274/740 610/1016/611
f 561/1021/562 514/863/514 736/1275/741
f 401/661/402 719/1234/718 665/1136/666
f 462/1023/463 737/1276/742 664/1192/665
f 514/1277/514 738/1278/743 739/1279/744
f 562/945/563 738/1280/743 514/1134/514
f 664/1135/665 740/1281/745 562/947/563
f 562/945/563 740/1282/745 738/1280/743
f 567/952/568 720/1235/719 721/1236/720
f 569/954/570 614/1029/615 741/1283/746
f 520/873/520 614/1029/615 569/954/570
f 569/1284/570 741/1285/746 668/1286/669
f 571/956/572 742/1287/747 477/875/478
f 568/1288/569 668/1286/669 696/1289/696
f 572/957/573 743/1290/748 571/956/572
f 572/957/573 744/1291/749 743/1290/748
f 478/1031/479 670/1142/671 615/1032/616
f 522/876/522 698/1200/698 745/1292/750
f 351/584/352 617/1034/618 698/1200/698
f 578/965/579 746/1293/751 619/1037/620
f 483/800/484 747/1294/752 724/1242/723
f 724/1242/723 424/690/425 483/800/484
f 360/1249/361 577/1295/578 728/1250/727
f 290/487/291 727/1248/726 701/1205/701
f 295/1296/296 543/1109/543 680/1261/681
f 709/1217/708 542/904/542 748/1297/753
f 219/822/219 491/821/492 749/1298/754
f 709/1217/708 748/1297/753 647/1218/648
f 730/1299/733 705/1300/705 593/1301/594
f 710/1221/709 363/1220/364 704/1253/704
f 494/921/547 750/1302/755 547/917/548
f 443/729/444 706/1215/706 711/1222/710
f 650/1111/651 714/1225/713 680/1261/681
f 650/1111/651 685/1182/686 714/1225/713
f 655/1118/656 661/1127/662 687/1183/687
f 506/846/506 733/1266/738 751/1303/756
f 600/1004/601 715/1229/714 752/1304/757
f 598/1001/599 753/1305/758 452/748/453
f 601/1005/602 688/1184/688 388/1006/389
f 451/747/452 754/1306/759 507/847/507
f 508/936/508 755/1307/760 555/935/556
f 508/936/508 716/1308/715 755/1307/760
f 455/751/456 756/1309/761 556/937/557
f 330/554/331 757/1310/762 455/751/456
f 758/1311/763 718/1233/717 608/1014/609
f 690/1188/690 457/755/458 171/285/171
f 759/1312/764 608/1014/609 609/1015/610
f 759/1312/764 609/1015/610 610/1016/611
f 739/1279/744 760/1313/765 514/1277/514
f 565/1314/566 737/1276/742 462/1023/463
f 720/1315/719 411/673/412 516/869/516
f 693/1193/693 694/1194/694 519/872/519
f 519/872/519 521/874/521 761/1316/766
f 666/1137/667 667/1138/668 762/1317/767
f 763/1318/768 667/1238/668 722/1239/721
f 742/1287/747 571/956/572 743/1290/748
f 764/1319/769 669/1141/670 670/1142/671
f 747/1294/752 483/800/484 669/1141/670
f 356/590/357 528/883/528 765/1320/770
f 746/1293/751 622/1045/623 619/1037/620
f 582/971/583 724/1242/723 766/1321/771
f 528/883/528 584/978/585 767/1322/772
f 768/1323/773 583/972/584 622/1045/623
f 675/1154/676 624/1047/625 359/593/360
f 535/1324/535 584/978/585 362/699/363
f 588/1325/589 630/1068/631 629/1067/630
f 712/1223/711 437/823/438 495/824/495
f 769/1326/774 189/312/189 195/1327/195
f 770/1328/775 686/1329/776 502/1330/777
f 771/1331/778 261/1332/735 502/1333/734
f 771/1334/778 731/1264/736 261/1263/735
f 655/1118/656 687/1183/687 772/1335/779
f 772/1335/779 687/1183/687 600/1004/601
f 225/386/225 267/449/268 596/996/597
f 773/1336/780 552/1226/553 323/1228/324
f 773/1336/780 323/1228/324 689/1337/689
f 506/846/506 774/1338/781 451/747/452
f 688/1184/688 386/631/387 555/935/556
f 754/1306/759 603/1008/604 507/847/507
f 775/1339/782 324/546/325 320/542/321
f 776/1340/783 328/551/329 324/546/325
f 757/1310/762 756/1309/761 455/751/456
f 777/1341/784 663/1130/664 606/1011/607
f 778/1342/785 663/1130/664 777/1341/784
f 610/1016/611 735/1274/740 759/1312/764
f 663/1130/664 779/1343/786 395/647/396
f 780/1344/787 781/1345/788 782/1346/789
f 395/647/396 779/1343/786 783/1347/790
f 781/1345/788 784/1348/791 785/1349/792
f 780/1344/787 784/1348/791 781/1345/788
f 395/647/396 783/1347/790 611/1018/612
f 783/1347/790 691/1189/691 611/1018/612
f 666/1137/667 720/1315/719 516/869/516
f 519/872/519 761/1316/766 693/1193/693
f 474/784/475 721/1236/720 786/1350/793
f 667/1138/668 666/1137/667 342/572/343
f 695/1195/695 474/784/475 786/1350/793
f 667/1138/668 763/1351/768 762/1317/767
f 695/1352/695 670/1142/671 478/1031/479
f 722/1239/721 522/876/522 745/1292/750
f 744/1291/749 572/957/573 575/962/576
f 764/1319/769 747/1294/752 669/1141/670
f 723/1240/722 746/1293/751 578/965/579
f 617/1034/618 356/590/357 765/1320/770
f 768/1353/773 787/1354/794 583/1204/584
f 787/1354/794 627/1060/628 583/1204/584
f 627/1060/628 787/1354/794 626/1059/627
f 787/1354/794 788/1355/795 626/1059/627
f 788/1355/795 629/1067/630 626/1059/627
f 280/1356/281 243/707/244 704/1211/704
f 676/1357/677 789/1358/796 587/984/588
f 588/985/589 790/1359/797 703/1209/703
f 728/1360/727 791/1361/798 363/1362/364
f 542/904/542 792/1363/799 748/1297/753
f 494/916/547 707/1216/707 793/1364/800
f 189/312/189 769/1326/774 438/719/439
f 494/1365/547 793/1366/800 794/1367/801
f 730/1260/733 711/1222/710 795/1368/802
f 795/1368/802 711/1222/710 706/1215/706
f 680/1369/681 714/1370/713 796/1371/803
f 648/1372/649 797/1373/804 496/1374/496
f 684/1181/685 798/1375/805 714/1225/713
f 551/927/552 799/1376/806 713/1224/712
f 502/1333/734 731/1377/736 771/1331/778
f 797/1373/804 657/1378/658 496/1374/496
f 657/1379/658 733/1380/738 444/1381/445
f 732/1265/737 800/1382/807 658/1122/659
f 800/1382/807 598/1123/599 658/1122/659
f 659/1383/660 227/390/227 321/543/322
f 451/747/452 774/1338/781 754/1306/759
f 688/1184/688 801/1384/808 388/1006/389
f 689/1185/689 322/544/323 556/937/557
f 801/1385/808 34/77/34 388/635/389
f 452/748/453 775/1339/782 320/542/321
f 267/449/268 717/1386/716 596/996/597
f 778/1342/785 779/1343/786 663/1130/664
f 560/942/561 511/859/511 802/1387/809
f 560/942/561 802/1387/809 735/1274/740
f 803/1388/810 458/756/459 692/1190/692
f 561/1021/562 804/1389/811 805/1390/812
f 561/1021/562 736/1275/741 804/1389/811
f 736/1391/741 514/1277/514 760/1313/765
f 738/1278/743 806/1392/813 739/1279/744
f 807/1393/814 565/950/566 808/1394/815
f 809/1395/816 738/1280/743 740/1282/745
f 521/874/521 477/787/478 761/1316/766
f 668/1286/669 741/1285/746 810/1396/817
f 695/1195/695 786/1350/793 811/1397/818
f 695/1352/695 811/1398/818 670/1142/671
f 575/962/576 700/1241/700 812/1399/819
f 280/472/281 813/1400/820 577/964/578
f 528/883/528 767/1322/772 765/1320/770
f 767/1322/772 584/978/585 765/1320/770
f 814/1401/821 728/1402/727 577/964/578
f 582/971/583 766/1321/771 676/1159/677
f 788/1355/795 588/1325/589 629/1067/630
f 587/984/588 789/1358/796 679/1171/680
f 703/1209/703 790/1359/797 640/1094/641
f 791/1361/798 815/1403/822 363/1362/364
f 640/1094/641 792/1363/799 542/904/542
f 492/816/493 493/815/494 816/1404/823
f 712/1223/711 817/1405/824 437/823/438
f 708/1258/732 818/1406/825 546/915/546
f 748/1407/753 818/1406/825 647/1408/648
f 647/1408/648 818/1406/825 708/1258/732
f 795/1368/802 706/1215/706 819/1409/826
f 652/1113/653 820/1410/827 684/1181/685
f 796/1411/803 714/1225/713 798/1375/805
f 772/1335/779 600/1004/601 752/1304/757
f 821/1412/828 822/1413/829 732/1265/737
f 598/1123/599 800/1382/807 822/1413/829
f 506/846/506 751/1303/756 774/1338/781
f 324/546/325 775/1339/782 776/1340/783
f 139/852/139 509/851/509 823/1414/830
f 328/1186/329 757/1310/762 330/554/331
f 394/645/395 824/1415/831 456/753/457
f 607/1013/608 394/1416/395 43/67/43
f 457/755/458 690/1188/690 825/1417/832
f 608/1014/609 759/1312/764 758/1311/763
f 781/1345/788 826/1418/833 782/1346/789
f 781/1345/788 785/1349/792 826/1418/833
f 458/756/459 803/1388/810 396/1017/397
f 399/1419/400 827/1420/834 270/1421/271
f 566/951/567 665/1136/666 565/950/566
f 565/1314/566 807/1422/814 737/1276/742
f 721/1236/720 720/1235/719 828/1423/835
f 828/1423/835 786/1350/793 721/1236/720
f 829/1424/836 696/1289/696 668/1286/669
f 697/1199/697 696/1425/696 699/1201/699
f 811/1398/818 764/1319/769 670/1142/671
f 700/1203/700 624/1047/625 675/1154/676
f 830/1426/837 724/1242/723 747/1294/752
f 746/1293/751 768/1323/773 622/1045/623
f 766/1321/771 724/1242/723 830/1426/837
f 831/1427/838 790/1359/797 588/985/589
f 305/1428/306 832/1429/839 247/1430/248
f 792/1363/799 640/1094/641 790/1359/797
f 789/1431/796 648/1372/649 679/1432/680
f 833/1433/840 749/1298/754 491/821/492
f 195/732/195 655/1118/656 834/1434/841
f 655/1118/656 772/1335/779 834/1434/841
f 798/1375/805 684/1181/685 820/1410/827
f 835/1435/842 770/1328/775 731/1436/843
f 770/1328/775 771/1437/844 686/1329/776
f 835/1435/842 731/1436/843 552/1438/553
f 734/1267/739 261/1269/262 552/1439/845
f 732/1265/737 822/1413/829 800/1382/807
f 836/1440/846 732/1265/737 659/1125/660
f 836/1440/846 659/1125/660 321/1441/322
f 751/1442/756 733/1380/738 837/1443/847
f 838/1444/848 555/935/556 755/1307/760
f 838/1444/848 688/1184/688 555/935/556
f 839/1445/849 452/748/453 840/1446/850
f 839/1445/849 775/1339/782 452/748/453
f 776/1340/783 841/1447/851 328/551/329
f 842/1448/852 605/1187/606 662/1128/663
f 607/1449/608 139/852/139 823/1414/830
f 842/1450/852 606/1011/607 605/1010/606
f 717/1231/716 457/755/458 825/1417/832
f 612/1131/613 843/1451/853 398/1132/399
f 844/1452/854 760/1313/765 739/1279/744
f 665/1136/666 845/1453/855 565/950/566
f 845/1453/855 808/1394/815 565/950/566
f 737/1454/742 740/1455/745 664/1456/665
f 809/1457/816 806/1392/813 738/1278/743
f 720/1235/719 846/1458/856 828/1423/835
f 847/1459/857 741/1285/746 614/1460/615
f 742/1287/747 761/1461/766 477/875/478
f 762/1317/767 763/1351/768 848/1462/858
f 810/1396/817 829/1424/836 668/1286/669
f 849/1463/859 742/1287/747 743/1290/748
f 850/1464/860 723/1240/722 699/1201/699
f 744/1291/749 575/962/576 812/1399/819
f 723/1240/722 851/1465/861 746/1293/751
f 813/1400/820 280/472/281 704/1466/704
f 765/1320/770 584/978/585 535/1324/535
f 788/1355/795 831/1467/838 588/1325/589
f 727/1468/726 678/1212/679 852/1469/862
f 853/1470/863 793/1471/800 707/1472/707
f 832/1429/839 305/1428/306 854/1473/864
f 219/1474/219 749/1475/754 305/1428/306
f 652/1476/653 855/1477/865 820/1478/827
f 770/1328/775 856/1479/866 771/1437/844
f 752/1304/757 857/1480/867 772/1335/779
f 734/1267/739 858/1481/868 509/1268/509
f 821/1412/828 732/1265/737 859/1482/869
f 657/1379/658 837/1443/847 733/1380/738
f 822/1413/829 753/1483/758 598/1123/599
f 860/1484/870 773/1336/780 689/1337/689
f 751/1485/756 861/1486/871 774/1487/781
f 838/1488/848 801/1489/808 688/1490/688
f 862/1491/872 689/1185/689 556/937/557
f 603/1008/604 863/1492/873 716/1230/715
f 716/1230/715 863/1492/873 755/1493/760
f 556/937/557 756/1309/761 864/1494/874
f 328/1186/329 841/1495/851 757/1310/762
f 842/1450/852 777/1341/784 606/1011/607
f 826/1418/833 785/1349/792 865/1496/875
f 561/1021/562 805/1390/812 866/1497/876
f 805/1390/812 804/1389/811 866/1497/876
f 760/1313/765 844/1452/854 867/1498/877
f 719/1234/718 868/1499/878 665/1136/666
f 807/1393/814 808/1394/815 845/1453/855
f 737/1500/742 807/1501/814 845/1502/855
f 720/1315/719 666/1137/667 846/1503/856
f 762/1317/767 848/1462/858 666/1137/667
f 722/1239/721 745/1292/750 763/1318/768
f 744/1291/749 849/1463/859 743/1290/748
f 764/1319/769 869/1504/879 747/1294/752
f 813/1400/820 870/1505/880 577/964/578
f 671/1144/672 527/1202/527 871/1506/881
f 830/1426/837 872/1507/882 766/1321/771
f 873/1508/883 676/1159/677 766/1321/771
f 535/1509/535 636/1510/637 874/1511/884
f 676/1159/677 873/1508/883 875/1512/885
f 875/1512/885 789/1513/796 676/1159/677
f 680/1514/681 876/1515/886 636/1510/637
f 680/1514/681 791/1516/798 876/1515/886
f 707/1472/707 877/1517/887 853/1470/863
f 712/1223/711 594/993/595 817/1405/824
f 815/1403/822 878/1518/888 363/1362/364
f 704/1519/704 363/1362/364 878/1518/888
f 493/818/494 547/917/548 750/1302/755
f 795/1368/802 819/1409/826 730/1260/733
f 798/1520/805 820/1478/827 796/1521/803
f 770/1328/775 835/1435/842 879/1522/889
f 770/1328/775 879/1522/889 856/1479/866
f 834/1434/841 772/1335/779 880/1523/890
f 596/1119/597 881/1524/891 551/927/552
f 773/1525/780 882/1526/892 552/1438/553
f 772/1335/779 857/1480/867 880/1523/890
f 859/1482/869 883/1527/893 821/1412/828
f 732/1265/737 836/1440/846 859/1482/869
f 752/1304/757 715/1229/714 884/1528/894
f 34/77/34 801/1385/808 885/1529/895
f 778/1342/785 777/1341/784 886/1530/896
f 778/1342/785 886/1530/896 779/1343/786
f 783/1347/790 887/1531/897 691/1189/691
f 396/1017/397 803/1388/810 888/1532/898
f 803/1388/810 889/1533/899 888/1532/898
f 398/655/399 890/1534/900 399/656/400
f 692/1190/692 891/1535/901 803/1388/810
f 561/1021/562 866/1497/876 892/1536/902
f 739/1279/744 806/1392/813 844/1452/854
f 868/1499/878 893/1537/903 665/1136/666
f 693/1538/693 894/1539/904 895/1540/905
f 696/1425/696 896/1541/906 699/1201/699
f 764/1319/769 811/1398/818 897/1542/907
f 869/1504/879 830/1426/837 747/1294/752
f 671/1144/672 871/1506/881 245/1080/246
f 746/1293/751 898/1543/908 768/1323/773
f 899/1544/909 680/1369/681 815/1403/822
f 877/1517/887 900/1545/910 901/1546/911
f 901/1547/911 902/1548/912 790/1359/797
f 296/807/297 817/1405/824 594/993/595
f 877/1517/887 707/1472/707 900/1545/910
f 900/1549/910 645/1103/646 901/1550/911
f 902/1548/912 901/1547/911 645/1551/646
f 903/1552/913 706/1553/706 246/1554/247
f 789/1431/796 797/1373/804 648/1372/649
f 878/1518/888 815/1403/822 680/1369/681
f 904/1555/914 704/1519/704 878/1518/888
f 905/1556/915 793/1471/800 853/1470/863
f 900/1549/910 707/1216/707 645/1103/646
f 906/1557/916 652/1476/653 488/1558/489
f 856/1559/866 858/1560/868 734/1561/739
f 907/1562/917 883/1527/893 859/1482/869
f 882/1563/892 773/1336/780 860/1484/870
f 857/1480/867 908/1564/918 880/1523/890
f 880/1523/890 908/1564/918 909/1565/919
f 907/1562/917 859/1482/869 836/1440/846
f 910/1566/920 837/1443/847 657/1379/658
f 884/1567/894 715/1568/714 911/1569/921
f 753/1305/758 840/1446/850 452/748/453
f 912/1570/922 603/1008/604 754/1306/759
f 913/1571/923 596/996/597 717/1386/716
f 914/1572/924 34/77/34 885/1529/895
f 915/1573/925 511/1574/511 34/1575/34
f 916/1576/926 782/1346/789 826/1418/833
f 916/1576/926 917/1577/927 782/1346/789
f 918/1578/928 780/1344/787 782/1346/789
f 891/1535/901 692/1190/692 919/1579/929
f 692/1580/692 561/1021/562 892/1536/902
f 827/1420/834 920/1581/930 270/1421/271
f 921/1582/931 829/1424/836 810/1396/817
f 896/1583/906 696/1289/696 829/1424/836
f 922/1584/932 723/1240/722 850/1464/860
f 849/1463/859 744/1291/749 923/1585/933
f 812/1399/819 700/1241/700 924/1586/934
f 617/1034/618 765/1320/770 925/1587/935
f 700/1203/700 675/1154/676 926/1588/936
f 898/1589/908 927/1590/937 768/1353/773
f 927/1590/937 787/1354/794 768/1353/773
f 813/1591/820 704/1592/704 928/1593/938
f 929/1594/939 675/1154/676 701/1205/701
f 874/1595/884 765/1320/770 535/1324/535
f 930/1596/940 901/1546/911 790/1597/797
f 930/1596/940 877/1517/887 901/1546/911
f 791/1516/798 680/1514/681 899/1598/909
f 791/1361/798 899/1544/909 815/1403/822
f 706/1553/706 931/1599/941 819/1600/826
f 796/1521/803 820/1478/827 855/1477/865
f 856/1479/866 734/1601/739 771/1437/844
f 797/1602/804 932/1603/942 657/1604/658
f 834/1434/841 880/1523/890 909/1565/919
f 932/1603/942 933/1605/943 657/1604/658
f 883/1527/893 822/1413/829 821/1412/828
f 934/1606/944 509/1607/509 858/1560/868
f 822/1413/829 935/1608/945 753/1483/758
f 657/1604/658 933/1605/943 910/1609/920
f 751/1610/756 837/1611/847 910/1612/920
f 751/1610/756 910/1612/920 861/1613/871
f 885/1614/895 801/1489/808 838/1488/848
f 936/1615/946 842/1616/852 662/1617/663
f 912/1570/922 863/1492/873 603/1008/604
f 937/1618/947 755/1619/760 938/1620/948
f 691/1189/691 939/1621/949 612/1019/613
f 692/1190/692 940/1622/950 919/1579/929
f 866/1497/876 804/1389/811 941/1623/951
f 804/1389/811 736/1275/741 941/1623/951
f 845/1502/855 942/1624/952 737/1500/742
f 693/1538/693 943/1625/953 894/1539/904
f 693/1193/693 761/1316/766 943/1626/953
f 614/1460/615 693/1538/693 847/1459/857
f 786/1350/793 828/1423/835 811/1397/818
f 741/1285/746 921/1582/931 810/1396/817
f 896/1541/906 850/1464/860 699/1201/699
f 744/1291/749 812/1399/819 924/1586/934
f 870/1505/880 814/1401/821 577/964/578
f 851/1465/861 898/1543/908 746/1293/751
f 813/1400/820 928/1627/938 870/1505/880
f 944/1628/954 945/1629/955 946/1630/956
f 947/1631/957 948/1632/958 944/1633/954
f 944/1633/954 948/1632/958 945/1634/955
f 872/1507/882 873/1508/883 766/1321/771
f 814/1635/821 949/1636/959 728/1637/727
f 675/1154/676 929/1594/939 926/1588/936
f 765/1320/770 874/1595/884 950/1638/960
f 527/1639/527 247/1430/248 832/1429/839
f 636/1510/637 951/1640/961 874/1511/884
f 636/1510/637 876/1515/886 951/1640/961
f 930/1596/940 790/1597/797 831/1641/838
f 902/1548/912 952/1642/962 790/1359/797
f 790/1359/797 952/1642/962 792/1363/799
f 437/823/438 817/1405/824 592/1643/593
f 705/1300/705 730/1299/733 953/1644/963
f 954/1645/964 878/1518/888 680/1369/681
f 488/1558/489 955/1646/965 906/1557/916
f 546/915/546 818/1406/825 645/1103/646
f 680/1369/681 796/1371/803 954/1645/964
f 748/1407/753 956/1647/966 818/1406/825
f 730/1299/733 819/1600/826 953/1644/963
f 834/1648/841 909/1649/919 957/1650/967
f 797/1602/804 958/1651/968 932/1603/942
f 596/1119/597 913/1652/923 881/1524/891
f 552/1438/553 882/1526/892 835/1435/842
f 909/1649/919 908/1653/918 959/1654/969
f 883/1527/893 935/1608/945 822/1413/829
f 752/1304/757 884/1528/894 857/1480/867
f 908/1655/918 857/1656/867 960/1657/970
f 509/1658/509 934/1659/944 961/1660/971
f 861/1613/871 910/1612/920 962/1661/972
f 962/1662/972 774/1487/781 861/1486/871
f 774/1487/781 963/1663/973 754/1664/759
f 839/1445/849 840/1446/850 775/1339/782
f 754/1664/759 964/1665/974 912/1666/922
f 757/1310/762 965/1667/975 756/1309/761
f 841/1495/851 966/1668/976 757/1310/762
f 34/77/34 914/1572/924 915/1669/925
f 917/1577/927 918/1578/928 782/1346/789
f 780/1344/787 967/1670/977 784/1348/791
f 665/1136/666 893/1537/903 845/1453/855
f 845/1502/855 893/1671/903 942/1624/952
f 809/1457/816 968/1672/978 806/1392/813
f 737/1673/742 969/1674/979 740/1675/745
f 846/1503/856 666/1137/667 970/1676/980
f 741/1285/746 971/1677/981 921/1582/931
f 741/1285/746 847/1459/857 971/1677/981
f 761/1461/766 742/1287/747 972/1678/982
f 973/1679/983 896/1583/906 829/1424/836
f 745/1292/750 974/1680/984 763/1318/768
f 744/1291/749 924/1586/934 923/1585/933
f 723/1240/722 922/1584/932 851/1465/861
f 944/1633/954 975/1681/985 947/1631/957
f 245/1080/246 871/1506/881 635/1081/636
f 898/1589/908 976/1682/986 927/1590/937
f 945/1683/955 977/1684/987 946/1685/956
f 948/1632/958 947/1631/957 978/1686/988
f 946/1685/956 977/1684/987 979/1687/989
f 831/1641/838 980/1688/990 930/1596/940
f 678/1212/679 705/1214/705 852/1469/862
f 981/1689/991 797/1690/804 982/1691/992
f 749/1475/754 854/1473/864 305/1428/306
f 645/1551/646 818/1692/825 983/1693/993
f 984/1694/994 956/1695/966 748/1696/753
f 985/1697/995 879/1698/889 835/1699/842
f 985/1697/995 856/1559/866 879/1698/889
f 986/1700/996 935/1608/945 883/1527/893
f 986/1700/996 883/1527/893 907/1562/917
f 957/1650/967 909/1649/919 959/1654/969
f 884/1567/894 987/1701/997 857/1656/867
f 987/1701/997 960/1657/970 857/1656/867
f 988/1702/998 908/1655/918 960/1657/970
f 989/1703/999 962/1661/972 910/1612/920
f 554/933/555 936/1704/946 662/1128/663
f 961/1705/971 823/1414/830 509/851/509
f 990/1706/1000 556/937/557 991/1707/1001
f 991/1707/1001 556/937/557 864/1494/874
f 838/1488/848 755/1708/760 937/1709/947
f 916/1576/926 826/1418/833 992/1710/1002
f 886/1530/896 993/1711/1003 779/1343/786
f 918/1578/928 994/1712/1004 780/1344/787
f 865/1496/875 785/1349/792 995/1713/1005
f 995/1713/1005 785/1349/792 784/1348/791
f 995/1713/1005 784/1348/791 996/1714/1006
f 967/1670/977 996/1714/1006 784/1348/791
f 890/1715/900 398/1132/399 843/1451/853
f 997/1716/1007 891/1535/901 919/1579/929
f 940/1717/950 692/1580/692 998/1718/1008
f 692/1580/692 892/1536/902 998/1718/1008
f 736/1391/741 760/1313/765 867/1498/877
f 844/1452/854 806/1392/813 999/1719/1009
f 1000/1720/1010 737/1721/742 1001/1722/1011
f 1000/1720/1010 969/1723/979 737/1721/742
f 828/1423/835 846/1458/856 1002/1724/1012
f 1002/1725/1012 846/1503/856 970/1676/980
f 1003/1726/1013 1004/1727/1014 666/1137/667
f 1005/1728/1015 693/1538/693 895/1540/905
f 847/1459/857 693/1538/693 1005/1728/1015
f 1006/1729/1016 1007/1730/1017 828/1423/835
f 1008/1731/1018 811/1397/818 828/1423/835
f 972/1678/982 742/1287/747 1009/1732/1019
f 1009/1732/1019 742/1287/747 849/1463/859
f 848/1462/858 763/1351/768 1010/1733/1020
f 1010/1733/1020 763/1351/768 974/1734/984
f 973/1679/983 829/1424/836 921/1582/931
f 1011/1735/1021 897/1736/907 811/1397/818
f 1012/1737/1022 745/1292/750 698/1200/698
f 897/1542/907 869/1504/879 764/1319/769
f 698/1200/698 617/1034/618 1012/1737/1022
f 976/1738/986 851/1465/861 922/1584/932
f 1013/1739/1023 944/1628/954 946/1630/956
f 978/1686/988 947/1631/957 1014/1740/1024
f 765/1320/770 950/1638/960 925/1587/935
f 1015/1741/1025 1016/1742/1026 1017/1743/1027
f 1018/1744/1028 950/1638/960 874/1595/884
f 1015/1741/1025 1017/1743/1027 1019/1745/1029
f 1020/1746/1030 979/1747/989 977/1748/987
f 979/1747/989 1020/1746/1030 1021/1749/1031
f 1022/1750/1032 1023/1751/1033 1024/1752/1034
f 873/1508/883 1025/1753/1035 875/1512/885
f 1026/1754/1036 1020/1746/1030 977/1748/987
f 1024/1752/1034 1023/1751/1033 1027/1755/1037
f 1020/1746/1030 1026/1754/1036 1021/1749/1031
f 1023/1756/1033 1028/1757/1038 1027/1758/1037
f 852/1759/862 705/1300/705 1029/1760/1039
f 704/1519/704 904/1555/914 1030/1761/1040
f 1031/1762/1041 853/1763/863 877/1764/887
f 982/1691/992 797/1690/804 789/1765/796
f 952/1642/962 1032/1766/1042 792/1363/799
f 1032/1766/1042 748/1297/753 792/1363/799
f 1032/1766/1042 984/1767/994 748/1297/753
f 1033/1768/1043 491/1769/492 592/1643/593
f 645/1551/646 983/1693/993 902/1548/912
f 195/1770/195 834/1771/841 1034/1772/1044
f 818/1692/825 956/1773/966 983/1693/993
f 953/1644/963 819/1600/826 1035/1774/1045
f 819/1600/826 931/1599/941 1035/1774/1045
f 903/1552/913 931/1599/941 706/1553/706
f 981/1689/991 958/1775/968 797/1690/804
f 186/903/186 713/1224/712 799/1376/806
f 834/1648/841 957/1650/967 1036/1776/1046
f 881/1524/891 913/1652/923 551/927/552
f 959/1654/969 908/1653/918 1037/1777/1047
f 554/932/555 231/394/231 1038/1778/1048
f 1039/1779/1049 1040/1780/1050 933/1605/943
f 933/1605/943 1040/1780/1050 910/1609/920
f 1040/1781/1050 989/1703/999 910/1612/920
f 989/1782/999 774/1487/781 962/1662/972
f 1041/1783/1051 885/1614/895 838/1488/848
f 937/1618/947 938/1620/948 1042/1784/1052
f 754/1664/759 1043/1785/1053 964/1665/974
f 912/1786/922 1044/1787/1054 863/1788/873
f 911/1569/921 715/1568/714 1045/1789/1055
f 755/1790/760 863/1791/873 938/1792/948
f 1046/1793/1056 841/1447/851 776/1340/783
f 394/1416/395 607/1013/608 1047/1794/1057
f 783/1347/790 1048/1795/1058 887/1531/897
f 803/1388/810 891/1535/901 997/1716/1007
f 890/1796/900 827/1797/834 399/1798/400
f 892/1536/902 866/1497/876 941/1623/951
f 844/1452/854 999/1719/1009 867/1498/877
f 942/1624/952 1049/1799/1059 737/1500/742
f 666/1137/667 1004/1727/1014 970/1676/980
f 828/1423/835 1050/1800/1060 1006/1729/1016
f 666/1137/667 848/1462/858 1003/1726/1013
f 943/1625/953 761/1801/766 1051/1802/1061
f 761/1803/766 972/1804/982 1051/1805/1061
f 828/1423/835 1007/1730/1017 1008/1731/1018
f 848/1462/858 1010/1733/1020 1003/1726/1013
f 1008/1731/1018 1011/1735/1021 811/1397/818
f 896/1583/906 973/1679/983 850/1806/860
f 745/1292/750 1012/1737/1022 974/1680/984
f 924/1586/934 1052/1807/1062 923/1585/933
f 976/1738/986 898/1543/908 851/1465/861
f 870/1505/880 928/1627/938 814/1401/821
f 944/1633/954 1013/1808/1023 975/1681/985
f 947/1631/957 975/1681/985 1014/1740/1024
f 700/1203/700 926/1588/936 1053/1809/1063
f 872/1507/882 830/1426/837 1054/1810/1064
f 946/1811/956 1055/1812/1065 1013/1808/1023
f 1015/1813/1025 1022/1750/1032 1056/1814/1066
f 1015/1813/1025 1057/1815/1067 1022/1750/1032
f 1057/1816/1067 1015/1817/1025 1058/1818/1068
f 948/1819/958 1059/1820/1069 945/1683/955
f 948/1819/958 1060/1821/1070 1059/1820/1069
f 926/1588/936 929/1594/939 1053/1809/1063
f 945/1683/955 1061/1822/1071 977/1684/987
f 1057/1815/1067 1062/1823/1072 1022/1750/1032
f 946/1811/956 979/1824/989 1055/1812/1065
f 1015/1817/1025 1019/1825/1029 1058/1818/1068
f 1016/1742/1026 1063/1826/1073 1017/1743/1027
f 978/1827/988 1064/1828/1074 948/1829/958
f 1065/1830/1075 788/1355/795 787/1354/794
f 979/1747/989 1021/1749/1031 1066/1831/1076
f 788/1355/795 1067/1832/1077 831/1467/838
f 1022/1750/1032 1062/1823/1072 1023/1751/1033
f 1019/1833/1029 1068/1834/1078 1069/1835/1079
f 1019/1833/1029 1017/1836/1027 1068/1834/1078
f 1024/1752/1034 1027/1755/1037 1070/1837/1080
f 1025/1753/1035 982/1838/992 875/1512/885
f 875/1839/885 982/1840/992 789/1841/796
f 728/1637/727 949/1636/959 791/1516/798
f 1026/1754/1036 1071/1842/1081 1021/1749/1031
f 1072/1843/1082 1027/1758/1037 1028/1757/1038
f 1073/1844/1083 1074/1845/1084 1023/1751/1033
f 1023/1846/1033 1074/1847/1084 1028/1848/1038
f 1074/1849/1084 1075/1850/1085 1028/1851/1038
f 1076/1852/1086 793/1366/800 905/1853/915
f 1077/1854/1087 1078/1855/1088 749/1475/754
f 705/1300/705 953/1644/963 1079/1856/1089
f 1078/1855/1088 854/1473/864 749/1475/754
f 491/821/492 1080/1857/1090 833/1433/840
f 491/1769/492 1033/1768/1043 1080/1858/1090
f 195/1859/195 1081/1860/1091 769/1861/774
f 494/921/547 794/1862/801 750/1302/755
f 1028/1851/1038 1082/1863/1092 1083/1864/1093
f 1075/1850/1085 1082/1863/1092 1028/1851/1038
f 981/1689/991 1084/1865/1094 958/1775/968
f 958/1866/968 959/1654/969 1085/1867/1095
f 959/1654/969 1037/1777/1047 1085/1867/1095
f 958/1651/968 1085/1868/1095 932/1603/942
f 935/1608/945 1086/1869/1096 1087/1870/1097
f 908/1655/918 988/1702/998 1037/1871/1047
f 987/1701/997 884/1567/894 911/1569/921
f 987/1701/997 911/1569/921 960/1657/970
f 911/1569/921 988/1702/998 960/1657/970
f 935/1608/945 1087/1870/1097 753/1483/758
f 860/1484/870 689/1337/689 1088/1872/1098
f 753/1305/758 1087/1873/1097 840/1446/850
f 556/937/557 990/1706/1000 862/1491/872
f 1041/1783/1051 1089/1874/1099 885/1614/895
f 774/1487/781 989/1782/999 963/1663/973
f 775/1339/782 840/1446/850 1090/1875/1100
f 963/1663/973 1043/1785/1053 754/1664/759
f 775/1339/782 1046/1793/1056 776/1340/783
f 864/1494/874 756/1309/761 991/1707/1001
f 936/1615/946 777/1876/784 842/1616/852
f 826/1418/833 1091/1877/1101 992/1710/1002
f 758/1311/763 759/1312/764 1092/1878/1102
f 779/1343/786 993/1711/1003 783/1347/790
f 691/1189/691 887/1531/897 939/1621/949
f 919/1579/929 940/1622/950 997/1716/1007
f 892/1536/902 941/1623/951 998/1718/1008
f 941/1623/951 736/1275/741 1093/1879/1103
f 920/1880/930 1094/1881/1104 270/1025/271
f 719/1234/718 270/1025/271 1094/1881/1104
f 737/1721/742 1049/1882/1059 1001/1722/1011
f 809/1457/816 1095/1883/1105 968/1672/978
f 1096/1884/1106 921/1582/931 971/1677/981
f 1097/1885/1107 849/1463/859 923/1585/933
f 973/1886/983 922/1584/932 850/1464/860
f 1097/1885/1107 923/1585/933 1052/1807/1062
f 1012/1737/1022 617/1034/618 1098/1887/1108
f 1052/1807/1062 924/1586/934 1099/1888/1109
f 700/1241/700 1099/1888/1109 924/1586/934
f 1054/1810/1064 830/1426/837 869/1504/879
f 1015/1889/1025 1063/1890/1073 1016/1891/1026
f 1018/1744/1028 925/1587/935 950/1638/960
f 1065/1830/1075 787/1354/794 927/1590/937
f 1100/1892/1110 1101/1893/1111 1102/1894/1112
f 1063/1826/1073 1103/1895/1113 1017/1743/1027
f 872/1507/882 1025/1753/1035 873/1508/883
f 1104/1896/1114 929/1594/939 701/1205/701
f 1105/1897/1115 1067/1832/1077 788/1355/795
f 1101/1893/1111 1106/1898/1116 1107/1899/1117
f 1104/1900/1114 701/1901/701 727/1902/726
f 1108/1903/1118 1023/1751/1033 1062/1823/1072
f 1067/1832/1077 980/1904/990 831/1467/838
f 727/1905/726 852/1906/862 1109/1907/1119
f 1110/1908/1120 1111/1909/1121 1112/1910/1122
f 1070/1911/1080 1027/1912/1037 1072/1913/1082
f 1110/1914/1120 1113/1915/1123 1111/1916/1121
f 949/1636/959 876/1515/886 791/1516/798
f 1017/1836/1027 1103/1917/1113 1068/1834/1078
f 1021/1749/1031 1071/1842/1081 1114/1918/1124
f 1115/1919/1125 1116/1920/1126 1026/1754/1036
f 1117/1921/1127 877/1922/887 930/1923/940
f 1068/1834/1078 1118/1924/1128 1119/1925/1129
f 1026/1754/1036 1116/1920/1126 1071/1842/1081
f 1103/1917/1113 1118/1924/1128 1068/1834/1078
f 1113/1926/1123 1116/1927/1126 1115/1928/1125
f 1119/1929/1129 1118/1930/1128 1075/1850/1085
f 1079/1856/1089 1029/1760/1039 705/1300/705
f 1113/1931/1123 1120/1932/1130 1116/1933/1126
f 1121/1934/1131 877/1764/887 1122/1935/1132
f 1122/1935/1132 877/1764/887 1123/1936/1133
f 1076/1852/1086 905/1853/915 853/1763/863
f 1124/1937/1134 1077/1854/1087 749/1475/754
f 1124/1938/1134 749/1939/754 833/1940/840
f 833/1940/840 1125/1941/1135 1124/1938/1134
f 1033/1768/1043 592/1643/593 817/1405/824
f 902/1548/912 983/1693/993 952/1642/962
f 1118/1930/1128 1082/1863/1092 1075/1850/1085
f 1076/1852/1086 794/1367/801 793/1366/800
f 954/1942/964 796/1943/803 1126/1944/1136
f 1086/1869/1096 956/1695/966 984/1694/994
f 1028/1851/1038 1083/1864/1093 1072/1945/1082
f 1126/1944/1136 796/1943/803 855/1946/865
f 1127/1947/1137 1082/1863/1092 1118/1930/1128
f 1128/1948/1138 958/1775/968 1084/1865/1094
f 1128/1949/1138 959/1654/969 958/1866/968
f 956/1695/966 1086/1869/1096 986/1700/996
f 986/1700/996 1086/1869/1096 935/1608/945
f 1036/1776/1046 957/1650/967 1129/1950/1139
f 986/1951/996 907/1952/917 1130/1953/1140
f 1131/1954/1141 1037/1871/1047 988/1702/998
f 932/1603/942 1039/1779/1049 933/1605/943
f 907/1952/917 836/1955/846 1132/1956/1142
f 1133/1957/1143 1039/1779/1049 932/1603/942
f 1134/1958/1144 554/1959/555 1038/1960/1048
f 1131/1954/1141 988/1702/998 911/1569/921
f 689/1185/689 862/1491/872 990/1706/1000
f 1090/1875/1100 1046/1793/1056 775/1339/782
f 1135/1961/1145 757/1962/762 966/1963/976
f 965/1667/975 1136/1964/1146 756/1309/761
f 938/1620/948 863/1788/873 1044/1787/1054
f 1137/1965/1147 841/1447/851 1046/1793/1056
f 1137/1966/1147 966/1963/976 841/1967/851
f 717/1231/716 1138/1968/1148 913/1969/923
f 715/1970/714 718/1971/717 758/1972/763
f 1139/1973/1149 825/1417/832 1140/1974/1150
f 511/859/511 1141/1975/1151 802/1387/809
f 825/1417/832 690/1188/690 1140/1974/1150
f 1091/1877/1101 865/1496/875 995/1713/1005
f 690/1188/690 396/648/397 888/1976/898
f 1142/1977/1152 940/1717/950 998/1718/1008
f 998/1718/1008 941/1623/951 1143/1978/1153
f 1093/1879/1103 736/1275/741 867/1979/877
f 1094/1881/1104 868/1499/878 719/1234/718
f 999/1719/1009 806/1392/813 968/1672/978
f 1144/1980/1154 1000/1720/1010 1001/1722/1011
f 1145/1981/1155 809/1395/816 740/1282/745
f 1002/1724/1012 1050/1800/1060 828/1423/835
f 894/1539/904 943/1625/953 1051/1802/1061
f 1002/1725/1012 970/1676/980 1146/1982/1156
f 1006/1729/1016 1050/1800/1060 1147/1983/1157
f 1096/1884/1106 971/1677/981 847/1459/857
f 1148/1984/1158 869/1504/879 897/1542/907
f 1098/1887/1108 617/1034/618 1149/1985/1159
f 1150/1986/1160 1014/1740/1024 975/1681/985
f 617/1034/618 925/1587/935 1149/1985/1159
f 1055/1812/1065 975/1681/985 1013/1808/1023
f 1063/1987/1073 1015/1813/1025 1056/1814/1066
f 1053/1988/1063 1151/1989/1161 700/1241/700
f 1014/1740/1024 1152/1990/1162 978/1686/988
f 1055/1812/1065 979/1824/989 1153/1991/1163
f 1152/1992/1162 1100/1892/1110 1102/1894/1112
f 1058/1993/1068 1154/1994/1164 1057/1995/1067
f 945/1683/955 1059/1820/1069 1061/1822/1071
f 814/1401/821 928/1627/938 949/1996/959
f 948/1829/958 1064/1828/1074 1060/1997/1070
f 1100/1892/1110 1106/1898/1116 1101/1893/1111
f 1022/1750/1032 1024/1752/1034 1070/1837/1080
f 1058/1998/1068 1019/1999/1029 1155/2000/1165
f 1065/1830/1075 1105/1897/1115 788/1355/795
f 1019/1999/1029 1069/2001/1079 1155/2000/1165
f 979/1747/989 1066/1831/1076 1153/2002/1163
f 977/1684/987 1061/1822/1071 1156/2003/1166
f 1101/1893/1111 1112/1910/1122 1102/1894/1112
f 1062/1823/1072 1157/2004/1167 1108/1903/1118
f 977/2005/987 1156/2006/1166 1026/2007/1036
f 1101/1893/1111 1107/1899/1117 1112/1910/1122
f 980/1904/990 1067/1832/1077 1158/2008/1168
f 1112/1910/1122 1111/1909/1121 1159/2009/1169
f 704/1592/704 1030/2010/1040 928/1593/938
f 1108/1903/1118 1073/1844/1083 1023/1751/1033
f 1112/1910/1122 1107/1899/1117 1110/1908/1120
f 1107/1899/1117 1106/1898/1116 1160/2011/1170
f 1066/1831/1076 1021/1749/1031 1114/1918/1124
f 982/1838/992 1025/1753/1035 1161/2012/1171
f 1109/2013/1119 852/1759/862 1029/1760/1039
f 1026/2007/1036 1162/2014/1172 1163/2015/1173
f 980/1688/990 1117/2016/1127 930/1596/940
f 1163/2017/1173 1115/2018/1125 1026/2019/1036
f 1115/2018/1125 1164/2020/1174 1113/2021/1123
f 1107/1899/1117 1113/2022/1123 1110/1908/1120
f 1106/2023/1116 1165/2024/1175 1160/2025/1170
f 951/1640/961 876/1515/886 1166/2026/1176
f 1068/1834/1078 1119/1925/1129 1167/2027/1177
f 1168/2028/1178 1114/1918/1124 1071/1842/1081
f 1074/2029/1084 1169/2030/1179 1075/2031/1085
f 1117/1921/1127 1123/2032/1133 877/1922/887
f 1075/1850/1085 1167/2033/1177 1119/1929/1129
f 1169/2034/1179 1167/2033/1177 1075/1850/1085
f 877/1764/887 1121/1934/1131 1031/1762/1041
f 1071/2035/1081 1120/2036/1130 1168/2037/1178
f 1116/1933/1126 1120/1932/1130 1071/2038/1081
f 1031/1762/1041 1076/1852/1086 853/1763/863
f 982/1691/992 1170/2039/1180 981/1689/991
f 1124/1937/1134 1078/1855/1088 1077/1854/1087
f 1160/2025/1170 1171/2040/1181 1120/1932/1130
f 832/1429/839 854/1473/864 1172/2041/1182
f 854/1473/864 1078/1855/1088 1172/2041/1182
f 816/1404/823 493/815/494 1173/2042/1183
f 952/1642/962 983/1693/993 1174/2043/1184
f 652/1476/653 906/1557/916 855/1477/865
f 985/1697/995 1035/1774/1045 858/1560/868
f 1082/1863/1092 1127/1947/1137 1083/1864/1093
f 1175/2044/1185 835/1699/842 882/2045/892
f 985/1697/995 858/1560/868 856/1559/866
f 959/1654/969 1129/1950/1139 957/1650/967
f 1037/1871/1047 1129/2046/1139 1085/2047/1095
f 882/1563/892 860/1484/870 1088/1872/1098
f 1176/2048/1186 1133/1957/1143 932/1603/942
f 1088/2049/1098 689/1185/689 990/1706/1000
f 1039/2050/1049 1177/2051/1187 1040/1781/1050
f 1087/1873/1097 1090/1875/1100 840/1446/850
f 911/1569/921 1045/1789/1055 1131/1954/1141
f 937/1709/947 1041/1783/1051 838/1488/848
f 1135/1961/1145 965/2052/975 757/1962/762
f 1136/2053/1146 965/2052/975 1135/1961/1145
f 1044/2054/1054 912/1666/922 964/1665/974
f 991/1707/1001 756/1309/761 1136/1964/1146
f 936/2055/946 886/1530/896 777/1341/784
f 916/1576/926 1178/2056/1188 917/1577/927
f 916/1576/926 992/1710/1002 1178/2056/1188
f 824/1415/831 394/645/395 1047/2057/1057
f 1138/1968/1148 717/1231/716 1139/1973/1149
f 717/1231/716 825/1417/832 1139/1973/1149
f 915/2058/925 1141/2059/1151 511/2060/511
f 993/1711/1003 1048/1795/1058 783/1347/790
f 997/1716/1007 1142/2061/1152 803/1388/810
f 997/1716/1007 940/1622/950 1142/2061/1152
f 941/1623/951 1093/1879/1103 1143/1978/1153
f 999/2062/1009 1179/2063/1189 867/2064/877
f 1145/1981/1155 1095/2065/1105 809/1395/816
f 895/1540/905 894/1539/904 1005/1728/1015
f 847/1459/857 1005/1728/1015 1096/1884/1106
f 1002/1724/1012 1147/1983/1157 1050/1800/1060
f 1004/1727/1014 1180/2066/1190 970/1676/980
f 1004/1727/1014 1003/1726/1013 1180/2066/1190
f 1010/1733/1020 1180/2066/1190 1003/1726/1013
f 1009/1732/1019 1181/2067/1191 972/1678/982
f 921/1582/931 1182/2068/1192 973/1679/983
f 849/1463/859 1181/2067/1191 1009/1732/1019
f 1011/1735/1021 1148/2069/1158 897/1736/907
f 1181/2067/1191 849/1463/859 1097/1885/1107
f 1052/1807/1062 1099/1888/1109 1097/1885/1107
f 869/1504/879 1148/1984/1158 1054/1810/1064
f 1152/1990/1162 1150/1986/1160 1183/2070/1193
f 1150/1986/1160 975/1681/985 1183/2070/1193
f 1150/1986/1160 1152/1990/1162 1014/1740/1024
f 1099/1888/1109 700/1241/700 1151/1989/1161
f 1055/1812/1065 1183/2070/1193 975/1681/985
f 1183/2070/1193 1055/1812/1065 1153/1991/1163
f 925/1587/935 1184/2071/1194 1149/1985/1159
f 1181/2072/1191 1103/2073/1113 1063/2074/1073
f 871/2075/881 527/2076/527 635/2077/636
f 976/1682/986 1185/2078/1195 927/1590/937
f 1060/1821/1070 1186/2079/1196 1059/1820/1069
f 927/1590/937 1185/2078/1195 1065/1830/1075
f 1022/1750/1032 1070/1837/1080 1056/1814/1066
f 925/1587/935 1018/1744/1028 1184/2071/1194
f 1057/1995/1067 1157/2080/1167 1062/2081/1072
f 1053/2082/1063 1187/2083/1197 1151/2084/1161
f 1060/1997/1070 1064/1828/1074 1188/2085/1198
f 1152/1992/1162 1159/2009/1169 978/1827/988
f 1152/1992/1162 1102/1894/1112 1159/2009/1169
f 929/2086/939 1187/2083/1197 1053/2082/1063
f 978/1827/988 1159/2009/1169 1064/1828/1074
f 1103/2073/1113 1181/2072/1191 1187/2087/1197
f 872/1507/882 1054/1810/1064 1025/1753/1035
f 1188/2085/1198 1064/1828/1074 1189/2088/1199
f 929/2086/939 1104/1900/1114 1187/2083/1197
f 1064/1828/1074 1159/2009/1169 1189/2088/1199
f 1112/1910/1122 1159/2009/1169 1102/1894/1112
f 1104/1900/1114 727/1902/726 1190/2089/1200
f 727/1905/726 1109/1907/1119 1190/2090/1200
f 1066/1831/1076 1114/1918/1124 1191/2091/1201
f 1113/2021/1123 1164/2020/1174 1159/2009/1169
f 1111/1909/1121 1113/2021/1123 1159/2009/1169
f 1068/1834/1078 1192/2092/1202 1193/2093/1203
f 1167/2027/1177 1192/2092/1202 1068/1834/1078
f 1114/2094/1124 1168/2095/1178 1194/2096/1204
f 1168/2095/1178 1195/2097/1205 1194/2096/1204
f 1160/2025/1170 1120/1932/1130 1107/2098/1117
f 1103/2073/1113 1187/2087/1197 1118/2099/1128
f 1029/1760/1039 1196/2100/1206 1109/2013/1119
f 1029/1760/1039 1079/1856/1089 1196/2100/1206
f 1107/2098/1117 1120/1932/1130 1113/1931/1123
f 1166/2026/1176 1197/2101/1207 1165/2102/1175
f 1165/2024/1175 1171/2040/1181 1160/2025/1170
f 1166/2026/1176 1198/2103/1208 1197/2101/1207
f 1078/1855/1088 1124/1937/1134 1172/2041/1182
f 1199/2104/1209 1168/2105/1178 1200/2106/1210
f 488/809/489 729/1252/728 955/2107/965
f 1079/1856/1089 953/1644/963 1201/2108/1211
f 769/1326/774 125/210/125 438/719/439
f 1200/2109/1210 1168/2110/1178 1171/2111/1181
f 1168/2112/1178 1120/1932/1130 1171/2040/1181
f 493/815/494 750/2113/755 1173/2042/1183
f 769/1326/774 1081/2114/1091 125/210/125
f 984/1694/994 1032/2115/1042 1086/1869/1096
f 953/1644/963 1035/1774/1045 1201/2108/1211
f 1084/1865/1094 1170/2039/1180 1128/1948/1138
f 1086/1869/1096 1032/2115/1042 1202/2116/1212
f 1035/1774/1045 931/1599/941 858/1560/868
f 931/1599/941 903/1552/913 858/1560/868
f 1035/1774/1045 985/1697/995 1203/2117/1213
f 1128/1949/1138 1129/1950/1139 959/1654/969
f 1203/2117/1213 835/1699/842 1175/2044/1185
f 985/1697/995 835/1699/842 1203/2117/1213
f 1072/2118/1082 1083/2119/1093 1204/2120/1214
f 1202/2116/1212 1205/2121/1215 1086/1869/1096
f 1205/2121/1215 1087/1870/1097 1086/1869/1096
f 1037/1871/1047 1131/1954/1141 1129/2046/1139
f 932/1603/942 1085/1868/1095 1176/2048/1186
f 1205/2122/1215 1090/1875/1100 1087/1873/1097
f 1133/2123/1143 1177/2051/1187 1039/2050/1049
f 1205/2122/1215 1046/1793/1056 1090/1875/1100
f 991/2124/1001 1136/2053/1146 1206/2125/1216
f 991/1707/1001 1206/2126/1216 990/1706/1000
f 1044/1787/1054 1207/2127/1217 1208/2128/1218
f 1046/1793/1056 1205/2122/1215 1137/1965/1147
f 938/1620/948 1208/2128/1218 1042/1784/1052
f 1044/1787/1054 1208/2128/1218 938/1620/948
f 1135/1961/1145 966/1963/976 1137/1966/1147
f 886/1530/896 1209/2129/1219 993/1711/1003
f 826/1418/833 865/1496/875 1091/1877/1101
f 690/1188/690 888/1976/898 1140/1974/1150
f 969/1674/979 1210/2130/1220 740/1675/745
f 1002/1724/1012 1146/2131/1156 1147/1983/1157
f 894/1539/904 1096/1884/1106 1005/1728/1015
f 1006/1729/1016 1147/1983/1157 1007/1730/1017
f 970/2132/980 1147/1983/1157 1146/2131/1156
f 970/1676/980 1180/2066/1190 1147/2133/1157
f 1147/1983/1157 1008/1731/1018 1007/1730/1017
f 921/1582/931 1096/1884/1106 1182/2068/1192
f 1010/1733/1020 974/1734/984 1180/2066/1190
f 1008/1731/1018 1148/2069/1158 1011/1735/1021
f 1012/2134/1022 1180/2066/1190 974/1734/984
f 1097/1885/1107 1099/1888/1109 1181/2067/1191
f 1148/1984/1158 1008/2135/1018 1054/1810/1064
f 1012/2136/1022 1098/2137/1108 1180/2138/1190
f 922/2139/932 973/1679/983 1182/2068/1192
f 1183/2140/1193 1147/1983/1157 1152/2141/1162
f 922/2142/932 1182/2143/1192 976/2144/986
f 1181/2145/1191 1063/2146/1073 1182/2068/1192
f 1147/1983/1157 1183/2140/1193 1153/2147/1163
f 1180/2138/1190 1100/1892/1110 1152/1992/1162
f 1182/2068/1192 1063/2146/1073 1056/2148/1066
f 1180/2138/1190 1184/2149/1194 1100/1892/1110
f 1099/1888/1109 1151/1989/1161 1181/2067/1191
f 976/2144/986 1182/2143/1192 1185/2150/1195
f 1147/1983/1157 1153/2147/1163 1054/2151/1064
f 1056/2148/1066 1070/2152/1080 1182/2068/1192
f 1184/2149/1194 1106/1898/1116 1100/1892/1110
f 1182/2153/1192 1070/1911/1080 1211/2154/1221
f 1057/1995/1067 1154/1994/1164 1157/2080/1167
f 1058/1993/1068 1155/2155/1165 1154/1994/1164
f 1151/1989/1161 1187/2156/1197 1181/2067/1191
f 1153/2157/1163 1025/1753/1035 1054/1810/1064
f 1018/1744/1028 874/1595/884 1184/2071/1194
f 874/1595/884 951/2158/961 1184/2071/1194
f 1157/2004/1167 1212/2159/1222 1108/1903/1118
f 1104/1900/1114 1190/2089/1200 1187/2083/1197
f 1067/1832/1077 1105/1897/1115 1213/2160/1223
f 527/1639/527 832/1429/839 1214/2161/1224
f 1153/2157/1163 1191/2162/1201 1025/1753/1035
f 1066/1831/1076 1191/2091/1201 1153/2002/1163
f 1156/2006/1166 1215/2163/1225 1026/2007/1036
f 1189/2088/1199 1159/2009/1169 1216/2164/1226
f 635/2165/636 903/1552/913 246/1554/247
f 1211/2154/1221 1070/1911/1080 1072/1913/1082
f 1190/2090/1200 1109/1907/1119 1187/2087/1197
f 1068/1834/1078 1193/2093/1203 1217/2166/1227
f 1109/1907/1119 1196/2167/1206 1187/2087/1197
f 1194/2096/1204 1195/2097/1205 1218/2168/1228
f 1162/2014/1172 1026/2007/1036 1219/2169/1229
f 1191/2170/1201 1114/2094/1124 1220/2171/1230
f 1220/2171/1230 1114/2094/1124 1221/2172/1231
f 1114/2094/1124 1194/2096/1204 1222/2173/1232
f 1163/2017/1173 1164/2020/1174 1115/2018/1125
f 1187/2087/1197 1223/2174/1233 1118/2099/1128
f 1114/2094/1124 1222/2173/1232 1221/2172/1231
f 1166/2026/1176 1165/2102/1175 951/1640/961
f 1195/2097/1205 1168/2095/1178 1224/2175/1234
f 1167/2027/1177 1225/2176/1235 1192/2092/1202
f 1187/2087/1197 1196/2167/1206 1223/2174/1233
f 1169/2177/1179 1225/2176/1235 1167/2027/1177
f 1211/2178/1221 1072/2118/1082 1202/2116/1212
f 1196/2100/1206 1079/1856/1089 1223/2179/1233
f 1197/2101/1207 1226/2180/1236 1165/2102/1175
f 1122/1935/1132 1227/2181/1237 1121/1934/1131
f 1123/1936/1133 1228/2182/1238 1122/1935/1132
f 1118/1930/1128 1223/2183/1233 1229/2184/1239
f 1125/2185/1135 833/1433/840 1080/1857/1090
f 981/1689/991 1170/2039/1180 1084/1865/1094
f 1171/2040/1181 1165/2024/1175 1230/2186/1240
f 1122/1935/1132 1231/2187/1241 1227/2181/1237
f 1122/1935/1132 1228/2182/1238 1231/2187/1241
f 952/1642/962 1232/2188/1242 1032/1766/1042
f 186/2189/186 799/2190/806 1233/2191/1243
f 195/1770/195 1034/1772/1044 1081/2192/1091
f 1200/2106/1210 1234/2193/1244 1199/2104/1209
f 1197/2101/1207 1235/2194/1245 1226/2180/1236
f 952/2195/962 1174/2196/1184 1232/2197/1242
f 1072/2118/1082 1204/2120/1214 1202/2116/1212
f 1118/1930/1128 1229/2184/1239 1127/1947/1137
f 1197/2101/1207 1198/2103/1208 1235/2194/1245
f 983/2198/993 956/2199/966 1174/2200/1184
f 1229/2201/1239 1223/2179/1233 1175/2044/1185
f 1223/2179/1233 1201/2108/1211 1175/2044/1185
f 1201/2108/1211 1203/2117/1213 1175/2044/1185
f 1201/2108/1211 1035/1774/1045 1203/2117/1213
f 834/2202/841 1036/2203/1046 1034/2204/1044
f 1234/2193/1244 1200/2106/1210 1236/2205/1246
f 1202/2116/1212 1204/2120/1214 1205/2121/1215
f 1175/2044/1185 882/2045/892 1229/2201/1239
f 1200/2109/1210 1171/2111/1181 1237/2206/1247
f 1200/2106/1210 1237/2207/1247 1236/2205/1246
f 882/1563/892 1088/1872/1098 1229/2208/1239
f 1085/1868/1095 1129/2209/1139 1176/2048/1186
f 1171/2040/1181 1238/2210/1248 1237/2211/1247
f 1230/2186/1240 1238/2210/1248 1171/2040/1181
f 1130/1953/1140 907/1952/917 1132/1956/1142
f 1083/1864/1093 1206/2125/1216 1204/2212/1214
f 1229/2184/1239 1206/2125/1216 1127/1947/1137
f 1036/2213/1046 1129/2046/1139 1131/1954/1141
f 1127/1947/1137 1206/2125/1216 1083/1864/1093
f 1229/2184/1239 1088/2214/1098 1206/2125/1216
f 1206/2125/1216 1205/2215/1215 1204/2212/1214
f 1238/2216/1248 1239/2217/1249 1089/1874/1099
f 990/2218/1000 1206/2125/1216 1088/2214/1098
f 1239/2217/1249 1240/2219/1250 1089/1874/1099
f 1239/2217/1249 1241/2220/1251 1240/2219/1250
f 1206/2125/1216 1135/1961/1145 1205/2215/1215
f 1238/2216/1248 1042/2221/1052 1208/2222/1218
f 1237/2223/1247 1207/2224/1217 1242/2225/1252
f 1089/1874/1099 1041/1783/1051 1238/2216/1248
f 1135/1961/1145 1206/2125/1216 1136/2053/1146
f 1134/1958/1144 936/2226/946 554/1959/555
f 1237/2227/1247 1208/2128/1218 1207/2127/1217
f 1205/2122/1215 1135/2228/1145 1137/1965/1147
f 1040/1781/1050 1243/2229/1253 989/1703/999
f 914/2230/924 885/1614/895 1089/1874/1099
f 1244/2231/1254 964/1665/974 1043/1785/1053
f 321/543/322 456/753/457 1245/2232/1255
f 936/2055/946 1209/2129/1219 886/1530/896
f 917/1577/927 1246/2233/1256 918/1578/928
f 758/2234/763 1045/2235/1055 715/2236/714
f 759/1312/764 735/1274/740 1141/1975/1151
f 780/1344/787 994/1712/1004 967/1670/977
f 893/1671/903 1247/2237/1257 942/1624/952
f 1096/1884/1106 894/1539/904 1051/1802/1061
f 1051/1802/1061 972/2238/982 1248/2239/1258
f 1051/1802/1061 1248/2239/1258 1096/1884/1106
f 1248/2239/1258 1182/2068/1192 1096/1884/1106
f 1248/2239/1258 972/2238/982 1181/2145/1191
f 1248/2239/1258 1181/2145/1191 1182/2068/1192
f 1180/2066/1190 1152/2240/1162 1147/2133/1157
f 1008/1731/1018 1147/1983/1157 1054/2151/1064
f 1180/2138/1190 1098/2137/1108 1184/2149/1194
f 1098/1887/1108 1149/1985/1159 1184/2071/1194
f 1182/2143/1192 1211/2241/1221 1185/2150/1195
f 1065/1830/1075 1185/2078/1195 1105/1897/1115
f 1185/2078/1195 1211/2242/1221 1105/1897/1115
f 1069/2001/1079 1249/2243/1259 1155/2000/1165
f 1184/2244/1194 1165/2102/1175 1106/2245/1116
f 1184/2244/1194 951/1640/961 1165/2102/1175
f 1068/1834/1078 1217/2166/1227 1069/1835/1079
f 1025/1753/1035 1191/2162/1201 1250/2246/1260
f 1026/2007/1036 1215/2163/1225 1219/2169/1229
f 1108/1903/1118 1251/2247/1261 1073/1844/1083
f 1191/2248/1201 1252/2249/1262 1250/2250/1260
f 1074/1845/1084 1073/1844/1083 1251/2247/1261
f 1251/2247/1261 1253/2251/1263 1074/1845/1084
f 1025/1753/1035 1250/2246/1260 1161/2012/1171
f 1220/2252/1230 1252/2249/1262 1191/2248/1201
f 1220/2171/1230 1194/2096/1204 1218/2168/1228
f 1219/2169/1229 1163/2015/1173 1162/2014/1172
f 1163/2017/1173 1216/2164/1226 1164/2020/1174
f 1220/2171/1230 1221/2172/1231 1254/2253/1264
f 1220/2171/1230 1254/2253/1264 1194/2096/1204
f 1222/2173/1232 1254/2253/1264 1221/2172/1231
f 1222/2173/1232 1194/2096/1204 1254/2253/1264
f 876/1515/886 1198/2103/1208 1166/2026/1176
f 1074/1845/1084 1253/2251/1263 1169/2254/1179
f 1199/2104/1209 1255/2255/1265 1224/2256/1234
f 1168/2095/1178 1199/2257/1209 1224/2175/1234
f 832/1429/839 1256/2258/1266 1214/2161/1224
f 1172/2041/1182 1256/2258/1266 832/1429/839
f 1032/2259/1042 1232/2260/1242 1202/2261/1212
f 878/1518/888 954/1645/964 904/1555/914
f 729/1252/728 1257/2262/1267 955/2107/965
f 1121/2263/1131 1227/2264/1237 1258/2265/1268
f 1079/1856/1089 1201/2108/1211 1223/2179/1233
f 1227/2264/1237 1231/2266/1241 1259/2267/1269
f 1198/2103/1208 1260/2268/1270 1235/2194/1245
f 1234/2193/1244 1261/2269/1271 1199/2104/1209
f 1255/2255/1265 1199/2104/1209 1261/2269/1271
f 1165/2024/1175 1226/2270/1236 1230/2186/1240
f 1128/1948/1138 1262/2271/1272 1129/2272/1139
f 1226/2180/1236 1235/2194/1245 1263/2273/1273
f 1234/2193/1244 1236/2205/1246 1261/2269/1271
f 934/1606/944 858/1560/868 903/1552/913
f 956/2274/966 986/1951/996 1130/1953/1140
f 1226/2270/1236 1239/2275/1249 1230/2186/1240
f 913/1652/923 799/1376/806 551/927/552
f 1264/2276/1274 1236/2205/1246 1237/2207/1247
f 1261/2269/1271 1236/2205/1246 1264/2276/1274
f 1241/2220/1251 1239/2217/1249 1226/2277/1236
f 1264/2276/1274 1237/2207/1247 1265/2278/1275
f 1230/2186/1240 1239/2275/1249 1238/2210/1248
f 1176/2048/1186 1266/2279/1276 1133/1957/1143
f 1208/2128/1218 1237/2227/1247 1238/2280/1248
f 1265/2281/1275 1237/2223/1247 1267/2282/1277
f 1267/2282/1277 1237/2223/1247 1242/2225/1252
f 1266/2279/1276 1177/2283/1187 1133/1957/1143
f 1268/2284/1278 1177/2283/1187 1266/2279/1276
f 1243/2285/1253 1177/2283/1187 1268/2284/1278
f 1238/2216/1248 1041/1783/1051 1042/2221/1052
f 914/2230/924 1089/1874/1099 1240/2219/1250
f 1243/2229/1253 1040/1781/1050 1177/2051/1187
f 937/1709/947 1042/2221/1052 1041/1783/1051
f 1242/2225/1252 1207/2224/1217 964/1665/974
f 964/1665/974 1207/2224/1217 1044/2054/1054
f 1269/2286/1279 963/2287/973 989/1703/999
f 1245/2232/1255 456/753/457 824/1415/831
f 1178/2288/1188 1246/2289/1256 917/2290/927
f 1178/2056/1188 992/1710/1002 1091/1877/1101
f 1209/2129/1219 1270/2291/1280 993/1711/1003
f 1271/2292/1281 889/1533/899 803/1388/810
f 1272/2293/1282 1154/1994/1164 1155/2155/1165
f 1157/2080/1167 1154/1994/1164 1273/2294/1283
f 527/2076/527 1274/2295/1284 635/2077/636
f 527/1639/527 1214/2161/1224 1274/2296/1284
f 1249/2297/1259 1069/1835/1079 1217/2166/1227
f 1105/1897/1115 1211/2242/1221 1213/2160/1223
f 1212/2159/1222 1251/2247/1261 1108/1903/1118
f 1275/2298/1285 980/1904/990 1158/2008/1168
f 1275/2299/1285 1117/1921/1127 980/2300/990
f 1250/2250/1260 1252/2249/1262 1276/2301/1286
f 1277/2302/1287 1252/2249/1262 1220/2252/1230
f 1218/2168/1228 1195/2097/1205 1224/2175/1234
f 1159/2009/1169 1164/2020/1174 1216/2164/1226
f 949/1636/959 1198/2103/1208 876/1515/886
f 1253/2251/1263 1278/2303/1288 1169/2254/1179
f 1211/2304/1221 1202/2305/1212 1213/2306/1223
f 1278/2303/1288 1225/2307/1235 1169/2254/1179
f 1125/2308/1135 1080/1858/1090 1279/2309/1289
f 1259/2267/1269 1231/2266/1241 1228/2310/1238
f 729/1252/728 492/813/493 816/2311/823
f 1227/2264/1237 1259/2267/1269 1258/2265/1268
f 1280/2312/1290 1235/2194/1245 1260/2268/1270
f 855/1946/865 906/2313/916 1126/1944/1136
f 1263/2273/1273 1235/2194/1245 1280/2312/1290
f 1128/1948/1138 1281/2314/1291 1262/2271/1272
f 1261/2269/1271 1282/2315/1292 1255/2255/1265
f 1263/2316/1273 1283/2317/1293 1226/2277/1236
f 1226/2277/1236 1283/2317/1293 1241/2220/1251
f 1264/2276/1274 1265/2278/1275 1261/2269/1271
f 1176/2048/1186 1268/2284/1278 1266/2279/1276
f 1267/2282/1277 1242/2225/1252 964/1665/974
f 1243/2229/1253 1269/2286/1279 989/1703/999
f 1134/1958/1144 1284/2318/1294 936/2226/946
f 1285/2319/1295 1286/2320/1296 1287/2321/1297
f 759/1312/764 1141/1975/1151 1092/1878/1102
f 1141/1975/1151 735/1274/740 802/1387/809
f 996/2322/1006 1288/2323/1298 1289/2324/1299
f 996/2322/1006 967/2325/977 1288/2323/1298
f 1271/2292/1281 803/1388/810 1142/2061/1152
f 1143/1978/1153 1093/1879/1103 998/1718/1008
f 1094/1881/1104 1290/2326/1300 868/1499/878
f 868/1499/878 1291/2327/1301 893/1537/903
f 969/1674/979 1292/2328/1302 1210/2130/1220
f 1272/2293/1282 1293/2329/1303 1154/1994/1164
f 1293/2329/1303 1273/2294/1283 1154/1994/1164
f 1157/2080/1167 1273/2294/1283 1294/2330/1304
f 1155/2155/1165 1249/2331/1259 1295/2332/1305
f 1157/2004/1167 1294/2333/1304 1212/2159/1222
f 635/2077/636 1274/2295/1284 903/2334/913
f 1220/2252/1230 1296/2335/1306 1277/2302/1287
f 1220/2252/1230 1218/2336/1228 1296/2335/1306
f 1219/2337/1229 1297/2338/1307 1163/2017/1173
f 1213/2339/1223 1202/2340/1212 1298/2341/1308
f 186/308/186 1299/2342/1309 296/493/297
f 1300/2343/1310 1301/2344/1311 1302/2345/1312
f 1125/1941/1135 1303/2346/1313 1124/1938/1134
f 1031/2347/1041 1121/2263/1131 1304/2348/1314
f 1300/2343/1310 1257/2262/1267 1301/2344/1311
f 1301/2344/1311 1257/2262/1267 729/1252/728
f 1121/2263/1131 1258/2265/1268 1304/2348/1314
f 1300/2343/1310 955/2107/965 1257/2262/1267
f 1080/1858/1090 1033/1768/1043 1279/2309/1289
f 1305/2349/1315 1306/2350/1316 816/1404/823
f 903/2351/913 1214/2161/1224 1256/2258/1266
f 1170/2039/1180 1281/2314/1291 1128/1948/1138
f 1258/2265/1268 1259/2267/1269 1304/2348/1314
f 904/2352/914 954/2353/964 1307/2354/1317
f 1256/2258/1266 934/2355/944 903/2351/913
f 1126/1944/1136 1308/2356/1318 1260/2357/1270
f 1126/1944/1136 1309/2358/1319 1308/2356/1318
f 1036/2213/1046 1045/1789/1055 1310/2359/1320
f 1129/2209/1139 1262/2360/1272 1176/2048/1186
f 1262/2360/1272 1268/2284/1278 1176/2048/1186
f 1282/2315/1292 1261/2269/1271 1311/2361/1321
f 1261/2269/1271 1265/2278/1275 1311/2361/1321
f 231/2362/231 1312/2363/1322 1038/1960/1048
f 1313/2364/1323 1134/1958/1144 1038/1960/1048
f 321/2365/322 1245/2366/1255 836/1955/846
f 963/1663/973 1269/2367/1279 1314/2368/1324
f 963/1663/973 1314/2368/1324 1043/1785/1053
f 1043/1785/1053 1314/2368/1324 1244/2231/1254
f 1315/2369/1325 1286/2320/1296 1285/2319/1295
f 1138/1968/1148 1139/1973/1149 1316/2370/1326
f 996/1714/1006 1289/2371/1299 995/1713/1005
f 1001/1722/1011 1049/1882/1059 1144/1980/1154
f 969/1674/979 1317/2372/1327 1292/2328/1302
f 1095/1883/1105 1318/2373/1328 968/1672/978
f 1319/2374/1329 1320/2375/1330 1321/2376/1331
f 1293/2329/1303 1322/2377/1332 1273/2294/1283
f 1273/2294/1283 1323/2378/1333 1294/2330/1304
f 1188/2085/1198 1189/2088/1199 1324/2379/1334
f 1249/2331/1259 1217/2380/1227 1325/2381/1335
f 1067/1832/1077 1275/2298/1285 1158/2008/1168
f 1067/2382/1077 1326/2383/1336 1275/2384/1285
f 1274/2296/1284 1214/2161/1224 903/2351/913
f 1252/2249/1262 1277/2302/1287 1276/2301/1286
f 949/2385/959 928/1593/938 1030/2010/1040
f 1276/2386/1286 1161/2012/1171 1250/2246/1260
f 1213/2387/1223 1298/2388/1308 1067/2389/1077
f 1218/2390/1228 1224/2391/1234 1327/2392/1337
f 1215/2163/1225 1297/2393/1307 1219/2169/1229
f 1192/2092/1202 1225/2176/1235 1193/2093/1203
f 1161/2394/1171 1328/2395/1338 982/1691/992
f 1124/1938/1134 1303/2346/1313 1329/2396/1339
f 1031/2347/1041 1304/2348/1314 1330/2397/1340
f 1305/2349/1315 1331/2398/1341 1306/2350/1316
f 1117/1921/1127 1228/2310/1238 1123/2032/1133
f 904/2399/914 1332/2400/1342 1030/2401/1040
f 1333/2402/1343 955/2403/965 1300/2404/1310
f 1172/2041/1182 1124/1937/1134 1256/2258/1266
f 904/2352/914 1307/2354/1317 1332/2405/1342
f 1305/2349/1315 1173/2042/1183 1334/2406/1344
f 1198/2103/1208 1335/2407/1345 1260/2268/1270
f 729/2408/728 816/2409/823 1301/2410/1311
f 1301/2410/1311 816/2409/823 1306/2411/1316
f 816/1404/823 1336/2412/1346 1305/2349/1315
f 1337/2413/1347 750/2414/755 1338/2415/1348
f 1304/2348/1314 1259/2267/1269 1228/2310/1238
f 1334/2406/1344 1173/2042/1183 1337/2416/1347
f 750/2113/755 1337/2416/1347 1173/2042/1183
f 1338/2415/1348 750/2414/755 1339/2417/1349
f 750/2414/755 1340/2418/1350 1339/2417/1349
f 750/2414/755 794/2419/801 1340/2418/1350
f 956/2274/966 1130/1953/1140 1174/2420/1184
f 954/1942/964 1126/1944/1136 1260/2357/1270
f 1280/2312/1290 1341/2421/1351 1263/2273/1273
f 1036/2203/1046 1310/2422/1320 1034/2204/1044
f 1309/2423/1319 1342/2424/1352 1308/2425/1318
f 1263/2316/1273 1341/2426/1351 1283/2317/1293
f 1262/2360/1272 1343/2427/1353 1268/2284/1278
f 1268/2284/1278 1343/2427/1353 1243/2285/1253
f 1131/1954/1141 1045/1789/1055 1036/2213/1046
f 1313/2364/1323 1284/2318/1294 1134/1958/1144
f 1285/2319/1295 1287/2321/1297 1344/2428/1354
f 1344/2428/1354 1315/2369/1325 1285/2319/1295
f 964/1665/974 1244/2231/1254 1345/2429/1355
f 1286/2320/1296 1346/2430/1356 1287/2321/1297
f 1315/2369/1325 1347/2431/1357 1286/2320/1296
f 936/2055/946 1348/2432/1358 1209/2129/1219
f 1270/2291/1280 1048/1795/1058 993/1711/1003
f 1142/1977/1152 998/1718/1008 1349/2433/1359
f 1317/2372/1327 969/1674/979 1000/2434/1010
f 1145/1981/1155 740/1282/745 1210/2435/1220
f 1350/2436/1360 1351/2437/1361 1352/2438/1362
f 1352/2438/1362 1351/2437/1361 1319/2439/1329
f 1352/2440/1362 1319/2374/1329 1321/2376/1331
f 1353/2441/1363 1059/2442/1069 1186/2443/1196
f 1155/2155/1165 1295/2332/1305 1354/2444/1364
f 1323/2378/1333 1273/2294/1283 1322/2377/1332
f 1355/2445/1365 1060/1997/1070 1188/2085/1198
f 1356/2446/1366 1357/2447/1367 1358/2448/1368
f 1359/2449/1369 1295/2332/1305 1249/2331/1259
f 1360/2450/1370 1156/2003/1166 1061/1822/1071
f 1361/2451/1371 1358/2448/1368 1362/2452/1372
f 1294/2333/1304 1363/2453/1373 1212/2159/1222
f 1362/2452/1372 1358/2448/1368 1357/2447/1367
f 1361/2454/1371 1362/2455/1372 1364/2456/1374
f 1357/2447/1367 1365/2457/1375 1366/2458/1376
f 1189/2088/1199 1216/2164/1226 1367/2459/1377
f 1357/2447/1367 1366/2458/1376 1362/2452/1372
f 1362/2455/1372 1366/2460/1376 1364/2456/1374
f 1218/2336/1228 1327/2461/1337 1296/2335/1306
f 1067/2462/1077 1298/2463/1308 1326/2464/1336
f 1251/2247/1261 1368/2465/1378 1253/2251/1263
f 1276/2301/1286 1369/2466/1379 1161/2467/1171
f 1297/2338/1307 1216/2164/1226 1163/2017/1173
f 1370/2468/1380 1117/1921/1127 1275/2299/1285
f 1371/2469/1381 1117/1921/1127 1370/2468/1380
f 1328/2395/1338 1161/2394/1171 1369/2470/1379
f 1372/2471/1382 1198/2103/1208 949/1636/959
f 1373/2472/1383 1374/2473/1384 1375/2474/1385
f 1333/2475/1343 1300/2476/1310 1376/2477/1386
f 1376/2477/1386 1300/2476/1310 1302/2478/1312
f 1330/2397/1340 1304/2348/1314 1377/2479/1387
f 1377/2479/1387 1304/2348/1314 1117/1921/1127
f 1368/2480/1378 1278/2481/1288 1253/2482/1263
f 1378/2483/1388 1225/2484/1235 1278/2481/1288
f 1302/2345/1312 1301/2344/1311 1376/2485/1386
f 1379/2486/1389 1331/2398/1341 1305/2349/1315
f 1305/2349/1315 1334/2406/1344 1380/2487/1390
f 1379/2486/1389 1306/2350/1316 1331/2398/1341
f 1117/1921/1127 1304/2348/1314 1228/2310/1238
f 1381/2488/1391 1382/2489/1392 1335/2490/1345
f 1334/2406/1344 1337/2416/1347 1380/2487/1390
f 1383/2491/1393 1256/2258/1266 1124/1937/1134
f 1333/2402/1343 1384/2492/1394 955/2403/965
f 1305/2349/1315 1336/2412/1346 1173/2042/1183
f 1385/2493/1395 1281/2314/1291 1170/2039/1180
f 1386/2494/1396 1224/2495/1234 1387/2496/1397
f 1335/2407/1345 1382/2497/1392 1260/2268/1270
f 1224/2495/1234 1255/2498/1265 1387/2496/1397
f 1388/2499/1398 1307/2354/1317 954/2353/964
f 816/1404/823 1173/2042/1183 1336/2412/1346
f 1260/2268/1270 1382/2497/1392 954/2500/964
f 1260/2268/1270 1308/2425/1318 1342/2424/1352
f 1389/2501/1399 1126/1944/1136 906/2313/916
f 1389/2501/1399 1309/2358/1319 1126/1944/1136
f 1390/2502/1400 1283/2317/1293 1341/2426/1351
f 934/1659/944 1391/2503/1401 961/1660/971
f 1392/2504/1402 1313/2364/1323 1038/1960/1048
f 1265/2281/1275 1267/2282/1277 1345/2429/1355
f 1283/2317/1293 914/2230/924 1240/2219/1250
f 1283/2317/1293 1240/2219/1250 1241/2220/1251
f 1132/1956/1142 836/1955/846 1245/2366/1255
f 1391/2503/1401 1393/2505/1403 961/1660/971
f 1394/2506/1404 1269/2286/1279 1243/2229/1253
f 1267/2282/1277 964/1665/974 1345/2429/1355
f 1395/2507/1405 1315/2508/1325 1344/2509/1354
f 961/1705/971 1393/2510/1403 823/1414/830
f 1396/2511/1406 1348/2512/1358 936/2226/946
f 1346/2430/1356 1286/2320/1296 1347/2431/1357
f 823/1414/830 1393/2510/1403 607/1449/608
f 824/1415/831 1397/2513/1407 1245/2232/1255
f 824/1415/831 1398/2514/1408 1397/2513/1407
f 1047/1794/1057 607/1013/608 1398/2515/1408
f 1047/2057/1057 1398/2514/1408 824/1415/831
f 758/1311/763 1092/1878/1102 1399/2516/1409
f 887/2517/897 1400/2518/1410 939/2519/949
f 1401/2520/1411 1351/2437/1361 1350/2436/1360
f 1350/2436/1360 1352/2438/1362 1402/2521/1412
f 1319/2374/1329 1403/2522/1413 1320/2375/1330
f 1404/2523/1414 1293/2329/1303 1272/2293/1282
f 1061/1822/1071 1059/1820/1069 1353/2524/1363
f 1405/2525/1415 1357/2447/1367 1356/2446/1366
f 1356/2446/1366 1358/2448/1368 1406/2526/1416
f 1405/2527/1415 1407/2528/1417 1357/2529/1367
f 1357/2529/1367 1407/2528/1417 1408/2530/1418
f 1249/2331/1259 1325/2381/1335 1359/2449/1369
f 1357/2447/1367 1408/2531/1418 1365/2457/1375
f 1360/2532/1370 1215/2533/1225 1156/2534/1166
f 1212/2159/1222 1363/2453/1373 1251/2247/1261
f 1366/2460/1376 1409/2535/1419 1364/2456/1374
f 1217/2536/1227 1193/2537/1203 1410/2538/1420
f 1276/2301/1286 1277/2302/1287 1411/2539/1421
f 1326/2540/1336 1412/2541/1422 1275/2299/1285
f 1275/2299/1285 1412/2541/1422 1370/2468/1380
f 1412/2542/1422 1298/2463/1308 1413/2543/1423
f 1193/2544/1203 1225/2484/1235 1410/2545/1420
f 1030/2546/1040 1372/2547/1382 949/2548/959
f 1030/2546/1040 1414/2549/1424 1372/2547/1382
f 1412/2542/1422 1326/2464/1336 1298/2463/1308
f 1225/2484/1235 1378/2483/1388 1410/2545/1420
f 1117/1921/1127 1371/2469/1381 1377/2479/1387
f 1377/2479/1387 1415/2550/1425 1330/2397/1340
f 1416/2551/1426 1417/2552/1427 1418/2553/1428
f 1030/2546/1040 1373/2554/1383 1414/2549/1424
f 1335/2407/1345 1198/2103/1208 1372/2471/1382
f 1373/2472/1383 1030/2555/1040 1332/2556/1342
f 1305/2349/1315 1380/2487/1390 1379/2486/1389
f 1278/2481/1288 1419/2557/1429 1378/2483/1388
f 1224/2391/1234 1386/2558/1396 1327/2392/1337
f 1373/2472/1383 1332/2556/1342 1374/2473/1384
f 1301/2559/1311 1306/2560/1316 1376/2561/1386
f 1298/2341/1308 1202/2340/1212 1420/2562/1430
f 1278/2481/1288 1368/2480/1378 1419/2557/1429
f 1380/2563/1390 1337/2413/1347 1421/2564/1431
f 1421/2564/1431 1337/2413/1347 1338/2415/1348
f 1329/2565/1339 1383/2566/1393 1124/2567/1134
f 1422/2568/1432 1419/2569/1429 1418/2553/1428
f 1423/2570/1433 1424/2571/1434 1381/2572/1391
f 1425/2573/1435 1424/2571/1434 1423/2570/1433
f 1385/2493/1395 1426/2574/1436 1281/2314/1291
f 1384/2492/1394 906/2575/916 955/2403/965
f 1427/2576/1437 934/2577/944 1256/2578/1266
f 1382/2579/1392 1388/2499/1398 954/2353/964
f 1232/2197/1242 1174/2196/1184 1428/2580/1438
f 1419/2581/1429 1429/2582/1439 1418/2583/1428
f 1260/2268/1270 1342/2424/1352 1280/2312/1290
f 1430/2584/1440 1389/2585/1399 906/2575/916
f 1280/2312/1290 1309/2423/1319 1341/2421/1351
f 1342/2424/1352 1309/2423/1319 1280/2312/1290
f 1429/2586/1439 1391/2587/1401 934/2577/944
f 1262/2271/1272 1431/2588/1441 1343/2589/1353
f 1429/2590/1439 1393/2505/1403 1391/2503/1401
f 1265/2278/1275 1345/2591/1355 1311/2361/1321
f 1243/2229/1253 1432/2592/1442 1394/2506/1404
f 1245/2366/1255 1130/1953/1140 1132/1956/1142
f 1398/2593/1408 1429/2582/1439 1433/2594/1443
f 1434/2595/1444 1344/2428/1354 1287/2321/1297
f 1434/2596/1444 1395/2507/1405 1344/2509/1354
f 1130/1953/1140 1397/2597/1407 1433/2598/1443
f 1245/2366/1255 1397/2597/1407 1130/1953/1140
f 1398/2599/1408 1393/2600/1403 1429/2601/1439
f 1284/2318/1294 1396/2511/1406 936/2226/946
f 1397/2513/1407 1398/2514/1408 1433/2602/1443
f 1393/2603/1403 1398/2515/1408 607/1013/608
f 1092/1878/1102 1435/2604/1445 1399/2516/1409
f 995/2605/1005 1436/2606/1446 1091/2607/1101
f 1142/2061/1152 1349/2608/1359 1437/2609/1447
f 998/1718/1008 1093/1879/1103 1349/2433/1359
f 1350/2610/1360 1402/2611/1412 1401/2612/1411
f 1401/2613/1411 1403/2614/1413 1351/2615/1361
f 1402/2521/1412 1352/2438/1362 1438/2616/1448
f 1351/2617/1361 1403/2522/1413 1319/2374/1329
f 1155/2155/1165 1354/2444/1364 1272/2293/1282
f 1272/2293/1282 1354/2444/1364 1404/2523/1414
f 1352/2440/1362 1321/2376/1331 1438/2618/1448
f 1439/2619/1449 1323/2620/1333 1322/2621/1332
f 1439/2619/1449 1322/2621/1332 1293/2622/1303
f 1353/2441/1363 1360/2623/1370 1061/2624/1071
f 1440/2625/1450 1294/2626/1304 1323/2620/1333
f 1441/2627/1451 1442/2628/1452 1443/2629/1453
f 1320/2375/1330 1444/2630/1454 1445/2631/1455
f 1320/2375/1330 1445/2631/1455 1321/2376/1331
f 1321/2376/1331 1445/2631/1455 1446/2632/1456
f 1447/2633/1457 1440/2625/1450 1439/2619/1449
f 1294/2634/1304 1440/2635/1450 1363/2636/1373
f 1189/2088/1199 1367/2459/1377 1324/2379/1334
f 1447/2637/1457 1448/2638/1458 1440/2639/1450
f 1413/2640/1423 1447/2641/1457 1449/2642/1459
f 1447/2643/1457 1413/2543/1423 1298/2463/1308
f 1409/2535/1419 1372/2547/1382 1364/2456/1374
f 1276/2301/1286 1411/2539/1421 1450/2644/1460
f 1411/2539/1421 1277/2302/1287 1296/2335/1306
f 1367/2459/1377 1216/2164/1226 1297/2338/1307
f 1364/2456/1374 1372/2547/1382 1361/2454/1371
f 1298/2645/1308 1451/2646/1461 1447/2647/1457
f 1450/2644/1460 1369/2466/1379 1276/2301/1286
f 1414/2648/1424 1373/2472/1383 1375/2474/1385
f 1415/2550/1425 1377/2479/1387 1371/2469/1381
f 1371/2469/1381 1370/2468/1380 1412/2541/1422
f 1452/2649/1462 1298/2341/1308 1420/2562/1430
f 1418/2553/1428 1417/2552/1427 1422/2568/1432
f 1453/2650/1463 1335/2490/1345 1372/2651/1382
f 1454/2652/1464 1333/2653/1343 1376/2654/1386
f 1381/2488/1391 1455/2655/1465 1423/2656/1433
f 1335/2490/1345 1455/2655/1465 1381/2488/1391
f 1335/2490/1345 1453/2650/1463 1455/2655/1465
f 1376/2657/1386 1306/2658/1316 1379/2659/1389
f 1378/2483/1388 1419/2557/1429 1410/2545/1420
f 1327/2461/1337 1386/2660/1396 1296/2335/1306
f 1330/2397/1340 1456/2661/1466 1031/2347/1041
f 1457/2662/1467 1458/2663/1468 1459/2664/1469
f 1418/2665/1428 1429/2666/1439 1460/2667/1470
f 1328/2395/1338 1170/2039/1180 982/1691/992
f 1461/2668/1471 1374/2473/1384 1332/2556/1342
f 1457/2669/1467 1459/2670/1469 1368/2671/1378
f 1419/2557/1429 1422/2672/1432 1410/2545/1420
f 1202/2340/1212 1462/2673/1472 1420/2562/1430
f 1385/2493/1395 1170/2039/1180 1463/2674/1473
f 1338/2415/1348 1339/2417/1349 1464/2675/1474
f 1202/2340/1212 1232/2676/1242 1462/2673/1472
f 1457/2662/1467 1130/2677/1140 1458/2663/1468
f 1465/2678/1475 1424/2571/1434 1425/2573/1435
f 1424/2571/1434 1466/2679/1476 1381/2572/1391
f 1381/2572/1391 1466/2679/1476 1467/2680/1477
f 1381/2488/1391 1467/2681/1477 1382/2489/1392
f 1456/2661/1466 1076/2682/1086 1031/2347/1041
f 1462/2683/1472 1232/2197/1242 1428/2580/1438
f 1459/2670/1469 1130/2684/1140 1368/2671/1378
f 1384/2492/1394 1468/2685/1478 906/2575/916
f 1464/2675/1474 1339/2417/1349 1469/2686/1479
f 1459/2664/1469 1458/2663/1468 1130/2677/1140
f 1467/2681/1477 1388/2687/1398 1382/2489/1392
f 1388/2499/1398 1430/2688/1440 1307/2354/1317
f 1470/2689/1480 1430/2584/1440 906/2575/916
f 906/2575/916 1468/2685/1478 1470/2689/1480
f 1469/2686/1479 1339/2417/1349 1340/2418/1350
f 1076/1852/1086 1471/2690/1481 794/1367/801
f 1472/2691/1482 1174/2420/1184 1130/1953/1140
f 1426/2574/1436 1034/2204/1044 1310/2422/1320
f 1426/2574/1436 1262/2271/1272 1281/2314/1291
f 1426/2574/1436 1473/2692/1483 1262/2271/1272
f 1474/2693/1484 1255/2498/1265 1282/2694/1292
f 1424/2571/1434 1390/2695/1400 1466/2679/1476
f 1465/2678/1475 1282/2696/1292 1424/2571/1434
f 1424/2571/1434 1283/2697/1293 1390/2695/1400
f 1368/2698/1378 1130/1953/1140 1433/2598/1443
f 1368/2699/1378 1433/2700/1443 1419/2701/1429
f 1424/2571/1434 1282/2696/1292 1283/2697/1293
f 1433/2594/1443 1429/2582/1439 1419/2581/1429
f 1311/2361/1321 1475/2702/1485 1282/2315/1292
f 1475/2702/1485 1311/2361/1321 1345/2591/1355
f 1315/2508/1325 1395/2507/1405 1476/2703/1486
f 1477/2704/1487 1347/2431/1357 1315/2369/1325
f 1478/2705/1488 1314/2368/1324 1269/2367/1279
f 1140/1974/1150 1316/2370/1326 1139/1973/1149
f 1479/2706/1489 1092/1878/1102 1141/1975/1151
f 1480/2707/1490 1091/2607/1101 1436/2606/1446
f 867/1979/877 1481/2708/1491 1093/1879/1103
f 1482/2709/1492 1144/2710/1154 1483/2711/1493
f 1482/2709/1492 1484/2712/1494 1144/2710/1154
f 1484/2713/1494 1000/2714/1010 1144/2715/1154
f 1485/2716/1495 1403/2614/1413 1401/2613/1411
f 1405/2527/1415 1356/2717/1366 1406/2718/1416
f 1441/2719/1451 1443/2720/1453 1354/2721/1364
f 1403/2522/1413 1444/2630/1454 1320/2375/1330
f 1446/2632/1456 1438/2618/1448 1321/2376/1331
f 1323/2620/1333 1439/2619/1449 1440/2625/1450
f 1486/2722/1496 1354/2444/1364 1295/2332/1305
f 1358/2448/1368 1361/2451/1371 1487/2723/1497
f 1486/2722/1496 1295/2332/1305 1359/2449/1369
f 1188/2724/1198 1324/2725/1334 1355/2726/1365
f 1488/2727/1498 1447/2728/1457 1439/2729/1449
f 1489/2730/1499 1443/2629/1453 1442/2628/1452
f 1440/2635/1450 1448/2731/1458 1363/2636/1373
f 1359/2732/1369 1442/2733/1452 1441/2734/1451
f 1488/2735/1498 1449/2642/1459 1447/2641/1457
f 1446/2632/1456 1445/2631/1455 1490/2736/1500
f 1491/2737/1501 1416/2551/1426 1445/2631/1455
f 1325/2738/1335 1217/2739/1227 1492/2740/1502
f 1448/2638/1458 1447/2637/1457 1451/2741/1461
f 1217/2739/1227 1410/2742/1420 1492/2740/1502
f 1363/2453/1373 1493/2743/1503 1251/2247/1261
f 1494/2744/1504 1366/2745/1376 1365/2746/1375
f 1372/2547/1382 1414/2549/1424 1361/2454/1371
f 1251/2247/1261 1493/2743/1503 1368/2465/1378
f 1372/2547/1382 1409/2535/1419 1495/2747/1505
f 1371/2469/1381 1412/2541/1422 1413/2748/1423
f 1496/2749/1506 1422/2568/1432 1417/2552/1427
f 1417/2552/1427 1497/2750/1507 1496/2749/1506
f 1498/2751/1508 1497/2750/1507 1417/2552/1427
f 1498/2751/1508 1417/2552/1427 1416/2551/1426
f 1416/2551/1426 1418/2553/1428 1499/2752/1509
f 1410/2545/1420 1422/2672/1432 1500/2753/1510
f 1375/2474/1385 1374/2473/1384 1501/2754/1511
f 1298/2645/1308 1452/2755/1462 1451/2646/1461
f 1418/2665/1428 1460/2667/1470 1499/2756/1509
f 1495/2757/1505 1453/2650/1463 1372/2651/1382
f 1502/2758/1512 1423/2759/1433 1455/2760/1465
f 1374/2761/1384 1461/2762/1471 1503/2763/1513
f 1420/2562/1430 1504/2764/1514 1457/2662/1467
f 1460/2667/1470 1429/2666/1439 1505/2765/1515
f 1332/2405/1342 1307/2354/1317 1506/2766/1516
f 1507/2767/1517 1076/1852/1086 1456/2768/1466
f 1462/2673/1472 1504/2764/1514 1420/2562/1430
f 1384/2769/1394 1508/2770/1518 1468/2771/1478
f 1509/2772/1519 1510/2773/1520 1511/2774/1521
f 1512/2775/1522 1470/2776/1480 1468/2777/1478
f 1384/2769/1394 1513/2778/1523 1508/2770/1518
f 1514/2779/1524 1513/2780/1523 1515/2781/1525
f 1462/2683/1472 1428/2580/1438 1516/2782/1526
f 1504/2764/1514 1130/2677/1140 1457/2662/1467
f 1307/2354/1317 1430/2688/1440 1506/2766/1516
f 1506/2766/1516 1430/2688/1440 1470/2783/1480
f 1514/2779/1524 1517/2784/1527 1513/2780/1523
f 1471/2690/1481 1076/1852/1086 1507/2767/1517
f 1429/2586/1439 934/2577/944 1427/2576/1437
f 1467/2681/1477 1518/2785/1528 1388/2687/1398
f 1174/2196/1184 1519/2786/1529 1428/2580/1438
f 1174/2420/1184 1472/2691/1482 1519/2787/1529
f 1471/2690/1481 1520/2788/1530 794/1367/801
f 1521/2789/1531 1282/2696/1292 1465/2678/1475
f 1387/2496/1397 1255/2498/1265 1474/2693/1484
f 1466/2790/1476 1522/2791/1532 1467/2792/1477
f 1466/2790/1476 1390/2793/1400 1522/2791/1532
f 1473/2692/1483 1431/2588/1441 1262/2271/1272
f 1309/2358/1319 1523/2794/1533 1341/2795/1351
f 1389/2501/1399 1523/2794/1533 1309/2358/1319
f 1475/2796/1485 1283/2697/1293 1282/2696/1292
f 660/2797/661 1524/2798/1534 231/2362/231
f 1343/2427/1353 1431/2799/1441 1243/2285/1253
f 1525/2800/1535 1283/2697/1293 1475/2796/1485
f 1395/2507/1405 1434/2596/1444 1526/2801/1536
f 1345/2591/1355 914/2802/924 1475/2702/1485
f 1392/2504/1402 1527/2803/1537 1313/2364/1323
f 914/2804/924 1525/2800/1535 1475/2796/1485
f 1313/2364/1323 1527/2803/1537 1284/2318/1294
f 1526/2801/1536 1476/2703/1486 1395/2507/1405
f 1476/2703/1486 1528/2805/1538 1315/2508/1325
f 1394/2506/1404 1478/2806/1488 1269/2286/1279
f 1525/2800/1535 914/2804/924 1283/2697/1293
f 1287/2321/1297 1346/2430/1356 1529/2807/1539
f 1345/2429/1355 1244/2231/1254 1530/2808/1540
f 1314/2368/1324 1530/2808/1540 1244/2231/1254
f 1347/2431/1357 1178/2288/1188 1346/2430/1356
f 1477/2704/1487 1178/2288/1188 1347/2431/1357
f 1477/2704/1487 1246/2289/1256 1178/2288/1188
f 1531/2809/1541 1246/2810/1256 1477/2811/1487
f 1532/2812/1542 1045/2235/1055 758/2234/763
f 1532/2813/1542 758/2814/763 1399/2815/1409
f 1533/2816/1543 918/1578/928 1246/2233/1256
f 939/1621/949 1534/2817/1544 612/1019/613
f 1142/2061/1152 1437/2609/1447 1271/2292/1281
f 1290/2326/1300 1291/2327/1301 868/1499/878
f 1482/2709/1492 1535/2818/1545 1484/2712/1494
f 1402/2819/1412 1438/2820/1448 1536/2821/1546
f 1060/2822/1070 1355/2726/1365 1186/2443/1196
f 1537/2823/1547 1438/2820/1448 1446/2824/1456
f 1354/2825/1364 1443/2629/1453 1538/2826/1548
f 1354/2444/1364 1486/2722/1496 1359/2449/1369
f 1354/2444/1364 1359/2449/1369 1441/2827/1451
f 1489/2730/1499 1442/2628/1452 1444/2828/1454
f 1361/2454/1371 1414/2549/1424 1487/2829/1497
f 1442/2628/1452 1491/2830/1501 1444/2828/1454
f 1444/2828/1454 1491/2830/1501 1445/2831/1455
f 1416/2551/1426 1499/2752/1509 1445/2631/1455
f 1416/2551/1426 1491/2737/1501 1498/2751/1508
f 1445/2631/1455 1499/2752/1509 1490/2736/1500
f 1408/2832/1418 1494/2744/1504 1365/2746/1375
f 1413/2748/1423 1539/2833/1549 1371/2469/1381
f 1451/2646/1461 1452/2755/1462 1540/2834/1550
f 1541/2835/1551 1500/2753/1510 1422/2672/1432
f 1422/2672/1432 1496/2836/1506 1541/2835/1551
f 1542/2837/1552 1495/2747/1505 1409/2535/1419
f 1386/2660/1396 1543/2838/1553 1296/2335/1306
f 1455/2655/1465 1453/2650/1463 1495/2757/1505
f 1501/2839/1511 1374/2761/1384 1503/2763/1513
f 1368/2671/1378 1544/2840/1554 1457/2669/1467
f 1423/2759/1433 1502/2758/1512 1425/2841/1435
f 1425/2841/1435 1502/2758/1512 1545/2842/1555
f 1330/2397/1340 1415/2550/1425 1456/2661/1466
f 1420/2562/1430 1457/2662/1467 1452/2649/1462
f 1333/2653/1343 1454/2652/1464 1515/2781/1525
f 1333/2402/1343 1515/2843/1525 1384/2492/1394
f 1421/2564/1431 1464/2675/1474 1380/2563/1390
f 1338/2415/1348 1464/2675/1474 1421/2564/1431
f 1379/2486/1389 1546/2844/1556 1547/2845/1557
f 1256/2578/1266 1383/2846/1393 1427/2576/1437
f 1548/2847/1558 1465/2848/1475 1425/2849/1435
f 1513/2778/1523 1384/2769/1394 1515/2850/1525
f 1379/2486/1389 1509/2772/1519 1511/2774/1521
f 1386/2494/1396 1387/2496/1397 1549/2851/1559
f 1379/2486/1389 1550/2852/1560 1546/2844/1556
f 1379/2486/1389 1511/2774/1521 1550/2852/1560
f 1510/2773/1520 1551/2853/1561 1511/2774/1521
f 1511/2774/1521 1551/2853/1561 1552/2854/1562
f 1507/2767/1517 1520/2788/1530 1471/2690/1481
f 1550/2852/1560 1553/2855/1563 1546/2844/1556
f 1511/2774/1521 1553/2855/1563 1550/2852/1560
f 1552/2854/1562 1553/2855/1563 1511/2774/1521
f 1504/2764/1514 1472/2856/1482 1130/2677/1140
f 1034/2857/1044 1385/2858/1395 1081/2859/1091
f 1387/2496/1397 1474/2693/1484 1549/2851/1559
f 1388/2499/1398 1518/2860/1528 1430/2688/1440
f 794/1367/801 1520/2788/1530 1340/2861/1350
f 1282/2694/1292 1554/2862/1564 1474/2693/1484
f 1282/2694/1292 1521/2863/1531 1554/2862/1564
f 1341/2864/1351 1522/2791/1532 1390/2793/1400
f 1345/2591/1355 1530/2865/1540 914/2802/924
f 1284/2318/1294 1527/2803/1537 1396/2511/1406
f 1287/2321/1297 1529/2807/1539 1434/2595/1444
f 1045/1789/1055 1555/2866/1565 1556/2867/1566
f 1394/2506/1404 1432/2592/1442 1478/2806/1488
f 1557/2868/1567 1348/2512/1358 1396/2511/1406
f 1315/2508/1325 1528/2805/1538 1477/2869/1487
f 1478/2705/1488 1530/2808/1540 1314/2368/1324
f 1478/2870/1488 914/2802/924 1530/2865/1540
f 1478/2870/1488 915/2871/925 914/2802/924
f 1555/2872/1565 1045/2235/1055 1532/2812/1542
f 1209/2873/1219 1348/2874/1358 1270/2875/1280
f 1091/2607/1101 1480/2707/1490 1178/2876/1188
f 1270/2875/1280 1558/2877/1568 1048/2878/1058
f 995/2605/1005 1289/2879/1299 1436/2606/1446
f 888/1532/898 889/1533/899 1559/2880/1569
f 867/1979/877 1179/2881/1189 1481/2708/1491
f 1401/2613/1411 1536/2821/1546 1485/2716/1495
f 1402/2819/1412 1536/2821/1546 1401/2613/1411
f 1403/2614/1413 1560/2882/1570 1444/2828/1454
f 1355/2726/1365 1324/2725/1334 1186/2443/1196
f 1406/2718/1416 1358/2883/1368 1487/2884/1497
f 1443/2629/1453 1489/2730/1499 1538/2826/1548
f 1359/2732/1369 1325/2738/1335 1492/2740/1502
f 1492/2740/1502 1442/2733/1452 1359/2732/1369
f 1442/2628/1452 1561/2885/1571 1491/2830/1501
f 1363/2636/1373 1562/2886/1572 1493/2887/1503
f 1448/2731/1458 1562/2886/1572 1363/2636/1373
f 1451/2741/1461 1540/2888/1550 1448/2638/1458
f 1491/2737/1501 1563/2889/1573 1498/2751/1508
f 1408/2890/1418 1545/2891/1574 1494/2892/1504
f 1375/2474/1385 1564/2893/1575 1414/2648/1424
f 1410/2742/1420 1500/2894/1510 1565/2895/1576
f 1410/2742/1420 1565/2895/1576 1492/2740/1502
f 1296/2335/1306 1566/2896/1577 1411/2539/1421
f 1566/2896/1577 1296/2335/1306 1543/2838/1553
f 1375/2897/1385 1501/2898/1511 1564/2899/1575
f 1415/2550/1425 1371/2469/1381 1567/2900/1578
f 1542/2901/1552 1455/2902/1465 1495/2903/1505
f 1502/2904/1512 1455/2905/1465 1542/2906/1552
f 1328/2395/1338 1369/2470/1379 1450/2907/1460
f 1376/2657/1386 1379/2659/1389 1547/2908/1557
f 1568/2909/1579 1457/2669/1467 1544/2840/1554
f 1543/2838/1553 1386/2660/1396 1569/2910/1580
f 1380/2911/1390 1464/2912/1474 1570/2913/1581
f 1570/2914/1581 1509/2772/1519 1379/2486/1389
f 1570/2914/1581 1379/2486/1389 1380/2487/1390
f 1460/2667/1470 1505/2765/1515 1571/2915/1582
f 1299/2916/1309 186/2189/186 1233/2191/1243
f 1572/2917/1583 1170/2039/1180 1328/2395/1338
f 1572/2917/1583 1463/2674/1473 1170/2039/1180
f 1386/2918/1396 1549/2919/1559 1569/2920/1580
f 1506/2921/1516 1470/2776/1480 1512/2775/1522
f 1468/2777/1478 1508/2922/1518 1573/2923/1584
f 1508/2770/1518 1513/2778/1523 1574/2924/1585
f 1575/2925/1586 1462/2683/1472 1516/2782/1526
f 1575/2926/1586 1504/2764/1514 1462/2673/1472
f 1505/2927/1515 1429/2586/1439 1427/2576/1437
f 1548/2928/1558 1576/2929/1587 1554/2930/1564
f 1577/2931/1588 1520/2788/1530 1507/2767/1517
f 1575/2925/1586 1516/2782/1526 1519/2786/1529
f 1548/2932/1558 1554/2933/1564 1465/2678/1475
f 1578/2934/1589 1574/2924/1585 1513/2778/1523
f 1546/2844/1556 1553/2855/1563 1579/2935/1590
f 1579/2935/1590 1553/2855/1563 1552/2854/1562
f 1519/2786/1529 1516/2782/1526 1428/2580/1438
f 1519/2936/1529 1504/2764/1514 1575/2926/1586
f 1519/2936/1529 1472/2856/1482 1504/2764/1514
f 1554/2933/1564 1521/2789/1531 1465/2678/1475
f 1549/2919/1559 1474/2937/1484 1576/2929/1587
f 1518/2938/1528 1580/2939/1591 1430/2940/1440
f 1473/2941/1483 1426/2942/1436 1556/2943/1566
f 1580/2939/1591 1389/2944/1399 1430/2940/1440
f 1426/2574/1436 1310/2422/1320 1556/2945/1566
f 1580/2939/1591 1523/2946/1533 1389/2944/1399
f 1310/2359/1320 1045/1789/1055 1556/2867/1566
f 1432/2592/1442 1243/2229/1253 1431/2947/1441
f 1581/2948/1592 1526/2801/1536 1434/2596/1444
f 1582/2949/1593 1528/2805/1538 1476/2703/1486
f 1140/2950/1150 888/1532/898 1559/2880/1569
f 1535/2818/1545 1583/2951/1594 1484/2712/1494
f 1584/2952/1595 1439/2953/1449 1293/2954/1303
f 1585/2955/1596 1293/2954/1303 1404/2956/1414
f 1584/2952/1595 1586/2957/1597 1439/2953/1449
f 1587/2958/1598 1354/2825/1364 1538/2826/1548
f 1586/2957/1597 1488/2959/1498 1439/2953/1449
f 1444/2828/1454 1538/2826/1548 1489/2730/1499
f 1588/2960/1599 1487/2961/1497 1414/2962/1424
f 1446/2632/1456 1490/2736/1500 1589/2963/1600
f 1589/2964/1600 1490/2965/1500 1590/2966/1601
f 1591/2967/1602 1408/2530/1418 1407/2528/1417
f 1492/2740/1502 1561/2968/1571 1442/2733/1452
f 1490/2965/1500 1592/2969/1603 1590/2966/1601
f 1539/2970/1549 1413/2971/1423 1449/2972/1459
f 1593/2973/1604 1592/2974/1603 1594/2975/1605
f 1494/2744/1504 1409/2976/1419 1366/2745/1376
f 1595/2977/1606 1592/2969/1603 1490/2965/1500
f 1596/2978/1607 1594/2975/1605 1592/2974/1603
f 1415/2550/1425 1567/2900/1578 1597/2979/1608
f 1371/2469/1381 1539/2833/1549 1598/2980/1609
f 1490/2965/1500 1499/2756/1509 1599/2981/1610
f 1592/2974/1603 1595/2982/1606 1596/2978/1607
f 1596/2978/1607 1595/2982/1606 1600/2983/1611
f 1490/2965/1500 1599/2981/1610 1601/2984/1612
f 1595/2977/1606 1490/2965/1500 1601/2984/1612
f 1499/2756/1509 1460/2667/1470 1599/2981/1610
f 1600/2983/1611 1595/2982/1606 1329/2396/1339
f 1545/2985/1555 1502/2986/1512 1602/2987/1613
f 1457/2988/1467 1568/2989/1579 1603/2990/1614
f 1600/2983/1611 1329/2396/1339 1604/2991/1615
f 1452/2992/1462 1457/2988/1467 1603/2990/1614
f 1604/2991/1615 1329/2396/1339 1303/2346/1313
f 1503/2763/1513 1461/2762/1471 1605/2993/1616
f 1329/2396/1339 1595/2982/1606 1383/2994/1393
f 1125/1941/1135 1606/2995/1617 1303/2346/1313
f 1125/2308/1135 1279/2309/1289 1606/2996/1617
f 1503/2763/1513 1605/2993/1616 1578/2997/1589
f 1547/2845/1557 1546/2844/1556 1607/2998/1618
f 1605/2993/1616 1508/2999/1518 1578/2997/1589
f 1546/2844/1556 1579/2935/1590 1607/2998/1618
f 1468/2777/1478 1573/2923/1584 1608/3000/1619
f 1508/2770/1518 1574/2924/1585 1578/2934/1589
f 1515/2781/1525 1517/2784/1527 1514/2779/1524
f 1607/2998/1618 1579/2935/1590 1552/2854/1562
f 1570/2914/1581 1510/2773/1520 1509/2772/1519
f 1552/2854/1562 1551/2853/1561 1609/3001/1620
f 1510/2773/1520 1609/3001/1620 1551/2853/1561
f 1570/2914/1581 1610/3002/1621 1510/2773/1520
f 1464/2675/1474 1469/2686/1479 1340/2418/1350
f 1464/2675/1474 1340/2418/1350 1577/3003/1588
f 1426/2574/1436 1385/2493/1395 1034/2204/1044
f 1577/3003/1588 1340/2418/1350 1520/3004/1530
f 1576/3005/1587 1474/2693/1484 1554/2862/1564
f 1467/3006/1477 1611/3007/1622 1518/3008/1528
f 1473/2941/1483 1556/2943/1566 1431/3009/1441
f 1556/2943/1566 1612/3010/1623 1431/3009/1441
f 1556/2867/1566 1555/2866/1565 1612/3011/1623
f 1392/2504/1402 1613/3012/1624 1527/2803/1537
f 1612/3013/1623 1432/2592/1442 1431/2947/1441
f 1526/2801/1536 1582/2949/1593 1476/2703/1486
f 1434/2596/1444 1529/3014/1539 1581/2948/1592
f 1612/3015/1623 1478/3016/1488 1432/3017/1442
f 1612/3015/1623 1479/3018/1489 1478/3016/1488
f 1531/2809/1541 1614/3019/1625 1246/2810/1256
f 1346/2430/1356 1178/2288/1188 1480/3020/1490
f 1479/3018/1489 915/3021/925 1478/3016/1488
f 1555/2872/1565 1532/2812/1542 1399/3022/1409
f 1555/2872/1565 1399/3022/1409 1435/3023/1445
f 1435/2604/1445 1092/1878/1102 1479/2706/1489
f 915/2058/925 1479/3024/1489 1141/2059/1151
f 1093/1879/1103 1481/2708/1491 1349/2433/1359
f 1485/2716/1495 1560/2882/1570 1403/2614/1413
f 1536/2821/1546 1438/2820/1448 1615/3025/1626
f 1293/2954/1303 1585/2955/1596 1584/2952/1595
f 1405/2527/1415 1406/2718/1416 1616/3026/1627
f 1538/2826/1548 1444/2828/1454 1560/2882/1570
f 1586/2957/1597 1617/3027/1628 1488/2959/1498
f 1537/2823/1547 1446/2824/1456 1618/3028/1629
f 1449/2642/1459 1488/2735/1498 1617/3029/1628
f 1540/3030/1550 1562/2886/1572 1448/2731/1458
f 1492/2740/1502 1565/2895/1576 1619/3031/1630
f 1561/3032/1571 1619/3033/1630 1491/3034/1501
f 1540/3035/1550 1620/3036/1631 1562/3037/1572
f 1621/3038/1632 1620/3039/1631 1540/2834/1550
f 1494/3040/1504 1622/3041/1633 1409/3042/1419
f 1621/3038/1632 1540/2834/1550 1452/2755/1462
f 1543/2838/1553 1623/3043/1634 1566/2896/1577
f 1541/3044/1551 1565/2895/1576 1500/2894/1510
f 1498/2751/1508 1563/2889/1573 1497/2750/1507
f 1497/3045/1507 1624/3046/1635 1496/3047/1506
f 1600/2983/1611 1604/2991/1615 1625/3048/1636
f 1450/3049/1460 1626/3050/1637 1328/3051/1338
f 1502/2986/1512 1542/3052/1552 1602/2987/1613
f 1456/2661/1466 1415/2550/1425 1597/2979/1608
f 1541/3053/1551 1496/3054/1506 1624/3055/1635
f 1503/2763/1513 1578/2997/1589 1501/2839/1511
f 1547/2908/1557 1627/3056/1638 1376/2657/1386
f 1460/2667/1470 1571/2915/1582 1599/2981/1610
f 1507/2767/1517 1456/2768/1466 1577/2931/1588
f 1576/2929/1587 1548/2928/1558 1628/3057/1639
f 1425/3058/1435 1628/3057/1639 1548/2928/1558
f 1506/2921/1516 1512/2775/1522 1332/3059/1342
f 1332/3059/1342 1512/2775/1522 1461/3060/1471
f 1576/2929/1587 1628/3057/1639 1629/3061/1640
f 1468/2777/1478 1608/3000/1619 1512/2775/1522
f 1552/2854/1562 1609/3001/1620 1607/2998/1618
f 1570/2913/1581 1464/2912/1474 1630/3062/1641
f 1610/3002/1621 1609/3001/1620 1510/2773/1520
f 1570/2914/1581 1630/3063/1641 1610/3002/1621
f 296/3064/297 1631/3065/1642 817/3066/824
f 1517/2784/1527 1632/3067/1643 1513/2780/1523
f 683/3068/684 1524/2798/1534 660/2797/661
f 1527/2803/1537 1613/3012/1624 1396/2511/1406
f 1555/2872/1565 1479/3069/1489 1612/3070/1623
f 1435/3023/1445 1479/3069/1489 1555/2872/1565
f 1533/3071/1543 1633/3072/1644 918/3073/928
f 612/3074/613 1534/3075/1544 843/3076/853
f 1094/1881/1104 920/1880/930 1634/3077/1645
f 1049/1799/1059 1635/3078/1646 1144/2710/1154
f 1484/2713/1494 1636/3079/1647 1000/2714/1010
f 1484/2712/1494 1583/2951/1594 1636/3080/1647
f 1482/2709/1492 1583/2951/1594 1535/2818/1545
f 1485/2716/1495 1536/2821/1546 1560/2882/1570
f 1404/2956/1414 1354/3081/1364 1637/3082/1648
f 1438/2820/1448 1537/2823/1547 1615/3025/1626
f 1354/3081/1364 1638/3083/1649 1637/3082/1648
f 1353/2441/1363 1639/3084/1650 1360/2623/1370
f 1617/3029/1628 1640/3085/1651 1449/2642/1459
f 1589/3086/1600 1618/3028/1629 1446/2824/1456
f 1592/2969/1603 1593/3087/1604 1590/2966/1601
f 1492/2740/1502 1619/3031/1630 1561/2968/1571
f 1594/3088/1605 1641/3089/1652 1593/3090/1604
f 1640/3085/1651 1539/3091/1549 1449/2642/1459
f 1594/3088/1605 1596/3092/1607 1641/3089/1652
f 1408/2890/1418 1591/3093/1602 1642/3094/1653
f 1491/3034/1501 1643/3095/1654 1563/3096/1573
f 1600/2983/1611 1644/3097/1655 1596/2978/1607
f 1645/3098/1656 1598/3099/1609 1539/3100/1549
f 1566/2896/1577 1646/3101/1657 1411/2539/1421
f 1566/2896/1577 1623/3043/1634 1646/3101/1657
f 1450/2644/1460 1411/2539/1421 1646/3101/1657
f 1408/2890/1418 1642/3094/1653 1545/2891/1574
f 1409/3102/1419 1622/3103/1633 1542/3104/1552
f 1371/2469/1381 1598/2980/1609 1567/2900/1578
f 1368/3105/1378 1493/3106/1503 1647/3107/1658
f 1450/2644/1460 1646/3101/1657 1626/3108/1637
f 1368/3109/1378 1647/3110/1658 1544/3111/1554
f 1497/3045/1507 1648/3112/1659 1624/3046/1635
f 1604/2991/1615 1649/3113/1660 1625/3048/1636
f 1328/3051/1338 1626/3050/1637 1572/3114/1583
f 1543/2838/1553 1569/2910/1580 1623/3043/1634
f 1544/3115/1554 1650/3116/1661 1568/3117/1579
f 1544/3111/1554 1647/3110/1658 1650/3118/1661
f 1541/3053/1551 1624/3055/1635 1647/3119/1658
f 1578/2997/1589 1651/3120/1662 1501/2839/1511
f 1647/3119/1658 1624/3055/1635 1652/3121/1663
f 1454/2652/1464 1653/3122/1664 1515/2781/1525
f 1577/2931/1588 1456/2768/1466 1464/3123/1474
f 1624/3055/1635 1654/3124/1665 1652/3121/1663
f 1655/3125/1666 1654/3124/1665 1624/3055/1635
f 1604/2991/1615 1303/2346/1313 1649/3113/1660
f 1607/2998/1618 1609/3001/1620 1656/3126/1667
f 1427/2576/1437 1657/3127/1668 1505/2927/1515
f 1595/2982/1606 1657/3128/1668 1383/2994/1393
f 1515/2781/1525 1653/3122/1664 1517/2784/1527
f 1383/2846/1393 1657/3127/1668 1427/2576/1437
f 1629/3061/1640 1569/2920/1580 1549/2919/1559
f 1576/2929/1587 1629/3061/1640 1549/2919/1559
f 1610/3002/1621 1658/3129/1669 1609/3001/1620
f 1658/3130/1669 1610/3131/1621 1659/3132/1670
f 1659/3132/1670 1610/3131/1621 1630/3133/1641
f 1631/3065/1642 1033/3134/1043 817/3066/824
f 1464/3135/1474 1660/3136/1671 1630/3137/1641
f 1611/3007/1622 1467/3006/1477 1661/3138/1672
f 1662/3139/1673 1522/3140/1532 1341/3141/1351
f 1663/3142/1674 1664/3143/1675 1665/3144/1676
f 1582/2949/1593 1526/2801/1536 1581/2948/1592
f 1666/3145/1677 1531/2809/1541 1477/2811/1487
f 1436/2606/1446 1289/2879/1299 1667/3146/1678
f 1400/2518/1410 1534/3147/1544 939/2519/949
f 1290/2326/1300 1094/1881/1104 1634/3077/1645
f 1668/3148/1679 1482/2709/1492 1483/2711/1493
f 1669/3149/1680 1317/3150/1327 1000/2714/1010
f 1584/2952/1595 1670/3151/1681 1586/2957/1597
f 1671/3152/1682 1586/2957/1597 1670/3151/1681
f 1585/2955/1596 1670/3151/1681 1584/2952/1595
f 1615/3025/1626 1537/2823/1547 1618/3028/1629
f 1616/3026/1627 1672/3153/1683 1405/2527/1415
f 1587/3154/1598 1638/3155/1649 1354/3156/1364
f 1673/3157/1684 1587/2958/1598 1538/2826/1548
f 1186/2443/1196 1324/2725/1334 1674/3158/1685
f 1672/3153/1683 1407/2528/1417 1405/2527/1415
f 1675/3159/1686 1617/3027/1628 1586/2957/1597
f 1675/3159/1686 1586/2957/1597 1671/3152/1682
f 1588/2960/1599 1414/2962/1424 1676/3160/1687
f 1645/3161/1656 1539/3162/1549 1677/3163/1688
f 1677/3164/1688 1539/3091/1549 1640/3085/1651
f 1562/2886/1572 1678/3165/1689 1493/2887/1503
f 1679/3166/1690 1619/3031/1630 1565/2895/1576
f 1643/3095/1654 1491/3034/1501 1619/3033/1630
f 1680/3167/1691 1642/3094/1653 1591/3093/1602
f 1642/3094/1653 1494/2892/1504 1545/2891/1574
f 1681/3168/1692 1646/3101/1657 1623/3043/1634
f 1600/2983/1611 1625/3048/1636 1682/3169/1693
f 1564/2899/1575 1501/2898/1511 1683/3170/1694
f 1565/3171/1576 1684/3172/1695 1679/3173/1690
f 1565/3171/1576 1541/3053/1551 1684/3172/1695
f 1683/3170/1694 1501/2898/1511 1651/3174/1662
f 1684/3172/1695 1541/3053/1551 1647/3119/1658
f 1685/3175/1696 1625/3048/1636 1649/3113/1660
f 1686/3176/1697 1376/2657/1386 1627/3056/1638
f 1597/2979/1608 1687/3177/1698 1456/2661/1466
f 1621/3038/1632 1452/2755/1462 1688/3178/1699
f 1689/3179/1700 1655/3125/1666 1624/3055/1635
f 1689/3180/1700 1624/3046/1635 1648/3112/1659
f 1690/3181/1701 1547/2845/1557 1607/2998/1618
f 1691/3182/1702 1425/2841/1435 1545/2842/1555
f 1601/2984/1612 1657/3183/1668 1595/2977/1606
f 1628/3184/1639 1425/2841/1435 1691/3182/1702
f 1692/3185/1703 1605/2993/1616 1461/2762/1471
f 1606/2996/1617 1279/2309/1289 1693/3186/1704
f 1512/2775/1522 1608/3000/1619 1461/3060/1471
f 1658/3130/1669 1659/3132/1670 1656/3187/1667
f 1694/3188/1705 1461/3060/1471 1608/3000/1619
f 1517/2784/1527 1653/3122/1664 1695/3189/1706
f 1513/2778/1523 1632/3190/1643 1578/2934/1589
f 1573/2923/1584 1696/3191/1707 1608/3000/1619
f 1659/3132/1670 1630/3133/1641 1697/3192/1708
f 1698/3193/1709 1580/2939/1591 1518/2938/1528
f 1573/2923/1584 1699/3194/1710 1696/3191/1707
f 1660/3136/1671 1697/3195/1708 1630/3137/1641
f 1660/3136/1671 1700/3196/1711 1697/3195/1708
f 1608/3000/1619 1696/3191/1707 1694/3188/1705
f 1522/3140/1532 1661/3138/1672 1467/3006/1477
f 1696/3191/1707 1701/3197/1712 1694/3188/1705
f 1580/2939/1591 1701/3197/1712 1523/2946/1533
f 1702/3198/1713 1341/3199/1351 1523/2946/1533
f 1038/1960/1048 1312/2363/1322 1392/2504/1402
f 1346/2430/1356 1480/3020/1490 1529/2807/1539
f 1246/2810/1256 1703/3200/1714 1533/3201/1543
f 1703/3200/1714 1704/3202/1715 1533/3201/1543
f 1533/3203/1543 1705/3204/1716 1633/3205/1644
f 1704/3206/1715 1705/3204/1716 1533/3203/1543
f 920/1581/930 827/1420/834 890/3207/900
f 1291/2327/1301 1706/3208/1717 893/1537/903
f 1144/2710/1154 1668/3148/1679 1483/2711/1493
f 1536/2821/1546 1615/3025/1626 1560/2882/1570
f 1404/2956/1414 1637/3082/1648 1585/2955/1596
f 1353/2441/1363 1186/2443/1196 1674/3158/1685
f 1671/3152/1682 1670/3151/1681 1585/2955/1596
f 1672/3153/1683 1591/2967/1602 1407/2528/1417
f 1675/3159/1686 1707/3209/1718 1617/3027/1628
f 1617/3210/1628 1707/3211/1718 1708/3212/1719
f 1617/3029/1628 1708/3213/1719 1640/3085/1651
f 1708/3213/1719 1677/3164/1688 1640/3085/1651
f 1618/3028/1629 1589/3086/1600 1709/3214/1720
f 1710/3215/1721 1493/2887/1503 1678/3165/1689
f 1360/2532/1370 1712/3216/1722 1215/2533/1225
f 1620/3217/1631 1713/3218/1723 1562/2886/1572
f 1641/3219/1652 1596/2978/1607 1644/3097/1655
f 1494/2892/1504 1642/3094/1653 1680/3167/1691
f 1564/2899/1575 1676/3220/1687 1414/3221/1424
f 1494/3222/1504 1680/3223/1691 1622/3224/1633
f 1714/3225/1724 1620/3039/1631 1621/3038/1632
f 1644/3097/1655 1600/2983/1611 1682/3169/1693
f 1564/2899/1575 1683/3170/1694 1715/3226/1725
f 1711/3227/1726 1679/3173/1690 1684/3172/1695
f 1215/2533/1225 1712/3216/1722 1297/3228/1307
f 1567/2900/1578 1716/3229/1727 1597/2979/1608
f 1716/3229/1727 1567/2900/1578 1598/2980/1609
f 1717/3230/1728 1647/3107/1658 1493/3106/1503
f 1714/3225/1724 1621/3038/1632 1718/3231/1729
f 1563/3232/1573 1719/3233/1730 1497/3045/1507
f 1599/2981/1610 1720/3234/1731 1601/2984/1612
f 1649/3113/1660 1721/3235/1732 1685/3175/1696
f 1718/3231/1729 1621/3038/1632 1688/3178/1699
f 1719/3233/1730 1648/3112/1659 1497/3045/1507
f 1623/3236/1634 1569/2920/1580 1722/3237/1733
f 1722/3237/1733 1569/2920/1580 1723/3238/1734
f 1642/3239/1653 1602/2987/1613 1691/3240/1702
f 1627/3056/1638 1547/2908/1557 1690/3241/1701
f 1599/2981/1610 1571/2915/1582 1724/3242/1735
f 1569/2920/1580 1725/3243/1736 1723/3238/1734
f 1602/2987/1613 1542/3052/1552 1691/3240/1702
f 1688/3244/1699 1603/2990/1614 1726/3245/1737
f 1452/2992/1462 1603/2990/1614 1688/3244/1699
f 1727/3246/1738 1650/3118/1661 1647/3110/1658
f 1647/3247/1658 1652/3248/1663 1727/3249/1738
f 1456/2768/1466 1687/3250/1698 1464/3123/1474
f 1650/3251/1661 1603/3252/1614 1568/3253/1579
f 1728/3254/1739 1657/3183/1668 1601/2984/1612
f 1651/3255/1662 1578/3256/1589 1729/3257/1740
f 1657/3258/1668 1571/2915/1582 1505/2765/1515
f 1725/3243/1736 1569/2920/1580 1629/3061/1640
f 1692/3185/1703 1573/3259/1584 1605/2993/1616
f 1573/3259/1584 1508/2999/1518 1605/2993/1616
f 1609/3260/1620 1658/3130/1669 1656/3187/1667
f 1650/3251/1661 1730/3261/1741 1603/3252/1614
f 1731/3262/1742 1461/3060/1471 1694/3188/1705
f 1726/3245/1737 1603/2990/1614 1730/3263/1741
f 1033/3264/1043 1631/3265/1642 1732/3266/1743
f 1573/2923/1584 1733/3267/1744 1699/3194/1710
f 1578/3256/1589 1632/3268/1643 1734/3269/1745
f 1694/3188/1705 1698/3193/1709 1731/3262/1742
f 1735/3270/1746 683/3271/684 549/3272/550
f 1699/3194/1710 1733/3267/1744 1696/3191/1707
f 1694/3188/1705 1701/3197/1712 1698/3193/1709
f 1733/3267/1744 1736/3273/1747 1696/3191/1707
f 1522/3140/1532 1662/3139/1673 1737/3274/1748
f 913/3275/923 1738/3276/1749 799/3277/806
f 1663/3142/1674 1665/3144/1676 1739/3278/1750
f 1664/3143/1675 1740/3279/1751 1665/3144/1676
f 1741/3280/1752 1528/2805/1538 1582/2949/1593
f 1529/3014/1539 1742/3281/1753 1581/2948/1592
f 1531/2809/1541 1666/3145/1677 1614/3019/1625
f 1614/3019/1625 1703/3200/1714 1246/2810/1256
f 1270/2875/1280 1743/3282/1754 1558/2877/1568
f 1744/3283/1755 994/3284/1004 918/3285/928
f 1745/3286/1756 1746/3287/1757 890/3288/900
f 1437/2609/1447 1349/2608/1359 1747/3289/1758
f 1482/2709/1492 1668/3148/1679 1583/2951/1594
f 1616/3026/1627 1406/2718/1416 1748/3290/1759
f 1616/3026/1627 1748/3290/1759 1672/3153/1683
f 1638/3083/1649 1749/3291/1760 1637/3082/1648
f 1560/2882/1570 1615/3025/1626 1750/3292/1761
f 1638/3155/1649 1587/3154/1598 1751/3293/1762
f 1750/3292/1761 1673/3157/1684 1538/2826/1548
f 1560/2882/1570 1750/3292/1761 1538/2826/1548
f 1674/3158/1685 1639/3084/1650 1353/2441/1363
f 1615/3025/1626 1618/3028/1629 1750/3292/1761
f 1590/3294/1601 1593/3090/1604 1752/3295/1763
f 1593/3090/1604 1641/3089/1652 1752/3295/1763
f 1589/3296/1600 1590/3297/1601 1709/3298/1720
f 1619/3033/1630 1753/3299/1764 1643/3095/1654
f 1643/3095/1654 1754/3300/1765 1563/3096/1573
f 1714/3301/1724 1713/3302/1723 1620/3303/1631
f 1493/3106/1503 1755/3304/1766 1717/3230/1728
f 1367/3305/1377 1297/3306/1307 1756/3307/1767
f 1625/3048/1636 1685/3175/1696 1682/3169/1693
f 1681/3168/1692 1757/3308/1768 1646/3101/1657
f 1622/3103/1633 1758/3309/1769 1542/3104/1552
f 1645/3098/1656 1759/3310/1770 1598/3099/1609
f 1646/3101/1657 1757/3308/1768 1760/3311/1771
f 1681/3168/1692 1623/3043/1634 1722/3312/1733
f 1716/3229/1727 1761/3313/1772 1597/2979/1608
f 1647/3314/1658 1762/3315/1773 1684/3316/1695
f 1646/3101/1657 1760/3311/1771 1763/3317/1774
f 1599/2981/1610 1724/3242/1735 1720/3234/1731
f 1646/3101/1657 1763/3317/1774 1626/3108/1637
f 1648/3112/1659 1719/3233/1730 1689/3180/1700
f 1542/3104/1552 1764/3318/1775 1691/3319/1702
f 1688/3244/1699 1726/3245/1737 1718/3320/1729
f 1723/3238/1734 1725/3243/1736 1629/3061/1640
f 1656/3126/1667 1690/3181/1701 1607/2998/1618
f 1628/3057/1639 1691/3321/1702 1765/3322/1776
f 1303/2346/1313 1606/2995/1617 1649/3113/1660
f 1628/3057/1639 1766/3323/1777 1629/3061/1640
f 1659/3132/1670 1767/3324/1778 1656/3187/1667
f 1767/3324/1778 1659/3132/1670 1697/3192/1708
f 1518/3325/1528 1611/3326/1622 1768/3327/1779
f 1464/3135/1474 1769/3328/1780 1660/3136/1671
f 1650/3329/1661 1770/3330/1781 1730/3331/1741
f 1385/3332/1395 1771/3333/1782 1081/3334/1091
f 1573/2923/1584 1692/3335/1703 1733/3267/1744
f 1730/3331/1741 1772/3336/1783 1773/3337/1784
f 1770/3330/1781 1772/3336/1783 1730/3331/1741
f 1654/3124/1665 1774/3338/1785 1652/3121/1663
f 1769/3328/1780 1700/3196/1711 1660/3136/1671
f 1661/3138/1672 1522/3140/1532 1737/3274/1748
f 1580/2939/1591 1698/3193/1709 1701/3197/1712
f 1696/3191/1707 1736/3273/1747 1702/3198/1713
f 1701/3197/1712 1702/3198/1713 1523/2946/1533
f 1696/3191/1707 1702/3198/1713 1701/3197/1712
f 1663/3339/1674 1775/3340/1786 1664/3341/1675
f 1665/3144/1676 1740/3279/1751 1739/3278/1750
f 1776/3342/1787 1614/3019/1625 1666/3145/1677
f 1528/2805/1538 1777/3343/1788 1477/2869/1487
f 1348/2874/1358 1743/3282/1754 1270/2875/1280
f 1633/3344/1644 1744/3345/1755 918/3346/928
f 1436/2606/1446 1667/3146/1678 1778/3347/1789
f 843/3076/853 1745/3286/1756 890/3288/900
f 1636/3079/1647 1668/3348/1679 1000/2714/1010
f 1636/3080/1647 1583/2951/1594 1668/3148/1679
f 1145/1981/1155 1779/3349/1790 1095/2065/1105
f 1637/3082/1648 1780/3350/1791 1585/2955/1596
f 1406/2718/1416 1487/2884/1497 1748/3290/1759
f 1751/3293/1762 1749/3351/1760 1638/3155/1649
f 1673/3157/1684 1751/3352/1762 1587/2958/1598
f 1673/3157/1684 1781/3353/1792 1751/3352/1762
f 1671/3152/1682 1782/3354/1793 1675/3159/1686
f 1675/3159/1686 1782/3354/1793 1707/3209/1718
f 1676/3160/1687 1783/3355/1794 1588/2960/1599
f 1679/3166/1690 1784/3356/1795 1619/3031/1630
f 1619/3033/1630 1784/3357/1795 1753/3299/1764
f 1562/2886/1572 1710/3215/1721 1678/3165/1689
f 1709/3298/1720 1590/3297/1601 1785/3358/1796
f 1590/3294/1601 1752/3295/1763 1786/3359/1797
f 1710/3360/1721 1755/3304/1766 1493/3106/1503
f 1786/3361/1797 1785/3358/1796 1590/3297/1601
f 1564/2899/1575 1715/3226/1725 1676/3220/1687
f 1680/3362/1691 1758/3309/1769 1622/3103/1633
f 1684/3172/1695 1762/3363/1773 1711/3227/1726
f 1712/3364/1722 1787/3365/1798 1297/3366/1307
f 1601/2984/1612 1720/3234/1731 1785/3367/1796
f 1759/3310/1770 1788/3368/1799 1598/3099/1609
f 1759/3310/1770 1789/3369/1800 1788/3368/1799
f 1759/3310/1770 1688/3370/1801 1789/3369/1800
f 1542/3104/1552 1758/3309/1769 1764/3318/1775
f 1723/3238/1734 1790/3371/1802 1722/3237/1733
f 1788/3372/1799 1791/3373/1803 1598/2980/1609
f 1726/3245/1737 1792/3374/1804 1718/3320/1729
f 1718/3231/1729 1792/3375/1804 1714/3225/1724
f 1727/3246/1738 1793/3376/1805 1650/3118/1661
f 1727/3249/1738 1652/3248/1663 1794/3377/1806
f 1721/3235/1732 1649/3113/1660 1795/3378/1807
f 1629/3061/1640 1790/3371/1802 1723/3238/1734
f 1758/3309/1769 1768/3327/1779 1764/3318/1775
f 1454/2652/1464 1796/3379/1808 1653/3122/1664
f 1656/3380/1667 1797/3381/1809 1690/3382/1701
f 1464/3135/1474 1687/3383/1698 1798/3384/1810
f 1461/2762/1471 1768/3385/1779 1692/3185/1703
f 1572/3114/1583 1799/3386/1811 1463/3387/1473
f 1765/3388/1776 1691/3389/1702 1800/3390/1812
f 1691/3389/1702 1801/3391/1813 1800/3390/1812
f 1691/3389/1702 1611/3392/1622 1801/3391/1813
f 1764/3393/1775 1611/3392/1622 1691/3389/1702
f 1764/3318/1775 1768/3327/1779 1611/3326/1622
f 1461/2762/1471 1731/3394/1742 1768/3385/1779
f 1726/3245/1737 1730/3263/1741 1792/3374/1804
f 1655/3125/1666 1689/3179/1700 1654/3124/1665
f 1033/1768/1043 1732/3395/1743 1279/2309/1289
f 1578/3256/1589 1734/3269/1745 1729/3257/1740
f 1611/3392/1622 1661/3396/1672 1801/3391/1813
f 1768/3397/1779 1731/3262/1742 1518/2938/1528
f 1653/3122/1664 1802/3398/1814 1695/3189/1706
f 1767/3399/1778 1697/3195/1708 1803/3400/1815
f 1689/3179/1700 1804/3401/1816 1654/3124/1665
f 1661/3396/1672 1805/3402/1817 1801/3391/1813
f 1731/3262/1742 1698/3193/1709 1518/2938/1528
f 1692/3335/1703 1806/3403/1818 1733/3267/1744
f 1700/3196/1711 1803/3400/1815 1697/3195/1708
f 1700/3196/1711 1807/3404/1819 1803/3400/1815
f 1769/3328/1780 1807/3404/1819 1700/3196/1711
f 1654/3124/1665 1804/3401/1816 1774/3338/1785
f 1661/3396/1672 1737/3405/1748 1805/3402/1817
f 1664/3341/1675 1775/3340/1786 1740/3406/1751
f 1613/3012/1624 1808/3407/1820 1396/2511/1406
f 1581/2948/1592 1742/3281/1753 1582/2949/1593
f 1776/3408/1787 1666/3409/1677 1809/3410/1821
f 1810/3411/1822 1614/3019/1625 1776/3342/1787
f 1529/2807/1539 1480/3020/1490 1811/3412/1823
f 1477/2811/1487 1777/3413/1788 1666/3145/1677
f 1810/3411/1822 1703/3200/1714 1614/3019/1625
f 1348/2512/1358 1557/2868/1567 1812/3414/1824
f 1705/3204/1716 1813/3415/1825 1633/3205/1644
f 1814/3416/1826 843/3076/853 1534/3075/1544
f 1814/3416/1826 1815/3417/1827 843/3076/853
f 893/1537/903 1706/3208/1717 1247/3418/1257
f 1706/3419/1717 942/1624/952 1247/2237/1257
f 1668/3148/1679 1144/2710/1154 1635/3078/1646
f 1292/2328/1302 1816/3420/1828 1210/2130/1220
f 1210/2435/1220 1779/3349/1790 1145/1981/1155
f 1817/3421/1829 1318/3422/1328 1095/2065/1105
f 1487/2884/1497 1588/3423/1599 1748/3290/1759
f 1750/3292/1761 1618/3028/1629 1818/3424/1830
f 1618/3425/1629 1819/3426/1831 1818/3427/1830
f 1680/3428/1691 1591/3429/1602 1783/3430/1794
f 1707/3211/1718 1677/3431/1688 1708/3212/1719
f 1713/3432/1723 1677/3431/1688 1707/3211/1718
f 1679/3173/1690 1711/3227/1726 1820/3433/1832
f 1783/3355/1794 1758/3309/1769 1680/3362/1691
f 1562/2886/1572 1713/3218/1723 1710/3215/1721
f 1643/3095/1654 1753/3299/1764 1754/3300/1765
f 1752/3295/1763 1641/3089/1652 1786/3359/1797
f 1783/3355/1794 1676/3160/1687 1821/3434/1833
f 1645/3161/1656 1677/3163/1688 1759/3435/1770
f 1677/3163/1688 1713/3436/1723 1714/3225/1724
f 1783/3355/1794 1821/3434/1833 1758/3309/1769
f 1715/3226/1725 1822/3437/1834 1676/3220/1687
f 1715/3226/1725 1823/3438/1835 1822/3437/1834
f 1785/3367/1796 1720/3234/1731 1709/3439/1720
f 1822/3437/1834 1821/3440/1833 1676/3220/1687
f 1683/3170/1694 1823/3438/1835 1715/3226/1725
f 1563/3232/1573 1824/3441/1836 1719/3233/1730
f 1721/3235/1732 1825/3442/1837 1685/3175/1696
f 1709/3439/1720 1720/3234/1731 1724/3242/1735
f 1626/3050/1637 1763/3443/1774 1826/3444/1838
f 1758/3309/1769 1821/3434/1833 1768/3327/1779
f 1376/2654/1386 1686/3445/1697 1454/2652/1464
f 1598/2980/1609 1791/3373/1803 1716/3229/1727
f 1727/3246/1738 1827/3446/1839 1793/3376/1805
f 1727/3249/1738 1794/3377/1806 1827/3447/1839
f 1719/3233/1730 1828/3448/1840 1689/3180/1700
f 1571/2915/1582 1829/3449/1841 1724/3242/1735
f 1657/3258/1668 1830/3450/1842 1571/2915/1582
f 1649/3113/1660 1606/2995/1617 1795/3378/1807
f 1628/3057/1639 1765/3322/1776 1831/3451/1843
f 1774/3452/1785 1832/3453/1844 1652/3248/1663
f 1828/3448/1840 1804/3454/1816 1689/3180/1700
f 1800/3390/1812 1833/3455/1845 1765/3388/1776
f 1650/3456/1661 1834/3457/1846 1770/3458/1781
f 296/3459/297 1835/3460/1847 1631/3461/1642
f 1800/3390/1812 1805/3402/1817 1833/3455/1845
f 1801/3391/1813 1805/3402/1817 1800/3390/1812
f 1834/3457/1846 1772/3462/1783 1770/3458/1781
f 125/3463/125 1836/3464/1848 549/3465/550
f 1632/3268/1643 1837/3466/1849 1734/3269/1745
f 1632/3067/1643 1517/2784/1527 1837/3467/1849
f 1695/3189/1706 1837/3467/1849 1517/2784/1527
f 1838/3468/1850 1839/3469/1851 1840/3470/1852
f 799/3471/806 1738/3472/1749 1842/3473/1853
f 1736/3273/1747 1843/3474/1854 1702/3198/1713
f 1736/3273/1747 1733/3267/1744 1843/3474/1854
f 1662/3139/1673 1844/3475/1855 1737/3274/1748
f 1663/3142/1674 1739/3278/1750 1775/3476/1786
f 1845/3477/1856 1776/3478/1787 1846/3479/1857
f 1341/3199/1351 1702/3198/1713 1662/3480/1673
f 1845/3481/1856 1847/3482/1858 1776/3483/1787
f 1613/3012/1624 1392/2504/1402 1808/3407/1820
f 1847/3484/1858 1848/3485/1859 1776/3486/1787
f 1582/2949/1593 1742/3281/1753 1849/3487/1860
f 1849/3487/1860 1742/3281/1753 1529/3014/1539
f 1776/3486/1787 1848/3485/1859 1810/3488/1822
f 1528/2805/1538 1850/3489/1861 1777/3343/1788
f 1848/3490/1859 1703/3491/1714 1810/3492/1822
f 1777/3493/1788 1851/3494/1862 1666/3495/1677
f 1852/3496/1863 1853/3497/1864 1348/2874/1358
f 1812/3498/1824 1852/3496/1863 1348/2874/1358
f 1854/3499/1865 1744/3283/1755 1633/3500/1644
f 942/1624/952 1855/3501/1866 1049/1799/1059
f 1210/2435/1220 1816/3502/1828 1779/3349/1790
f 1095/2065/1105 1779/3349/1790 1817/3421/1829
f 1588/3423/1599 1856/3503/1867 1748/3290/1759
f 1673/3157/1684 1818/3424/1830 1781/3353/1792
f 1750/3292/1761 1818/3424/1830 1673/3157/1684
f 1782/3354/1793 1671/3152/1682 1857/3504/1868
f 1858/3505/1869 1857/3504/1868 1671/3152/1682
f 1588/3506/1599 1783/3430/1794 1856/3507/1867
f 1672/3508/1683 1783/3430/1794 1591/3429/1602
f 1618/3425/1629 1859/3509/1870 1819/3426/1831
f 1710/3360/1721 1860/3510/1871 1755/3304/1766
f 1711/3511/1726 1762/3315/1773 1820/3512/1832
f 1709/3513/1720 1861/3514/1872 1862/3515/1873
f 1682/3169/1693 1863/3516/1874 1644/3097/1655
f 1786/3359/1797 1864/3517/1875 1785/3518/1796
f 1647/3314/1658 1717/3519/1728 1762/3315/1773
f 1563/3096/1573 1754/3300/1765 1824/3520/1836
f 1709/3513/1720 1824/3521/1836 1861/3514/1872
f 1785/3518/1796 1864/3517/1875 1728/3522/1739
f 1760/3311/1771 1865/3523/1876 1763/3317/1774
f 1760/3311/1771 1866/3524/1877 1865/3523/1876
f 1757/3308/1768 1866/3524/1877 1760/3311/1771
f 1757/3308/1768 1681/3168/1692 1866/3524/1877
f 1709/3513/1720 1724/3525/1735 1824/3521/1836
f 1785/3367/1796 1728/3254/1739 1601/2984/1612
f 1712/3364/1722 1722/3237/1733 1790/3371/1802
f 1824/3526/1836 1724/3242/1735 1719/3527/1730
f 1688/3370/1801 1759/3310/1770 1867/3528/1878
f 1597/2979/1608 1761/3313/1772 1868/3529/1879
f 1688/3370/1801 1867/3528/1878 1789/3369/1800
f 1651/3255/1662 1869/3530/1880 1683/3531/1694
f 1597/2979/1608 1868/3529/1879 1687/3177/1698
f 1789/3369/1800 1867/3528/1878 1788/3368/1799
f 1788/3372/1799 1870/3532/1881 1791/3373/1803
f 1690/3533/1701 1797/3534/1809 1871/3535/1882
f 1798/3384/1810 1687/3383/1698 1872/3536/1883
f 1657/3537/1668 1728/3522/1739 1830/3538/1842
f 1873/3539/1884 1790/3371/1802 1629/3061/1640
f 1796/3379/1808 1802/3398/1814 1653/3122/1664
f 1767/3324/1778 1874/3540/1885 1656/3187/1667
f 1873/3539/1884 1629/3061/1640 1766/3323/1777
f 1628/3057/1639 1831/3451/1843 1766/3323/1777
f 1765/3322/1776 1875/3541/1886 1831/3451/1843
f 1464/3135/1474 1798/3384/1810 1769/3328/1780
f 1792/3542/1804 1730/3543/1741 1876/3544/1887
f 1793/3545/1805 1834/3457/1846 1650/3456/1661
f 1765/3388/1776 1833/3455/1845 1875/3546/1886
f 1767/3399/1778 1877/3547/1888 1874/3548/1885
f 1803/3400/1815 1877/3547/1888 1767/3399/1778
f 1730/3543/1741 1773/3549/1784 1876/3544/1887
f 1279/2309/1289 1732/3395/1743 1693/3186/1704
f 799/2190/806 1842/3550/1853 1233/2191/1243
f 1845/3551/1856 1878/3552/1889 1879/3553/1890
f 1880/3554/1891 1845/3551/1856 1879/3553/1890
f 1838/3468/1850 1840/3470/1852 1841/3555/1892
f 1881/3556/1893 1882/3557/1894 1883/3558/1895
f 1878/3552/1889 1845/3551/1856 1846/3559/1857
f 1845/3481/1856 1884/3560/1896 1885/3561/1897
f 1883/3558/1895 1882/3557/1894 1886/3562/1898
f 1887/3563/1899 1888/3564/1900 1889/3565/1901
f 1890/3566/1902 1887/3563/1899 1889/3565/1901
f 1884/3560/1896 1886/3567/1898 1885/3561/1897
f 1882/3568/1894 1891/3569/1903 1892/3570/1904
f 1882/3571/1894 1893/3572/1905 1891/3573/1903
f 1890/3574/1902 1889/3575/1901 1894/3576/1906
f 1845/3481/1856 1885/3561/1897 1847/3482/1858
f 1844/3475/1855 1662/3139/1673 1895/3577/1907
f 1885/3561/1897 1886/3567/1898 1847/3482/1858
f 1882/3568/1894 1892/3570/1904 1886/3578/1898
f 1886/3567/1898 1896/3579/1908 1847/3482/1858
f 1886/3578/1898 1892/3570/1904 1896/3580/1908
f 1582/2949/1593 1849/3487/1860 1741/3280/1752
f 1847/3484/1858 1897/3581/1909 1848/3485/1859
f 1809/3410/1821 1666/3409/1677 1898/3582/1910
f 1703/3491/1714 1899/3583/1911 1704/3584/1715
f 1704/3206/1715 1813/3415/1825 1705/3204/1716
f 1813/3415/1825 1900/3585/1912 1633/3205/1644
f 1633/3500/1644 1900/3586/1912 1854/3499/1865
f 1901/3587/1913 1140/1974/1150 1559/3588/1569
f 1349/2433/1359 1481/2708/1491 1902/3589/1914
f 1481/2708/1491 1903/3590/1915 1904/3591/1916
f 1290/2326/1300 1905/3592/1917 1291/2327/1301
f 1292/2328/1302 1317/2372/1327 1906/3593/1918
f 1780/3350/1791 1671/3152/1682 1585/2955/1596
f 1748/3290/1759 1856/3503/1867 1672/3153/1683
f 1907/3594/1919 1639/3084/1650 1674/3158/1685
f 1908/3595/1920 1674/3158/1685 1324/2725/1334
f 1907/3594/1919 1360/2623/1370 1639/3084/1650
f 1672/3508/1683 1856/3507/1867 1783/3430/1794
f 1782/3354/1793 1909/3596/1921 1707/3209/1718
f 1909/3596/1921 1782/3354/1793 1857/3504/1868
f 1818/3427/1830 1819/3426/1831 1753/3299/1764
f 1753/3299/1764 1819/3426/1831 1910/3597/1922
f 1713/3598/1723 1707/3209/1718 1909/3596/1921
f 1753/3299/1764 1784/3357/1795 1911/3599/1923
f 1713/3598/1723 1909/3596/1921 1710/3600/1721
f 1820/3433/1832 1784/3601/1795 1679/3173/1690
f 1618/3602/1629 1709/3513/1720 1862/3515/1873
f 1820/3512/1832 1762/3315/1773 1912/3603/1924
f 1864/3517/1875 1786/3359/1797 1641/3089/1652
f 1863/3516/1874 1682/3169/1693 1685/3175/1696
f 1912/3603/1924 1762/3315/1773 1717/3519/1728
f 1755/3304/1766 1913/3604/1925 1717/3230/1728
f 1914/3605/1926 1913/3604/1925 1755/3304/1766
f 1787/3365/1798 1756/3606/1767 1297/3366/1307
f 1914/3605/1926 1827/3607/1839 1913/3604/1925
f 1865/3523/1876 1826/3608/1838 1763/3317/1774
f 1914/3609/1926 1793/3376/1805 1827/3446/1839
f 1913/3610/1925 1827/3447/1839 1794/3377/1806
f 1822/3437/1834 1768/3611/1779 1821/3440/1833
f 1829/3449/1841 1719/3527/1730 1724/3242/1735
f 1915/3612/1927 1719/3527/1730 1829/3449/1841
f 1823/3438/1835 1692/3613/1703 1822/3437/1834
f 1869/3614/1880 1823/3438/1835 1683/3170/1694
f 1916/3615/1928 1721/3235/1732 1795/3378/1807
f 1768/3611/1779 1822/3437/1834 1692/3613/1703
f 1823/3438/1835 1917/3616/1929 1692/3613/1703
f 1716/3229/1727 1791/3373/1803 1761/3313/1772
f 1761/3313/1772 1791/3373/1803 1868/3529/1879
f 1826/3444/1838 1918/3617/1930 1626/3050/1637
f 1919/3618/1931 1870/3619/1881 1788/3368/1799
f 1918/3617/1930 1572/3114/1583 1626/3050/1637
f 1920/3620/1932 1790/3371/1802 1873/3539/1884
f 1797/3621/1809 1656/3187/1667 1874/3540/1885
f 1791/3373/1803 1921/3622/1933 1868/3529/1879
f 1729/3257/1740 1734/3269/1745 1796/3623/1808
f 1687/3177/1698 1868/3529/1879 1921/3622/1933
f 1687/3383/1698 1922/3624/1934 1872/3536/1883
f 1923/3625/1935 1807/3404/1819 1769/3328/1780
f 1921/3626/1933 1922/3624/1934 1687/3383/1698
f 1888/3627/1900 1833/3628/1845 1924/3629/1936
f 1833/3455/1845 1805/3402/1817 1924/3630/1936
f 1917/3631/1929 1806/3403/1818 1692/3335/1703
f 1841/3632/1937 1871/3633/1882 1839/3634/1938
f 1925/3635/1939 1773/3636/1784 1772/3462/1783
f 1926/3637/1940 1774/3638/1785 1804/3639/1816
f 1927/3640/1941 1845/3551/1856 1880/3554/1891
f 1928/3641/1942 1922/3624/1934 1921/3626/1933
f 1890/3574/1902 1929/3642/1943 1887/3643/1899
f 1929/3644/1943 1888/3564/1900 1887/3563/1899
f 1884/3645/1896 1845/3551/1856 1927/3640/1941
f 1886/3562/1898 1884/3646/1896 1883/3558/1895
f 1805/3402/1817 1930/3647/1944 1931/3648/1945
f 1737/3405/1748 1844/3649/1855 1805/3402/1817
f 1806/3403/1818 1843/3474/1854 1733/3267/1744
f 1844/3649/1855 1930/3647/1944 1805/3402/1817
f 1932/3650/1946 1846/3479/1857 1776/3478/1787
f 1933/3651/1947 1890/3574/1902 1894/3576/1906
f 1893/3572/1905 1933/3652/1947 1891/3573/1903
f 1931/3648/1945 1930/3647/1944 1895/3653/1907
f 1934/3654/1948 1775/3655/1786 1739/3656/1750
f 1844/3475/1855 1895/3577/1907 1930/3657/1944
f 1776/3408/1787 1809/3410/1821 1898/3582/1910
f 1884/3646/1896 1896/3658/1908 1935/3659/1949
f 1937/3660/1950 1847/3482/1858 1896/3579/1908
f 1938/3661/1951 1896/3580/1908 1892/3570/1904
f 1938/3661/1951 1892/3570/1904 1891/3569/1903
f 1937/3662/1950 1939/3663/1952 1847/3484/1858
f 1939/3663/1952 1897/3581/1909 1847/3484/1858
f 1741/3280/1752 1850/3489/1861 1528/2805/1538
f 1666/3409/1677 1940/3664/1953 1898/3582/1910
f 1940/3664/1953 1666/3409/1677 1851/3665/1862
f 1941/3666/1954 1480/3667/1490 1852/3668/1863
f 1853/3497/1864 1852/3496/1863 1480/3669/1490
f 1743/3282/1754 1348/2874/1358 1853/3497/1864
f 1900/3586/1912 1744/3283/1755 1854/3499/1865
f 889/1533/899 1271/2292/1281 1942/3670/1955
f 1943/3671/1956 1815/3417/1827 1814/3416/1826
f 1944/3672/1957 890/3288/900 1746/3287/1757
f 1292/2328/1302 1906/3593/1918 1816/3420/1828
f 1749/3673/1760 1945/3674/1958 1637/3675/1648
f 1780/3676/1791 1637/3675/1648 1945/3674/1958
f 1751/3293/1762 1946/3677/1959 1749/3351/1760
f 1751/3293/1762 1947/3678/1960 1946/3677/1959
f 1818/3427/1830 1753/3299/1764 1911/3599/1923
f 1946/3679/1959 1911/3680/1923 1820/3433/1832
f 1820/3433/1832 1911/3680/1923 1784/3601/1795
f 1859/3509/1870 1618/3425/1629 1862/3681/1873
f 1324/2725/1334 1367/3305/1377 1756/3307/1767
f 1909/3682/1921 1860/3510/1871 1710/3360/1721
f 1360/2532/1370 1948/3683/1961 1712/3216/1722
f 1759/3435/1770 1677/3163/1688 1949/3684/1962
f 1910/3597/1922 1754/3300/1765 1753/3299/1764
f 1910/3597/1922 1824/3520/1836 1754/3300/1765
f 1863/3516/1874 1685/3175/1696 1825/3442/1837
f 1860/3510/1871 1914/3605/1926 1755/3304/1766
f 1722/3685/1733 1950/3686/1963 1681/3687/1692
f 1951/3688/1964 1722/3237/1733 1712/3364/1722
f 1861/3514/1872 1824/3521/1836 1952/3689/1965
f 1861/3514/1872 1952/3689/1965 1953/3690/1966
f 1794/3377/1806 1954/3691/1967 1913/3610/1925
f 1824/3521/1836 1915/3692/1927 1952/3689/1965
f 1829/3449/1841 1952/3693/1965 1915/3612/1927
f 1627/3056/1638 1690/3241/1701 1955/3694/1968
f 1916/3615/1928 1795/3378/1807 1606/2995/1617
f 1869/3614/1880 1917/3616/1929 1823/3438/1835
f 1867/3528/1878 1919/3618/1931 1788/3368/1799
f 1829/3449/1841 1571/2915/1582 1952/3693/1965
f 1794/3377/1806 1652/3248/1663 1832/3453/1844
f 1572/3114/1583 1918/3617/1930 1799/3386/1811
f 1873/3539/1884 1766/3323/1777 1920/3620/1932
f 1869/3695/1880 1956/3696/1969 1917/3697/1929
f 1734/3269/1745 1957/3698/1970 1796/3623/1808
f 1828/3448/1840 1958/3699/1971 1804/3454/1816
f 1831/3451/1843 1875/3541/1886 1959/3700/1972
f 1875/3701/1886 1833/3628/1845 1888/3627/1900
f 1803/3400/1815 1807/3404/1819 1877/3547/1888
f 1791/3373/1803 1928/3702/1942 1921/3622/1933
f 1879/3553/1890 1927/3640/1941 1880/3554/1891
f 1881/3703/1893 1960/3704/1973 1882/3571/1894
f 1802/3705/1814 1837/3706/1849 1695/3707/1706
f 1879/3553/1890 1878/3552/1889 1799/3708/1811
f 1888/3627/1900 1924/3629/1936 1961/3709/1974
f 1956/3710/1969 1806/3403/1818 1917/3631/1929
f 1773/3711/1784 1925/3712/1939 1962/3713/1975
f 1832/3453/1844 1774/3452/1785 1925/3635/1939
f 1774/3638/1785 1926/3637/1940 1925/3714/1939
f 1963/3715/1976 1964/3716/1977 1839/3717/1938
f 1922/3624/1934 1928/3641/1942 1965/3718/1978
f 1805/3402/1817 1931/3648/1945 1924/3630/1936
f 1846/3479/1857 1966/3719/1979 1878/3720/1889
f 1883/3558/1895 1884/3646/1896 1881/3556/1893
f 1882/3571/1894 1967/3721/1980 1893/3572/1905
f 1890/3574/1902 1933/3651/1947 1929/3642/1943
f 1968/3722/1981 1738/3276/1749 913/3275/923
f 1898/3723/1910 1969/3724/1982 1776/3478/1787
f 1895/3577/1907 1970/3725/1983 1931/3726/1945
f 1934/3727/1948 1971/3728/1984 1775/3729/1786
f 1884/3645/1896 1937/3730/1950 1896/3731/1908
f 1971/3728/1984 1936/3732/1985 1775/3729/1786
f 1936/3733/1985 1972/3734/1986 1739/3656/1750
f 1936/3733/1985 1971/3735/1984 1972/3734/1986
f 1312/3736/1322 1808/3737/1820 1392/3738/1402
f 1396/2511/1406 1808/3407/1820 1557/2868/1567
f 1849/3739/1860 1529/3740/1539 1973/3741/1987
f 1811/3412/1823 1480/3020/1490 1941/3742/1954
f 1480/3743/1490 1436/3744/1446 1974/3745/1988
f 1436/3744/1446 1778/3746/1789 1974/3745/1988
f 1900/3586/1912 1975/3747/1989 1744/3283/1755
f 1814/3416/1826 1534/3075/1544 1943/3671/1956
f 1976/3748/1990 1745/3286/1756 843/3076/853
f 1749/3673/1760 1946/3749/1959 1945/3674/1958
f 1781/3353/1792 1947/3750/1960 1751/3352/1762
f 1781/3751/1792 1911/3599/1923 1947/3752/1960
f 1781/3751/1792 1818/3427/1830 1911/3599/1923
f 1911/3680/1923 1946/3679/1959 1977/3753/1991
f 1909/3682/1921 1978/3754/1992 1860/3510/1871
f 1949/3684/1962 1677/3163/1688 1714/3225/1724
f 1759/3435/1770 1949/3684/1962 1979/3755/1993
f 1717/3519/1728 1913/3756/1925 1912/3603/1924
f 1913/3756/1925 1954/3757/1967 1912/3603/1924
f 1722/3758/1733 1951/3759/1964 1950/3760/1963
f 1866/3761/1877 1980/3762/1994 1865/3763/1876
f 1681/3764/1692 1980/3762/1994 1866/3761/1877
f 1721/3235/1732 1916/3615/1928 1825/3442/1837
f 1759/3435/1770 1981/3765/1995 1867/3766/1878
f 1915/3767/1927 1828/3448/1840 1719/3233/1730
f 1867/3766/1878 1981/3765/1995 1982/3768/1996
f 1714/3225/1724 1792/3375/1804 1981/3765/1995
f 1728/3522/1739 1983/3769/1997 1830/3538/1842
f 1830/3450/1842 1984/3770/1998 1571/2915/1582
f 1796/3771/1808 1957/3772/1970 1802/3705/1814
f 1797/3621/1809 1985/3773/1999 1871/3774/1882
f 1874/3540/1885 1877/3775/1888 1797/3621/1809
f 1463/3387/1473 1986/3776/2000 1385/3777/1395
f 1831/3451/1843 1959/3700/1972 1766/3323/1777
f 1769/3328/1780 1798/3384/1810 1923/3625/1935
f 1871/3633/1882 1963/3778/1976 1839/3634/1938
f 1871/3774/1882 1985/3773/1999 1963/3779/1976
f 1807/3404/1819 1923/3625/1935 1877/3547/1888
f 1922/3624/1934 1965/3718/1978 1872/3536/1883
f 1828/3780/1840 1987/3781/2001 1958/3782/1971
f 1799/3708/1811 1927/3640/1941 1879/3553/1890
f 1734/3269/1745 1837/3466/1849 1957/3698/1970
f 1958/3783/1971 1987/3784/2001 1804/3785/1816
f 1881/3556/1893 1988/3786/2002 1960/3787/1973
f 1985/3773/1999 1989/3788/2003 1963/3779/1976
f 1990/3789/2004 1925/3635/1939 1772/3462/1783
f 1929/3790/1943 1959/3700/1972 1875/3541/1886
f 1929/3791/1943 1875/3792/1886 1888/3793/1900
f 1963/3715/1976 1989/3794/2003 1964/3716/1977
f 1884/3646/1896 1988/3786/2002 1881/3556/1893
f 1893/3572/1905 1929/3795/1943 1933/3652/1947
f 1884/3646/1896 1935/3659/1949 1988/3786/2002
f 1888/3564/1900 1991/3796/2005 1889/3565/1901
f 1776/3478/1787 1969/3724/1982 1932/3650/1946
f 1889/3565/1901 1991/3796/2005 1894/3797/1906
f 1741/3798/1752 1849/3739/1860 1992/3799/2006
f 1993/3800/2007 1850/3801/1861 1741/3798/1752
f 1852/3802/1863 1812/3803/1824 1941/3804/1954
f 1480/3743/1490 1994/3805/2008 1853/3806/1864
f 1900/3585/1912 1813/3415/1825 1975/3807/1989
f 1813/3415/1825 1995/3808/2009 1975/3807/1989
f 1558/3809/1568 1996/3810/2010 1048/3811/1058
f 1744/3283/1755 1975/3747/1989 1995/3812/2009
f 1744/3283/1755 1995/3812/2009 994/3284/1004
f 1481/2708/1491 1179/2881/1189 1903/3590/1915
f 968/1672/978 1318/2373/1328 1997/3813/2011
f 1817/3421/1829 1997/3814/2011 1318/3422/1328
f 1947/3678/1960 1998/3815/2012 1946/3677/1959
f 1945/3674/1958 1946/3749/1959 1820/3816/1832
f 1998/3817/2012 1977/3753/1991 1946/3679/1959
f 1907/3594/1919 1948/3818/1961 1360/2623/1370
f 1857/3819/1868 1999/3820/2013 1909/3682/1921
f 1977/3753/1991 2000/3821/2014 1911/3680/1923
f 1819/3426/1831 2001/3822/2015 1910/3597/1922
f 1820/3512/1832 1912/3603/1924 2002/3823/2016
f 1861/3514/1872 1953/3690/1966 1862/3515/1873
f 1912/3603/1924 1954/3757/1967 2002/3823/2016
f 1641/3089/1652 2003/3824/2017 1864/3517/1875
f 1910/3825/1922 2004/3826/2018 1824/3827/1836
f 1950/3760/1963 1980/3762/1994 1681/3764/1692
f 1759/3435/1770 1979/3755/1993 1981/3765/1995
f 1714/3225/1724 1981/3765/1995 1949/3684/1962
f 1712/3364/1722 1790/3371/1802 2005/3828/2019
f 1728/3522/1739 1864/3517/1875 2003/3824/2017
f 1796/3379/1808 1454/2652/1464 1686/3445/1697
f 1870/3829/1881 2006/3830/2020 1791/3831/1803
f 1981/3765/1995 1792/3375/1804 1982/3768/1996
f 1690/3241/1701 1871/3832/1882 1955/3694/1968
f 1606/2995/1617 1693/3833/1704 2007/3834/2021
f 1463/3387/1473 2008/3835/2022 1986/3776/2000
f 1797/3621/1809 1877/3775/1888 1985/3773/1999
f 1385/3777/1395 1986/3776/2000 2009/3836/2023
f 1918/3617/1930 1927/3837/1941 1799/3386/1811
f 1959/3700/1972 2010/3838/2024 1766/3323/1777
f 1871/3832/1882 1841/3839/1937 1955/3694/1968
f 1834/3457/1846 2011/3840/2025 1772/3462/1783
f 1772/3462/1783 2011/3840/2025 1990/3789/2004
f 1985/3773/1999 1877/3775/1888 1989/3788/2003
f 1799/3708/1811 1878/3552/1889 2008/3841/2022
f 1990/3789/2004 1832/3453/1844 1925/3635/1939
f 1967/3721/1980 1882/3571/1894 1960/3704/1973
f 2010/3838/2024 1959/3700/1972 1929/3790/1943
f 2012/3842/2026 1961/3709/1974 1924/3629/1936
f 2012/3842/2026 1924/3629/1936 1931/3843/1945
f 1967/3721/1980 2013/3844/2027 1893/3572/1905
f 2013/3844/2027 1929/3795/1943 1893/3572/1905
f 1806/3403/1818 2014/3845/2028 1843/3474/1854
f 1927/3640/1941 1937/3730/1950 1884/3645/1896
f 2014/3845/2028 1702/3198/1713 1843/3474/1854
f 2015/3846/2029 1894/3576/1906 1991/3847/2005
f 1935/3848/1949 1896/3580/1908 2016/3849/2030
f 2017/3850/2031 1933/3651/1947 1894/3576/1906
f 2018/3851/2032 1939/3663/1952 1937/3662/1950
f 1992/3799/2006 1993/3800/2007 1741/3798/1752
f 1811/3412/1823 2019/3852/2033 1529/2807/1539
f 2020/3853/2034 1899/3583/1911 1703/3491/1714
f 1901/3587/1913 1316/2370/1326 1140/1974/1150
f 843/3076/853 1815/3417/1827 1943/3671/1956
f 2021/3854/2035 1668/3348/1679 1635/3855/1646
f 1858/3856/1869 1671/3857/1682 2022/3858/2036
f 1908/3595/1920 1907/3594/1919 1674/3158/1685
f 2023/3859/2037 1947/3752/1960 1911/3599/1923
f 2023/3859/2037 1911/3599/1923 2000/3860/2014
f 2001/3822/2015 1819/3426/1831 1859/3509/1870
f 1948/3683/1961 1951/3861/1964 1712/3216/1722
f 1860/3510/1871 2024/3862/2038 1914/3605/1926
f 2025/3863/2039 1826/3864/1838 1865/3865/1876
f 1949/3684/1962 1981/3765/1995 1979/3755/1993
f 2004/3826/2018 1915/3866/1927 1824/3827/1836
f 2024/3867/2038 1793/3376/1805 1914/3609/1926
f 2003/3824/2017 1983/3769/1997 1728/3522/1739
f 1651/3255/1662 1729/3257/1740 2026/3868/2040
f 2027/3869/2041 1790/3371/1802 1920/3620/1932
f 1729/3870/1740 1796/3871/1808 1686/3176/1697
f 2004/3872/2018 1952/3693/1965 2028/3873/2042
f 2027/3869/2041 1920/3620/1932 2029/3874/2043
f 1794/3377/1806 1832/3453/1844 2030/3875/2044
f 2028/3873/2042 1952/3693/1965 1571/2915/1582
f 1916/3615/1928 1606/2995/1617 2007/3834/2021
f 2029/3874/2043 1920/3620/1932 1766/3323/1777
f 1919/3618/1931 1867/3528/1878 1982/3876/1996
f 2010/3838/2024 2031/3877/2045 1766/3323/1777
f 1982/3876/1996 2032/3878/2046 1919/3618/1931
f 2030/3875/2044 1832/3453/1844 1990/3789/2004
f 2033/3879/2047 1987/3781/2001 1828/3780/1840
f 1771/3333/1782 1385/3332/1395 2009/3880/2023
f 1872/3536/1883 1965/3718/1978 1798/3384/1810
f 2034/3881/2048 1987/3781/2001 2035/3882/2049
f 1802/3705/1814 1957/3772/1970 1837/3706/1849
f 1923/3625/1935 1798/3384/1810 1965/3718/1978
f 2034/3883/2048 1926/3884/1940 1804/3885/1816
f 2034/3881/2048 1804/3886/1816 1987/3781/2001
f 1929/3790/1943 2013/3887/2027 2010/3838/2024
f 2014/3845/2028 1806/3403/1818 2036/3888/2050
f 1956/3710/1969 2036/3888/2050 1806/3403/1818
f 1841/3889/1937 1839/3717/1938 2037/3890/2051
f 2038/3891/2052 1888/3627/1900 1961/3709/1974
f 2038/3892/2052 1991/3796/2005 1888/3564/1900
f 2039/3893/2053 1931/3726/1945 1970/3725/1983
f 2038/3894/2052 2040/3895/2054 1991/3896/2005
f 1971/3728/1984 1934/3727/1948 1771/3333/1782
f 1771/3333/1782 1932/3650/1946 1971/3728/1984
f 1991/3896/2005 2040/3895/2054 2015/3897/2029
f 1988/3786/2002 1935/3659/1949 2016/3898/2030
f 2017/3850/2031 2041/3899/2055 1933/3651/1947
f 1735/3900/1746 1524/3901/1534 683/3902/684
f 1894/3576/1906 2015/3846/2029 2017/3850/2031
f 1971/3728/1984 1932/3650/1946 2042/3903/2056
f 1971/3735/1984 2042/3904/2056 1972/3734/1986
f 1968/3905/1981 913/1969/923 1138/1968/1148
f 1897/3581/1909 1939/3663/1952 2018/3851/2032
f 1897/3581/1909 2018/3851/2032 1848/3485/1859
f 1898/3582/1910 1940/3664/1953 2043/3906/2057
f 1940/3664/1953 1851/3665/1862 2043/3906/2057
f 1851/3665/1862 2044/3907/2058 2043/3906/2057
f 2043/3908/2057 1899/3583/1911 2020/3853/2034
f 1994/3805/2008 1480/3743/1490 1974/3745/1988
f 1778/3746/1789 1558/3909/1568 1743/3910/1754
f 2045/3911/2059 1995/3808/2009 1813/3415/1825
f 1996/3810/2010 2046/3912/2060 1048/3811/1058
f 1048/3913/1058 1400/2518/1410 887/2517/897
f 994/3914/1004 2047/3915/2061 967/3916/977
f 1944/3917/1957 920/1880/930 890/3918/900
f 1858/3919/1869 1999/3820/2013 1857/3819/1868
f 1641/3089/1652 2048/3920/2062 2003/3824/2017
f 1644/3097/1655 2048/3921/2062 1641/3219/1652
f 2049/3922/2063 1865/3763/1876 1980/3762/1994
f 2049/3922/2063 1980/3762/1994 1950/3760/1963
f 1953/3690/1966 1952/3689/1965 2004/3826/2018
f 1790/3371/1802 2027/3869/2041 2005/3828/2019
f 1983/3769/1997 2050/3923/2064 1830/3538/1842
f 2029/3874/2043 1766/3323/1777 2031/3877/2045
f 1870/3619/1881 1919/3618/1931 2051/3924/2065
f 2030/3875/2044 1990/3789/2004 2011/3840/2025
f 2033/3879/2047 2035/3882/2049 1987/3781/2001
f 1463/3387/1473 1799/3386/1811 2008/3835/2022
f 1956/3696/1969 1869/3695/1880 2052/3925/2066
f 2053/3926/2067 1955/3694/1968 1841/3839/1937
f 1791/3831/1803 2006/3830/2020 1928/3927/1942
f 1962/3713/1975 1876/3928/1887 1773/3711/1784
f 2031/3929/2045 2017/3850/2031 2038/3930/2052
f 1961/3709/1974 2012/3842/2026 2038/3891/2052
f 1923/3625/1935 1965/3718/1978 1877/3547/1888
f 1878/3552/1889 2054/3931/2068 2008/3841/2022
f 1960/3932/1973 1988/3933/2002 1967/3934/1980
f 2010/3838/2024 2013/3887/2027 2031/3877/2045
f 2031/3929/2045 2055/3935/2069 2017/3850/2031
f 1877/3547/1888 1965/3718/1978 1989/3936/2003
f 1846/3479/1857 1932/3650/1946 1966/3719/1979
f 2055/3935/2069 2041/3899/2055 2017/3850/2031
f 2017/3937/2031 2040/3895/2054 2038/3894/2052
f 2015/3846/2029 2040/3938/2054 2017/3850/2031
f 1895/3577/1907 1662/3139/1673 1970/3725/1983
f 1739/3656/1750 2056/3939/2070 1934/3654/1948
f 1932/3650/1946 1969/3724/1982 2042/3903/2056
f 1933/3940/1947 1938/3661/1951 1891/3569/1903
f 1739/3656/1750 1972/3734/1986 2056/3939/2070
f 1938/3661/1951 2057/3941/2071 1896/3580/1908
f 1529/3740/1539 2019/3942/2033 1973/3741/1987
f 1848/3490/1859 2018/3943/2032 2058/3944/2072
f 2043/3906/2057 2059/3945/2073 1898/3582/1910
f 1848/3490/1859 2060/3946/2074 1703/3491/1714
f 1777/3493/1788 1850/3801/1861 2044/3947/2058
f 1777/3493/1788 2044/3947/2058 1851/3494/1862
f 1703/3491/1714 2060/3946/2074 2020/3853/2034
f 1778/3746/1789 1743/3910/1754 1974/3745/1988
f 1995/3812/2009 2045/3948/2059 994/3284/1004
f 1559/2880/1569 889/1533/899 1942/3670/1955
f 1780/3949/1791 1945/3950/1958 1820/3951/1832
f 1909/3682/1921 2061/3952/2075 1978/3754/1992
f 1951/3759/1964 2049/3922/2063 1950/3760/1963
f 1825/3442/1837 2062/3953/2076 1863/3516/1874
f 2004/3826/2018 1910/3825/1922 2001/3954/2015
f 1865/3763/1876 2049/3922/2063 2025/3955/2039
f 1978/3754/1992 2063/3956/2077 1860/3510/1871
f 1860/3957/1871 2063/3958/2077 2024/3959/2038
f 1825/3960/1837 1916/3961/1928 2064/3962/2078
f 1712/3364/1722 2005/3828/2019 1787/3365/1798
f 1686/3176/1697 1627/3056/1638 2065/3963/2079
f 1983/3769/1997 2003/3824/2017 2050/3923/2064
f 1729/3870/1740 2065/3963/2079 2026/3964/2040
f 1686/3176/1697 2065/3963/2079 1729/3870/1740
f 1793/3545/1805 2024/3965/2038 2066/3966/2080
f 1793/3545/1805 2066/3966/2080 1834/3457/1846
f 1794/3377/1806 2030/3875/2044 2067/3967/2081
f 2050/3923/2064 1984/3968/1998 1830/3538/1842
f 1651/3255/1662 2026/3868/2040 1869/3530/1880
f 2038/3930/2052 2029/3969/2043 2031/3929/2045
f 2038/3891/2052 2068/3970/2082 2029/3971/2043
f 2012/3842/2026 2068/3970/2082 2038/3891/2052
f 2053/3926/2067 2069/3972/2083 1955/3694/1968
f 1919/3618/1931 2032/3878/2046 2051/3924/2065
f 1982/3876/1996 2070/3973/2084 2032/3878/2046
f 2009/3880/2023 1986/3974/2000 1966/3719/1979
f 2032/3878/2046 2070/3973/2084 2051/3924/2065
f 2013/3887/2027 2055/3975/2069 2031/3877/2045
f 1964/3716/1977 2037/3890/2051 1839/3717/1938
f 1966/3719/1979 1771/3333/1782 2009/3880/2023
f 1932/3650/1946 1771/3333/1782 1966/3719/1979
f 1934/3654/1948 2056/3939/2070 1771/3976/1782
f 2041/3977/2055 2057/3941/2071 1933/3940/1947
f 1896/3580/1908 2071/3978/2085 2016/3849/2030
f 1933/3940/1947 2057/3941/2071 1938/3661/1951
f 1927/3640/1941 2072/3979/2086 1937/3730/1950
f 1896/3580/1908 2057/3941/2071 2071/3978/2085
f 1849/3739/1860 1973/3741/1987 1992/3799/2006
f 2043/3908/2057 2020/3853/2034 2059/3980/2073
f 1811/3981/1823 1941/3804/1954 2073/3982/2087
f 1704/3206/1715 1899/3983/1911 1813/3415/1825
f 967/2325/977 2074/3984/2088 1288/2323/1298
f 2075/3985/2089 2076/3986/2090 994/3914/1004
f 1437/2609/1447 1747/3289/1758 1271/2292/1281
f 1481/2708/1491 1904/3591/1916 2077/3987/2091
f 2078/3988/2092 942/1624/952 1706/3419/1717
f 1947/3678/1960 1977/3989/1991 1998/3815/2012
f 2079/3990/2093 1907/3594/1919 2080/3991/2094
f 2079/3990/2093 1948/3818/1961 1907/3594/1919
f 1859/3992/1870 1862/3515/1873 2081/3993/2095
f 2062/3953/2076 1644/3097/1655 1863/3516/1874
f 2061/3952/2075 2063/3956/2077 1978/3754/1992
f 2082/3994/2096 2083/3995/2097 2003/3824/2017
f 2003/3824/2017 2048/3920/2062 2082/3994/2096
f 1954/3691/1967 1794/3377/1806 2067/3967/2081
f 2081/3993/2095 1953/3690/1966 2004/3826/2018
f 2083/3995/2097 2050/3923/2064 2003/3824/2017
f 2084/3996/2098 1834/3457/1846 2066/3966/2080
f 2085/3997/2099 1792/3998/1804 1876/3999/1887
f 2084/3996/2098 2011/3840/2025 1834/3457/1846
f 2084/3996/2098 2030/3875/2044 2011/3840/2025
f 2086/4000/2100 1927/3640/1941 1918/4001/1930
f 2029/3971/2043 2068/3970/2082 2087/4002/2101
f 2088/4003/2102 2034/4004/2048 2035/4005/2049
f 2088/4006/2102 1926/4007/1940 2034/4008/2048
f 2068/3970/2082 2012/3842/2026 2087/4002/2101
f 1876/3928/1887 1962/3713/1975 1926/4009/1940
f 1925/3714/1939 1926/3637/1940 1962/4010/1975
f 2089/4011/2103 2013/3844/2027 1967/3721/1980
f 1702/3198/1713 2014/3845/2028 2036/3888/2050
f 2072/4012/2086 2018/3851/2032 1937/3662/1950
f 2042/3903/2056 1969/3724/1982 1898/3723/1910
f 2056/3939/2070 1993/3800/2007 1992/3799/2006
f 2090/4013/2104 1557/4014/1567 1808/3737/1820
f 2091/4015/2105 2092/4016/2106 2093/4017/2107
f 2092/4016/2106 2094/4018/2108 2093/4017/2107
f 2091/4015/2105 2093/4017/2107 2095/4019/2109
f 2095/4019/2109 2093/4017/2107 2096/4020/2110
f 2096/4020/2110 2093/4017/2107 2094/4018/2108
f 2058/3944/2072 2060/3946/2074 1848/3490/1859
f 1899/3583/1911 2043/3908/2057 2044/4021/2058
f 2097/4022/2111 1743/3910/1754 1853/4023/1864
f 2098/4024/2112 1349/2433/1359 1902/3589/1914
f 2099/4025/2113 2100/4026/2114 920/1880/930
f 1179/2063/1189 999/2062/1009 2101/4027/2115
f 1671/4028/1682 1780/3949/1791 2022/4029/2036
f 1907/3594/1919 1908/3595/1920 2080/3991/2094
f 1999/3820/2013 2102/4030/2116 1909/3682/1921
f 2102/4030/2116 2061/3952/2075 1909/3682/1921
f 1324/2725/1334 1756/3307/1767 1908/3595/1920
f 2103/4031/2117 1951/3861/1964 1948/3683/1961
f 1859/3992/1870 2081/3993/2095 2001/3954/2015
f 1825/3960/1837 2104/4032/2118 2062/4033/2076
f 2062/3953/2076 2048/3921/2062 1644/3097/1655
f 1825/3960/1837 2064/3962/2078 2104/4032/2118
f 1862/3515/1873 1953/3690/1966 2081/3993/2095
f 2082/4034/2096 2048/4035/2062 2105/4036/2119
f 2001/3954/2015 2081/3993/2095 2004/3826/2018
f 2106/4037/2120 2050/4038/2064 2083/4039/2097
f 1915/4040/1927 2107/4041/2121 1828/3780/1840
f 1915/4040/1927 2004/4042/2018 2107/4041/2121
f 1571/2915/1582 1984/3770/1998 2028/3873/2042
f 1792/3998/1804 2085/3997/2099 1982/4043/1996
f 2026/3868/2040 2108/4044/2122 1869/3530/1880
f 1876/3999/1887 2109/4045/2123 2085/3997/2099
f 1869/3530/1880 2108/4044/2122 2052/4046/2066
f 1876/4047/1887 1926/4048/1940 2109/4049/2123
f 1926/4007/1940 2088/4006/2102 2084/3996/2098
f 1982/3876/1996 2110/4050/2124 2070/3973/2084
f 2069/3972/2083 2053/3926/2067 2111/4051/2125
f 1927/3640/1941 2086/4000/2100 2112/4052/2126
f 2055/4053/2069 2013/3844/2027 2089/4011/2103
f 2053/3926/2067 2113/4054/2127 2111/4051/2125
f 2055/3935/2069 2114/4055/2128 2041/3899/2055
f 2012/3842/2026 1931/3843/1945 2115/4056/2129
f 1931/3843/1945 2039/4057/2053 2115/4056/2129
f 2112/4052/2126 2072/3979/2086 1927/3640/1941
f 1972/3734/1986 2042/3904/2056 1993/3800/2007
f 2042/3904/2056 2116/4058/2130 1993/3800/2007
f 2018/3943/2032 2072/4059/2086 2058/3944/2072
f 2117/4060/2131 2096/4020/2110 2094/4018/2108
f 1993/3800/2007 2118/4061/2132 1850/3801/1861
f 1901/3587/1913 1559/3588/1569 2119/4062/2133
f 994/3914/1004 2076/3986/2090 2047/3915/2061
f 1902/3589/1914 1481/2708/1491 2077/3987/2091
f 968/1672/978 1997/3813/2011 999/1719/1009
f 1947/3752/1960 2023/3859/2037 2120/4063/2134
f 1820/3951/1832 2002/4064/2016 2121/4065/2135
f 2002/4064/2016 1954/4066/1967 2122/4067/2136
f 2106/4037/2120 1984/4068/1998 2050/4038/2064
f 1828/3780/1840 2107/4041/2121 2033/3879/2047
f 2004/3872/2018 2028/3873/2042 2107/4069/2121
f 1918/4070/1930 2123/4071/2137 2086/4072/2100
f 1627/3056/1638 2124/4073/2138 2065/3963/2079
f 1627/3056/1638 1955/3694/1968 2124/4073/2138
f 2030/3875/2044 2084/3996/2098 2067/3967/2081
f 2029/4074/2043 2087/4075/2101 2125/4076/2139
f 2033/3879/2047 2107/4041/2121 2035/3882/2049
f 1926/4048/1940 2024/4077/2038 2109/4049/2123
f 1926/4007/1940 2084/3996/2098 2024/3965/2038
f 1693/4078/1704 1732/3266/1743 2007/4079/2021
f 1982/4043/1996 2126/4080/2140 2110/4081/2124
f 2069/3972/2083 2127/4082/2141 1955/3694/1968
f 2113/4054/2127 2127/4082/2141 2069/3972/2083
f 2052/3925/2066 2128/4083/2142 1956/3696/1969
f 2111/4051/2125 2113/4054/2127 2069/3972/2083
f 2036/4084/2050 1956/3696/1969 2128/4083/2142
f 1966/4085/1979 2054/3931/2068 1878/3552/1889
f 2129/4086/2143 2114/4055/2128 2055/3935/2069
f 1972/3734/1986 1993/3800/2007 2056/3939/2070
f 1973/3741/1987 2056/3939/2070 1992/3799/2006
f 2042/3903/2056 1898/3723/1910 2116/4087/2130
f 231/2362/231 2130/4088/2144 1312/2363/1322
f 1138/1968/1148 1316/2370/1326 1968/3905/1981
f 1557/4014/1567 2090/4013/2104 2131/4089/2145
f 1993/3800/2007 2116/4058/2130 2118/4061/2132
f 2092/4016/2106 2117/4060/2131 2094/4018/2108
f 1557/4014/1567 2131/4089/2145 1812/4090/1824
f 2059/3980/2073 2020/3853/2034 2060/3946/2074
f 1812/3803/1824 2132/4091/2146 1941/3804/1954
f 1994/4092/2008 2133/4093/2147 1853/4023/1864
f 1558/3809/1568 2134/4094/2148 1996/3810/2010
f 2135/4095/2149 2075/3985/2089 994/3914/1004
f 1288/2323/1298 2074/3984/2088 1289/2324/1299
f 967/2325/977 2047/4096/2061 2074/3984/2088
f 1942/4097/1955 1271/4098/1281 2136/4099/2150
f 1905/3592/1917 1706/3208/1717 1291/2327/1301
f 2078/3988/2092 1855/3501/1866 942/1624/952
f 2079/4100/2093 2103/4031/2117 1948/3683/1961
f 1951/3759/1964 2103/4101/2117 2049/3922/2063
f 2121/4065/2135 2002/4064/2016 2122/4067/2136
f 1918/4070/1930 1826/3864/1838 2123/4071/2137
f 2065/4102/2079 2137/4103/2151 2026/4104/2040
f 2124/4073/2138 2138/4105/2152 2065/3963/2079
f 2066/3966/2080 2024/3965/2038 2084/3996/2098
f 2084/3996/2098 2139/4106/2153 2067/3967/2081
f 1984/4068/1998 2140/4107/2154 2028/4108/2042
f 2084/3996/2098 2088/4006/2102 2139/4106/2153
f 1955/3694/1968 2127/4082/2141 2124/4073/2138
f 1870/3619/1881 2051/3924/2065 2141/4109/2155
f 2052/4110/2066 2108/4111/2122 2128/4112/2142
f 2008/4113/2022 2142/4114/2156 2086/4072/2100
f 1988/3933/2002 2143/4115/2157 1967/3934/1980
f 2089/4011/2103 2129/4116/2143 2055/4053/2069
f 2012/3842/2026 2115/4056/2129 2087/4002/2101
f 1771/4117/1782 2144/4118/2158 1081/4119/1091
f 2008/3841/2022 2054/3931/2068 2142/4120/2156
f 2056/3939/2070 2144/4121/2158 1771/3976/1782
f 2114/4055/2128 2145/4122/2159 2041/3899/2055
f 2041/3977/2055 2145/4123/2159 2057/3941/2071
f 1811/3981/1823 2146/4124/2160 2019/4125/2033
f 1850/3801/1861 2118/4061/2132 2044/3947/2058
f 2045/3948/2059 2135/4126/2149 994/3284/1004
f 1943/3671/1956 2147/4127/2161 843/3076/853
f 1997/3813/2011 2148/4128/2162 999/1719/1009
f 1816/3502/1828 2149/4129/2163 1779/3349/1790
f 2022/4130/2036 2150/4131/2164 1858/4132/1869
f 1858/4132/1869 2150/4131/2164 1999/4133/2013
f 1908/3595/1920 2151/4134/2165 2080/3991/2094
f 2121/4065/2135 2152/4135/2166 1820/3951/1832
f 2079/3990/2093 2080/3991/2094 2103/4136/2117
f 2083/4039/2097 2082/4137/2096 2153/4138/2167
f 2049/4139/2063 2154/4140/2168 2025/3863/2039
f 2083/4039/2097 2153/4138/2167 2106/4037/2120
f 2048/4035/2062 2062/4033/2076 2155/4141/2169
f 2005/3828/2019 2156/4142/2170 1787/3365/1798
f 1916/4143/1928 2157/4144/2171 2064/4145/2078
f 2028/4108/2042 2158/4146/2172 2107/4147/2121
f 2005/4148/2019 2027/4149/2041 2156/4150/2170
f 2027/4149/2041 2159/4151/2173 2156/4150/2170
f 2027/4149/2041 2125/4152/2139 2159/4151/2173
f 2137/4103/2151 2108/4153/2122 2026/4104/2040
f 1916/4143/1928 2007/4079/2021 2157/4144/2171
f 2027/3869/2041 2029/3874/2043 2125/4154/2139
f 2065/4102/2079 2160/4155/2174 2137/4103/2151
f 2065/3963/2079 2138/4105/2152 2160/4156/2174
f 2109/4157/2123 2024/3959/2038 2063/3958/2077
f 2138/4105/2152 2127/4082/2141 2160/4156/2174
f 2124/4073/2138 2127/4082/2141 2138/4105/2152
f 1982/4043/1996 2085/3997/2099 2126/4080/2140
f 2035/4158/2049 2161/4159/2175 2088/4160/2102
f 2087/4161/2101 2162/4162/2176 2125/4163/2139
f 2008/4113/2022 2163/4164/2177 1986/4165/2000
f 2143/4166/2157 2089/4167/2103 1967/4168/1980
f 2142/4114/2156 2112/4169/2126 2086/4072/2100
f 2115/4170/2129 2039/4171/2053 2087/4172/2101
f 2128/4083/2142 2164/4173/2178 2036/4084/2050
f 1965/3718/1978 1928/3641/1942 2165/4174/2179
f 2114/4055/2128 2129/4086/2143 2166/4175/2180
f 2019/4125/2033 2167/4176/2181 1973/4177/1987
f 2168/4178/2182 2169/4179/2183 2170/4180/2184
f 2059/4181/2073 2060/4182/2074 2171/4183/2185
f 2058/3944/2072 2172/4184/2186 2060/3946/2074
f 1899/3983/1911 2173/4185/2187 1813/3415/1825
f 2097/4022/2111 2174/4186/2188 1743/3910/1754
f 1743/3910/1754 2174/4186/2188 1974/3745/1988
f 2173/4185/2187 2045/3911/2059 1813/3415/1825
f 1271/4098/1281 1747/4187/1758 2136/4099/2150
f 1668/3348/1679 2021/3854/2035 1000/2714/1010
f 2021/3854/2035 1669/3149/1680 1000/2714/1010
f 2150/4131/2164 2175/4188/2189 1999/4133/2013
f 2062/4033/2076 2176/4189/2190 2155/4141/2169
f 2049/3922/2063 2177/4190/2191 2154/4191/2168
f 2048/4035/2062 2155/4141/2169 2105/4036/2119
f 1826/3864/1838 2025/3863/2039 2178/4192/2192
f 2106/4037/2120 2179/4193/2193 1984/4068/1998
f 2028/4108/2042 2140/4107/2154 2180/4194/2194
f 2088/4006/2102 2161/4195/2175 2139/4106/2153
f 2109/4045/2123 2181/4196/2195 2085/3997/2099
f 2063/4197/2077 2181/4198/2195 2109/4199/2123
f 1988/4200/2002 2182/4201/2196 2143/4202/2157
f 2183/4203/2197 2166/4204/2180 2129/4205/2143
f 2114/4055/2128 2166/4175/2180 2145/4122/2159
f 1662/4206/1673 1702/4207/1713 2184/4208/2198
f 2057/3941/2071 2145/4123/2159 2166/4209/2180
f 2071/3978/2085 2057/3941/2071 2092/4016/2106
f 2185/4210/2199 2186/4211/2200 2169/4212/2183
f 2092/4016/2106 2057/3941/2071 2185/4213/2199
f 2168/4178/2182 2185/4213/2199 2169/4179/2183
f 2117/4060/2131 2092/4016/2106 2185/4213/2199
f 2117/4060/2131 2185/4213/2199 2168/4178/2182
f 2186/4211/2200 2096/4214/2110 2169/4212/2183
f 2092/4016/2106 2187/4215/2201 2071/3978/2085
f 2092/4016/2106 2091/4015/2105 2187/4215/2201
f 2168/4178/2182 2096/4020/2110 2117/4060/2131
f 2170/4180/2184 2096/4020/2110 2168/4178/2182
f 2170/4180/2184 2169/4179/2183 2096/4020/2110
f 2091/4015/2105 2095/4019/2109 2187/4215/2201
f 2044/4021/2058 2188/4216/2202 1899/3583/1911
f 1901/4217/1913 2189/4218/2203 1316/4219/1326
f 1899/4220/1911 2188/4221/2202 2173/4222/2187
f 2133/4093/2147 1994/4092/2008 2132/4223/2146
f 1944/3917/1957 2099/4025/2113 920/1880/930
f 920/1880/930 2100/4026/2114 1634/3077/1645
f 1999/4133/2013 2175/4188/2189 2102/4224/2116
f 1780/3949/1791 1820/3951/1832 2152/4135/2166
f 1756/4225/1767 2190/4226/2204 1908/4227/1920
f 2082/4137/2096 2105/4228/2119 2191/4229/2205
f 2062/4033/2076 2192/4230/2206 2176/4189/2190
f 2104/4032/2118 2192/4230/2206 2062/4033/2076
f 2025/3863/2039 2154/4140/2168 2178/4192/2192
f 1954/3691/1967 2067/3967/2081 2122/4231/2136
f 2067/4232/2081 2193/4233/2207 2122/4234/2136
f 2106/4037/2120 2194/4235/2208 2179/4193/2193
f 2195/4236/2209 2137/4103/2151 2196/4237/2210
f 2086/4072/2100 2123/4071/2137 2163/4164/2177
f 2179/4193/2193 2140/4107/2154 1984/4068/1998
f 296/4238/297 1299/4239/1309 1835/4240/1847
f 1233/4241/1243 1842/4242/1853 1299/4243/1309
f 2160/4155/2174 2127/4244/2141 2137/4103/2151
f 2085/3997/2099 2197/4245/2211 2126/4080/2140
f 2181/4196/2195 2198/4246/2212 2085/3997/2099
f 2199/4247/2213 2162/4248/2176 2087/4249/2101
f 2127/4244/2141 2200/4250/2214 2137/4103/2151
f 2086/4072/2100 2163/4164/2177 2008/4113/2022
f 2127/4082/2141 2113/4054/2127 2200/4251/2214
f 1841/4252/1937 2037/4253/2051 2053/4254/2067
f 1966/4255/1979 2201/4256/2215 2054/4257/2068
f 2054/4258/2068 2201/4259/2215 2142/4260/2156
f 2186/4261/2200 2166/4262/2180 2183/4263/2197
f 2112/4264/2126 2202/4265/2216 2072/4266/2086
f 2183/4263/2197 2203/4267/2217 2186/4261/2200
f 2183/4263/2197 2204/4268/2218 2203/4267/2217
f 2072/4269/2086 2202/4270/2216 2205/4271/2219
f 2166/4272/2180 2186/4211/2200 2185/4210/2199
f 2166/4209/2180 2185/4213/2199 2057/3941/2071
f 2056/3939/2070 1973/3741/1987 2206/4273/2220
f 231/2362/231 1524/2798/1534 2130/4088/2144
f 1898/4274/1910 2207/4275/2221 2116/4276/2130
f 2019/4125/2033 2146/4124/2160 2167/4176/2181
f 2059/3945/2073 2207/4277/2221 1898/3582/1910
f 2118/4278/2132 2188/4279/2202 2044/4280/2058
f 2132/4091/2146 2208/4281/2222 1941/3804/1954
f 2133/4093/2147 2097/4022/2111 1853/4023/1864
f 1048/3811/1058 2046/3912/2060 1400/4282/1410
f 843/3076/853 2147/4127/2161 1976/3748/1990
f 1745/3286/1756 1976/3748/1990 1746/3287/1757
f 1747/4187/1758 1349/4283/1359 2098/4284/2112
f 2022/4029/2036 1780/3949/1791 2209/4285/2223
f 1947/3678/1960 2120/4286/2134 1977/3989/1991
f 2000/4287/2014 1977/4288/1991 2210/4289/2224
f 1756/4225/1767 2211/4290/2225 2190/4226/2204
f 2104/4032/2118 2064/3962/2078 2192/4230/2206
f 1756/3606/1767 1787/3365/1798 2211/4291/2225
f 2061/4292/2075 2212/4293/2226 2063/4197/2077
f 2108/4153/2122 2137/4103/2151 2213/4294/2227
f 2028/4108/2042 2180/4194/2194 2158/4146/2172
f 2063/4197/2077 2214/4295/2228 2181/4198/2195
f 2007/4079/2021 1732/3266/1743 2157/4144/2171
f 2089/4296/2103 2125/4297/2139 2162/4298/2176
f 2085/3997/2099 2198/4246/2212 2197/4245/2211
f 1835/4299/1847 2215/4300/2229 1631/4301/1642
f 2143/4166/2157 2216/4302/2230 2089/4167/2103
f 2129/4205/2143 2089/4303/2103 2183/4203/2197
f 125/4304/125 1081/4305/1091 1836/4306/1848
f 2183/4307/2197 2089/4308/2103 2162/4309/2176
f 2039/4310/2053 2199/4311/2213 2087/4312/2101
f 2036/3888/2050 2184/4313/2198 1702/3198/1713
f 1662/4206/1673 2184/4208/2198 2217/4314/2231
f 2072/4059/2086 2218/4315/2232 2058/3944/2072
f 1811/3981/1823 2073/3982/2087 2146/4124/2160
f 2047/3915/2061 2219/4316/2233 2074/4317/2088
f 2047/3915/2061 2076/3986/2090 2219/4316/2233
f 1780/3949/1791 2152/4135/2166 2220/4318/2234
f 2120/4319/2134 2023/4320/2037 2221/4321/2235
f 2023/4320/2037 2000/4287/2014 2221/4321/2235
f 2103/4101/2117 2222/4322/2236 2049/3922/2063
f 2192/4323/2206 2064/4145/2078 2223/4324/2237
f 2106/4037/2120 2153/4138/2167 2194/4235/2208
f 1826/3864/1838 2178/4192/2192 2123/4071/2137
f 2064/4145/2078 2157/4144/2171 2224/4325/2238
f 2035/4326/2049 2225/4327/2239 2161/4328/2175
f 2107/4147/2121 2225/4329/2239 2035/4330/2049
f 2181/4196/2195 2214/4331/2228 2198/4246/2212
f 2183/4263/2197 2162/4248/2176 2204/4268/2218
f 2113/4332/2127 2053/4333/2067 2226/4334/2240
f 1964/3716/1977 1989/3794/2003 2037/3890/2051
f 1965/3718/1978 2165/4174/2179 1989/3936/2003
f 2112/4264/2126 2142/4260/2156 2202/4265/2216
f 1968/4335/1981 2227/4336/2241 1738/4337/1749
f 1524/4338/1534 1735/4339/1746 2130/4340/2144
f 2056/4341/2070 2206/4342/2220 2144/4343/2158
f 1662/4206/1673 2217/4314/2231 1970/4344/1983
f 2071/3978/2085 2187/4215/2201 2228/4345/2242
f 2116/4276/2130 2207/4275/2221 2118/4278/2132
f 2059/4181/2073 2171/4183/2185 2207/4346/2221
f 2058/3944/2072 2229/4347/2243 2172/4184/2186
f 2230/4348/2244 1559/4349/1569 1942/4350/1955
f 2076/3986/2090 2075/3985/2089 2219/4316/2233
f 1746/3287/1757 1976/3748/1990 1944/3672/1957
f 999/4351/1009 2148/4352/2162 2101/4353/2115
f 2209/4285/2223 1780/3949/1791 2220/4318/2234
f 2120/4319/2134 2210/4289/2224 1977/4288/1991
f 1908/4354/1920 2231/4355/2245 2151/4356/2165
f 2049/3922/2063 2222/4322/2236 2177/4190/2191
f 2061/4357/2075 2102/4224/2116 2212/4358/2226
f 2105/4036/2119 2155/4141/2169 2232/4359/2246
f 2233/4360/2247 2155/4141/2169 2176/4189/2190
f 1787/4361/1798 2156/4150/2170 2211/4362/2225
f 2177/4190/2191 2234/4363/2248 2235/4364/2249
f 2196/4237/2210 2236/4365/2250 2195/4236/2209
f 2064/4145/2078 2224/4325/2238 2223/4324/2237
f 2139/4106/2153 2161/4195/2175 2067/3967/2081
f 2159/4151/2173 2125/4152/2139 2237/4366/2251
f 2137/4103/2151 2238/4367/2252 2196/4237/2210
f 2089/4167/2103 2237/4366/2251 2125/4152/2139
f 2163/4164/2177 2123/4071/2137 2239/4368/2253
f 2216/4302/2230 2237/4366/2251 2089/4167/2103
f 2108/4111/2122 2240/4369/2254 2128/4112/2142
f 2214/4331/2228 2241/4370/2255 2198/4246/2212
f 2113/4332/2127 2226/4334/2240 2200/4371/2214
f 2039/4310/2053 1970/4344/1983 2242/4372/2256
f 2071/3978/2085 2243/4373/2257 2016/3849/2030
f 1970/4344/1983 2217/4314/2231 2242/4372/2256
f 2118/4278/2132 2207/4275/2221 2188/4279/2202
f 2058/3944/2072 2218/4315/2232 2229/4347/2243
f 2189/4218/2203 1901/4217/1913 2119/4374/2133
f 1778/4375/1789 1667/4376/1678 2244/4377/2258
f 2074/4317/2088 2219/4316/2233 2245/4378/2259
f 1904/4379/1916 1903/4380/1915 2077/4381/2091
f 1049/1799/1059 1855/3501/1866 1635/3078/1646
f 2246/4382/2260 2222/4383/2236 2103/4384/2117
f 2082/4137/2096 2191/4229/2205 2153/4138/2167
f 2105/4036/2119 2232/4359/2246 2191/4385/2205
f 2222/4322/2236 2234/4363/2248 2177/4190/2191
f 2153/4138/2167 2247/4386/2261 2194/4235/2208
f 2155/4141/2169 2233/4360/2247 2248/4387/2262
f 2195/4236/2209 2236/4365/2250 2213/4294/2227
f 2249/4388/2263 2250/4389/2264 2251/4390/2265
f 2195/4236/2209 2213/4294/2227 2137/4103/2151
f 2249/4388/2263 2252/4391/2266 2250/4389/2264
f 2157/4144/2171 2253/4392/2267 2224/4325/2238
f 2179/4193/2193 2254/4393/2268 2140/4107/2154
f 2156/4150/2170 2159/4151/2173 2255/4394/2269
f 2107/4147/2121 2256/4395/2270 2225/4329/2239
f 2140/4107/2154 2254/4393/2268 2180/4194/2194
f 2212/4293/2226 2214/4295/2228 2063/4197/2077
f 2161/4396/2175 2225/4397/2239 2257/4398/2271
f 2137/4103/2151 2200/4250/2214 2238/4367/2252
f 2162/4248/2176 2199/4247/2213 2204/4268/2218
f 2016/3898/2030 2182/4399/2196 1988/3786/2002
f 1966/4400/1979 2258/4401/2272 2201/4259/2215
f 2243/4373/2257 2071/3978/2085 2228/4345/2242
f 1312/3736/1322 2090/4013/2104 1808/3737/1820
f 2072/4059/2086 2205/4402/2219 2218/4315/2232
f 2207/4346/2221 2171/4183/2185 2259/4403/2273
f 2060/3946/2074 2172/4184/2186 2171/4404/2185
f 1534/3075/1544 2260/4405/2274 1943/3671/1956
f 2098/4406/2112 1902/4407/1914 2077/4408/2091
f 1179/4409/1189 2261/4410/2275 1903/4380/1915
f 2022/4130/2036 2209/4411/2223 2150/4131/2164
f 2080/3991/2094 2262/4412/2276 2263/4413/2277
f 2080/3991/2094 2151/4134/2165 2262/4412/2276
f 2102/4224/2116 2264/4414/2278 2265/4415/2279
f 2210/4289/2224 2221/4321/2235 2000/4287/2014
f 2265/4415/2279 2266/4416/2280 2102/4224/2116
f 1908/4354/1920 2190/4417/2204 2231/4355/2245
f 2155/4141/2169 2248/4387/2262 2232/4359/2246
f 2191/4418/2205 2232/4419/2246 2249/4388/2263
f 2191/4418/2205 2249/4388/2263 2251/4390/2265
f 2177/4190/2191 2235/4364/2249 2154/4191/2168
f 2234/4363/2248 2267/4420/2281 2235/4364/2249
f 2252/4421/2266 2249/4422/2263 2232/4423/2246
f 2107/4147/2121 2158/4146/2172 2268/4424/2282
f 2194/4235/2208 2269/4425/2283 2179/4193/2193
f 2194/4235/2208 2270/4426/2284 2269/4425/2283
f 2232/4423/2246 2271/4427/2285 2252/4421/2266
f 2235/4428/2249 2267/4429/2281 2143/4166/2157
f 2143/4166/2157 2267/4429/2281 2216/4302/2230
f 2182/4201/2196 2235/4430/2249 2143/4202/2157
f 2225/4397/2239 2272/4431/2286 2257/4398/2271
f 2273/4432/2287 2240/4369/2254 2108/4111/2122
f 2165/4433/2179 2037/4434/2051 1989/4435/2003
f 2201/4259/2215 2202/4265/2216 2142/4260/2156
f 2073/3982/2087 1941/3804/1954 2208/4281/2222
f 2274/4436/2288 2133/4093/2147 2132/4223/2146
f 2275/4437/2289 2133/4438/2147 2274/4439/2288
f 1994/3805/2008 1974/3745/1988 2276/4440/2290
f 2277/4441/2291 1974/3745/1988 2174/4186/2188
f 2278/4442/2292 1667/4443/1678 1289/4444/1299
f 2135/4095/2149 2279/4445/2293 2075/3985/2089
f 2279/4445/2293 2219/4316/2233 2075/3985/2089
f 2264/4414/2278 2102/4224/2116 2175/4188/2189
f 2221/4321/2235 2210/4289/2224 2120/4319/2134
f 2266/4416/2280 2212/4358/2226 2102/4224/2116
f 2280/4446/2294 2234/4363/2248 2222/4322/2236
f 2281/4447/2295 2232/4423/2246 2248/4448/2262
f 2282/4449/2296 2178/4450/2192 2154/4451/2168
f 2154/4451/2168 2235/4430/2249 2283/4452/2297
f 2284/4453/2298 2194/4235/2208 2247/4386/2261
f 2284/4453/2298 2158/4146/2172 2194/4235/2208
f 2194/4235/2208 2158/4146/2172 2270/4426/2284
f 2158/4146/2172 2180/4194/2194 2270/4426/2284
f 2269/4425/2283 2254/4393/2268 2179/4193/2193
f 2251/4390/2265 2250/4389/2264 2252/4391/2266
f 2237/4366/2251 2216/4302/2230 2267/4429/2281
f 2273/4454/2287 2108/4153/2122 2213/4294/2227
f 2157/4144/2171 1732/3266/1743 2285/4455/2299
f 2163/4456/2177 2239/4457/2253 1986/4458/2000
f 2286/4459/2300 1966/4400/1979 1986/4458/2000
f 2257/4398/2271 2272/4431/2286 2287/4460/2301
f 2227/4336/2241 1968/4335/1981 1316/4219/1326
f 1312/4461/1322 2130/4340/2144 2090/4462/2104
f 2205/4463/2219 2188/4464/2202 2259/4403/2273
f 2188/4464/2202 2207/4346/2221 2259/4403/2273
f 2132/4465/2146 1994/3805/2008 2276/4440/2290
f 2074/4466/2088 2278/4442/2292 1289/4444/1299
f 1816/3502/1828 2288/4467/2302 2149/4129/2163
f 2175/4188/2189 2150/4131/2164 2209/4411/2223
f 2080/4468/2094 2246/4469/2260 2103/4470/2117
f 2176/4189/2190 2248/4387/2262 2233/4360/2247
f 2280/4446/2294 2267/4420/2281 2234/4363/2248
f 2289/4471/2303 2191/4418/2205 2251/4390/2265
f 2156/4150/2170 2255/4394/2269 2211/4362/2225
f 2232/4423/2246 2281/4447/2295 2271/4427/2285
f 2268/4424/2282 2256/4395/2270 2107/4147/2121
f 2270/4426/2284 2180/4194/2194 2269/4425/2283
f 2269/4425/2283 2180/4194/2194 2254/4393/2268
f 2267/4429/2281 2290/4472/2304 2237/4366/2251
f 2197/4473/2211 2291/4474/2305 2126/4475/2140
f 2257/4398/2271 2292/4476/2306 2161/4396/2175
f 2157/4144/2171 2285/4455/2299 2253/4392/2267
f 2199/4247/2213 2293/4477/2307 2204/4268/2218
f 2198/4246/2212 2241/4370/2255 2197/4245/2211
f 2241/4370/2255 2214/4331/2228 2294/4478/2308
f 2258/4401/2272 2202/4265/2216 2201/4259/2215
f 1928/4479/1942 2295/4480/2309 2165/4481/2179
f 2204/4268/2218 2293/4477/2307 2203/4267/2217
f 2203/4267/2217 2296/4482/2310 2186/4261/2200
f 2296/4482/2310 2096/4483/2110 2186/4261/2200
f 2259/4403/2273 2297/4484/2311 2205/4463/2219
f 2205/4402/2219 2297/4485/2311 2218/4315/2232
f 2259/4403/2273 2298/4486/2312 2297/4484/2311
f 2171/4183/2185 2298/4486/2312 2259/4403/2273
f 1812/3803/1824 2299/4487/2313 2132/4091/2146
f 2132/4091/2146 2300/4488/2314 2208/4281/2222
f 2300/4489/2314 2275/4490/2289 2274/4491/2288
f 2132/4091/2146 2275/4492/2289 2300/4488/2314
f 2132/4493/2146 2276/4494/2290 2275/4495/2289
f 2133/4438/2147 2275/4437/2289 2097/4496/2111
f 1974/3745/1988 2277/4441/2291 2276/4440/2290
f 1906/3593/1918 2301/4497/2315 1816/3420/1828
f 2121/4065/2135 2302/4498/2316 2152/4135/2166
f 2122/4067/2136 2303/4499/2317 2121/4065/2135
f 2222/4383/2236 2246/4382/2260 2304/4500/2318
f 2304/4501/2318 2305/4502/2319 2222/4503/2236
f 2153/4138/2167 2191/4229/2205 2306/4504/2320
f 2222/4322/2236 2305/4505/2319 2280/4446/2294
f 2122/4234/2136 2193/4233/2207 2303/4506/2317
f 2247/4386/2261 2307/4507/2321 2284/4453/2298
f 2282/4449/2296 2154/4451/2168 2283/4452/2297
f 2255/4394/2269 2308/4508/2322 2211/4362/2225
f 2284/4453/2298 2307/4507/2321 2158/4146/2172
f 2282/4449/2296 2283/4452/2297 2309/4509/2323
f 2067/4232/2081 2161/4396/2175 2193/4233/2207
f 2235/4430/2249 2309/4509/2323 2283/4452/2297
f 2237/4366/2251 2290/4472/2304 2159/4151/2173
f 2213/4510/2227 2310/4511/2324 2273/4512/2287
f 2196/4237/2210 2238/4367/2252 2311/4513/2325
f 2182/4201/2196 2309/4509/2323 2235/4430/2249
f 2159/4151/2173 2290/4472/2304 2255/4394/2269
f 1966/4400/1979 2286/4459/2300 2312/4514/2326
f 1081/4515/1091 2144/4343/2158 1836/4516/1848
f 2272/4431/2286 2313/4517/2327 2287/4460/2301
f 2036/4518/2050 2164/4519/2178 2314/4520/2328
f 2037/4253/2051 2226/4521/2240 2053/4254/2067
f 2315/4522/2329 2296/4482/2310 2203/4267/2217
f 2187/4523/2201 2316/4524/2330 2228/4525/2242
f 2096/4526/2110 2316/4524/2330 2095/4527/2109
f 2131/4528/2145 2317/4529/2331 1812/4530/1824
f 2073/3982/2087 2208/4281/2222 2318/4531/2332
f 2300/4532/2314 2319/4533/2333 2208/4534/2222
f 1558/3809/1568 1778/4535/1789 2134/4094/2148
f 2135/4095/2149 2320/4536/2334 2279/4445/2293
f 2279/4445/2293 2320/4536/2334 2219/4316/2233
f 1747/4187/1758 2098/4284/2112 2136/4099/2150
f 2152/4135/2166 2302/4498/2316 2321/4537/2335
f 2080/4538/2094 2263/4539/2277 2246/4382/2260
f 2231/4355/2245 2190/4417/2204 2322/4540/2336
f 2265/4415/2279 2323/4541/2337 2266/4416/2280
f 2324/4542/2338 2123/4543/2137 2178/4450/2192
f 2325/4544/2339 2267/4420/2281 2280/4446/2294
f 2326/4545/2340 2213/4294/2227 2236/4365/2250
f 2326/4546/2340 2310/4511/2324 2213/4510/2227
f 2239/4457/2253 2286/4459/2300 1986/4458/2000
f 2285/4455/2299 1732/3266/1743 1631/3265/1642
f 2294/4547/2308 2214/4548/2228 2212/4549/2226
f 2200/4550/2214 2226/4551/2240 2327/4552/2341
f 2199/4311/2213 2039/4310/2053 2242/4372/2256
f 2182/4553/2196 2016/3849/2030 2243/4373/2257
f 2316/4524/2330 2187/4523/2201 2095/4527/2109
f 1316/4219/1326 2189/4218/2203 2328/4554/2342
f 2321/4537/2335 2220/4318/2234 2152/4135/2166
f 2329/4555/2343 2175/4188/2189 2209/4411/2223
f 2329/4555/2343 2264/4414/2278 2175/4188/2189
f 2151/4356/2165 2231/4355/2245 2322/4540/2336
f 2323/4556/2337 2330/4557/2344 2266/4558/2280
f 2331/4559/2345 2153/4138/2167 2306/4504/2320
f 2153/4138/2167 2332/4560/2346 2247/4386/2261
f 2211/4561/2225 2333/4562/2347 2190/4417/2204
f 2211/4561/2225 2308/4563/2322 2333/4562/2347
f 2334/4564/2348 2212/4358/2226 2266/4416/2280
f 2303/4506/2317 2193/4233/2207 2335/4565/2349
f 2281/4447/2295 2336/4566/2350 2271/4427/2285
f 2280/4567/2294 2337/4568/2351 2325/4569/2339
f 2158/4146/2172 2307/4507/2321 2268/4424/2282
f 2289/4471/2303 2251/4390/2265 2338/4570/2352
f 2196/4237/2210 2339/4571/2353 2340/4572/2354
f 2251/4390/2265 2252/4391/2266 2341/4573/2355
f 2271/4427/2285 2342/4574/2356 2252/4421/2266
f 2339/4571/2353 2196/4237/2210 2311/4513/2325
f 2290/4472/2304 2343/4575/2357 2255/4394/2269
f 2225/4329/2239 2313/4576/2327 2272/4577/2286
f 2309/4509/2323 2182/4201/2196 2344/4578/2358
f 2200/4250/2214 2311/4513/2325 2238/4367/2252
f 1966/4400/1979 2312/4514/2326 2258/4401/2272
f 2345/4579/2359 2242/4372/2256 2217/4314/2231
f 2293/4477/2307 2346/4580/2360 2203/4267/2217
f 2036/4518/2050 2314/4520/2328 2184/4581/2198
f 2202/4582/2216 2347/4583/2361 2205/4584/2219
f 2203/4267/2217 2346/4580/2360 2315/4522/2329
f 2347/4583/2361 2188/4585/2202 2205/4584/2219
f 2218/4315/2232 2348/4586/2362 2229/4347/2243
f 2229/4347/2243 2171/4404/2185 2172/4184/2186
f 2097/4496/2111 2349/4587/2363 2174/4588/2188
f 2174/4186/2188 2350/4589/2364 2277/4441/2291
f 2045/3911/2059 2351/4590/2365 2135/4591/2149
f 2230/4348/2244 1942/4350/1955 2352/4592/2366
f 1942/4350/1955 2353/4593/2367 2352/4592/2366
f 1942/4350/1955 2136/4594/2150 2353/4593/2367
f 2320/4536/2334 2245/4378/2259 2219/4316/2233
f 2354/4595/2368 1317/4596/1327 1669/4597/1680
f 2302/4498/2316 2355/4598/2369 2321/4537/2335
f 2302/4498/2316 2121/4065/2135 2303/4499/2317
f 2304/4501/2318 2356/4599/2370 2305/4502/2319
f 2192/4323/2206 2223/4324/2237 2357/4600/2371
f 2247/4386/2261 2268/4424/2282 2307/4507/2321
f 2196/4237/2210 2358/4601/2372 2236/4365/2250
f 2305/4502/2319 2337/4568/2351 2280/4567/2294
f 1870/3829/1881 2359/4602/2373 2006/3830/2020
f 2253/4392/2267 1835/4603/2374 2224/4325/2238
f 2310/4511/2324 2326/4546/2340 2360/4604/2375
f 2326/4546/2340 2361/4605/2376 2360/4604/2375
f 2161/4396/2175 2292/4476/2306 2193/4233/2207
f 2200/4550/2214 2327/4552/2341 2311/4606/2325
f 2199/4311/2213 2242/4372/2256 2345/4579/2359
f 2182/4201/2196 2362/4607/2377 2344/4578/2358
f 2182/4608/2196 2243/4609/2257 2362/4610/2377
f 2349/4587/2363 2350/4611/2364 2174/4588/2188
f 2351/4612/2365 2320/4536/2334 2135/4095/2149
f 2260/4405/2274 2147/4127/2161 1943/3671/1956
f 1976/3748/1990 2099/4613/2113 1944/3672/1957
f 1903/4380/1915 2363/4614/2378 2077/4381/2091
f 2364/4615/2379 1906/4616/1918 1317/4596/1327
f 2220/4318/2234 2321/4537/2335 2209/4285/2223
f 2246/4382/2260 2263/4539/2277 2365/4617/2380
f 2304/4500/2318 2246/4382/2260 2366/4618/2381
f 2153/4138/2167 2331/4559/2345 2367/4619/2382
f 2191/4418/2205 2289/4471/2303 2368/4620/2383
f 2192/4323/2206 2357/4600/2371 2176/4621/2190
f 2223/4324/2237 2224/4325/2238 2369/4622/2384
f 2247/4386/2261 2332/4560/2346 2268/4424/2282
f 2282/4449/2296 2370/4623/2385 2178/4450/2192
f 2178/4450/2192 2370/4623/2385 2324/4542/2338
f 2266/4416/2280 2330/4624/2344 2334/4564/2348
f 2282/4449/2296 2371/4625/2386 2370/4623/2385
f 2325/4569/2339 2337/4568/2351 2372/4626/2387
f 2236/4365/2250 2358/4601/2372 2326/4545/2340
f 2196/4237/2210 2340/4572/2354 2358/4601/2372
f 2282/4449/2296 2309/4509/2323 2371/4625/2386
f 2251/4390/2265 2341/4573/2355 2338/4570/2352
f 2309/4509/2323 2344/4578/2358 2371/4625/2386
f 2308/4508/2322 2255/4394/2269 2343/4575/2357
f 2334/4627/2348 2373/4628/2388 2212/4629/2226
f 2374/4630/2389 2341/4573/2355 2252/4391/2266
f 2360/4604/2375 2375/4631/2390 2376/4632/2391
f 2360/4604/2375 2376/4632/2391 2310/4511/2324
f 2267/4429/2281 2377/4633/2392 2290/4472/2304
f 2311/4606/2325 2327/4552/2341 2378/4634/2393
f 2144/4343/2158 2379/4635/2394 1836/4516/1848
f 2241/4370/2255 2294/4478/2308 2380/4636/2395
f 2167/4637/2181 2381/4638/2396 1973/4639/1987
f 2218/4315/2232 2297/4485/2311 2382/4640/2397
f 2090/4462/2104 2383/4641/2398 2131/4528/2145
f 2319/4533/2333 2318/4642/2332 2208/4534/2222
f 2188/4643/2202 2384/4644/2399 2173/4645/2187
f 2275/4437/2289 2385/4646/2400 2097/4496/2111
f 2277/4441/2291 2386/4647/2401 2276/4440/2290
f 1778/4535/1789 2244/4648/2258 2134/4094/2148
f 2352/4592/2366 2353/4593/2367 2387/4649/2402
f 1290/2326/1300 1634/3077/1645 1905/3592/1917
f 2078/3988/2092 2388/4650/2403 1855/3501/1866
f 1855/3501/1866 2388/4650/2403 1635/3078/1646
f 2389/4651/2404 2262/4652/2276 2151/4356/2165
f 2323/4541/2337 2265/4415/2279 2264/4414/2278
f 2365/4617/2380 2366/4618/2381 2246/4382/2260
f 2332/4560/2346 2153/4138/2167 2367/4619/2382
f 2368/4620/2383 2306/4653/2320 2191/4418/2205
f 2390/4654/2405 2356/4599/2370 2304/4501/2318
f 2336/4566/2350 2342/4574/2356 2271/4427/2285
f 2391/4655/2406 2305/4502/2319 2356/4599/2370
f 2391/4655/2406 2337/4568/2351 2305/4502/2319
f 2358/4656/2372 2361/4605/2376 2326/4546/2340
f 2392/4657/2407 2267/4658/2281 2325/4569/2339
f 2393/4659/2408 2360/4604/2375 2361/4605/2376
f 2394/4660/2409 2343/4575/2357 2290/4472/2304
f 2395/4661/2410 2293/4662/2307 2199/4311/2213
f 2396/4663/2411 2397/4664/2412 2398/4665/2413
f 2397/4666/2412 2399/4667/2414 2400/4668/2415
f 2380/4669/2395 2197/4670/2211 2241/4671/2255
f 2401/4672/2416 2257/4398/2271 2287/4460/2301
f 2397/4664/2412 2396/4663/2411 2399/4673/2414
f 2402/4674/2417 2400/4668/2415 2399/4667/2414
f 2037/4675/2051 2399/4673/2414 2396/4663/2411
f 2399/4667/2414 2037/4434/2051 2165/4433/2179
f 2403/4676/2418 2184/4677/2198 2314/4678/2328
f 2404/4679/2419 2296/4482/2310 2315/4522/2329
f 2348/4680/2362 2218/4681/2232 2382/4682/2397
f 2299/4683/2313 2319/4684/2333 2132/4685/2146
f 2386/4647/2401 2277/4441/2291 2350/4589/2364
f 2173/4185/2187 2351/4590/2365 2045/3911/2059
f 2230/4348/2244 2352/4592/2366 2387/4649/2402
f 2354/4595/2368 2364/4615/2379 1317/4596/1327
f 1779/3349/1790 2149/4129/2163 1817/3421/1829
f 2405/4686/2420 2329/4555/2343 2209/4411/2223
f 2329/4687/2343 2406/4688/2421 2264/4689/2278
f 2190/4417/2204 2407/4690/2422 2322/4540/2336
f 2408/4691/2423 2330/4557/2344 2323/4556/2337
f 2366/4692/2381 2390/4654/2405 2304/4501/2318
f 2248/4693/2262 2176/4621/2190 2409/4694/2424
f 2190/4417/2204 2333/4562/2347 2410/4695/2425
f 2303/4506/2317 2335/4565/2349 2411/4696/2426
f 2223/4324/2237 2369/4622/2384 2357/4600/2371
f 2356/4599/2370 2390/4654/2405 2391/4655/2406
f 2369/4622/2384 2224/4325/2238 1835/4603/2374
f 2412/4697/2427 2397/4664/2412 2413/4698/2428
f 2361/4605/2376 2358/4656/2372 2393/4659/2408
f 2413/4699/2428 2397/4666/2412 2400/4668/2415
f 2310/4511/2324 2376/4632/2391 2273/4512/2287
f 2392/4657/2407 2377/4700/2392 2267/4658/2281
f 2397/4664/2412 2412/4697/2427 2398/4665/2413
f 2123/4701/2137 2286/4459/2300 2239/4457/2253
f 2413/4699/2428 2400/4668/2415 2414/4702/2429
f 2225/4329/2239 2256/4395/2270 2313/4576/2327
f 2377/4633/2392 2394/4660/2409 2290/4472/2304
f 2393/4659/2408 2375/4631/2390 2360/4604/2375
f 2006/3830/2020 2295/4703/2309 1928/3927/1942
f 2292/4476/2306 2257/4398/2271 2401/4672/2416
f 2400/4668/2415 2402/4674/2417 2414/4702/2429
f 2378/4634/2393 2327/4552/2341 2415/4704/2430
f 2128/4112/2142 2416/4705/2431 2164/4706/2178
f 2128/4112/2142 2240/4369/2254 2416/4705/2431
f 2395/4661/2410 2346/4707/2360 2293/4662/2307
f 2399/4667/2414 2165/4433/2179 2402/4674/2417
f 2347/4583/2361 2202/4582/2216 2258/4708/2272
f 2228/4709/2242 2417/4710/2432 2243/4711/2257
f 2418/4712/2433 2188/4585/2202 2347/4583/2361
f 2130/4340/2144 2419/4713/2434 2090/4462/2104
f 2296/4482/2310 2420/4714/2435 2096/4483/2110
f 2146/4715/2160 2073/4716/2087 2318/4717/2332
f 2097/4496/2111 2385/4646/2400 2349/4587/2363
f 2245/4378/2259 2320/4536/2334 2074/4317/2088
f 2147/4127/2161 2421/4718/2436 1976/3748/1990
f 2078/3988/2092 2422/4719/2437 2388/4650/2403
f 1997/3814/2011 1817/3421/1829 2423/4720/2438
f 2355/4598/2369 2302/4498/2316 2424/4721/2439
f 2262/4652/2276 2389/4651/2404 2425/4722/2440
f 2262/4652/2276 2425/4722/2440 2263/4723/2277
f 2151/4356/2165 2322/4540/2336 2389/4651/2404
f 2264/4724/2278 2406/4725/2421 2408/4691/2423
f 2408/4691/2423 2323/4556/2337 2264/4724/2278
f 2426/4726/2441 2427/4727/2442 2365/4617/2380
f 2365/4617/2380 2427/4727/2442 2366/4618/2381
f 2190/4417/2204 2410/4695/2425 2407/4690/2422
f 2367/4619/2382 2331/4559/2345 2428/4728/2443
f 2330/4557/2344 2408/4691/2423 2429/4729/2444
f 2366/4618/2381 2427/4727/2442 2372/4730/2387
f 2366/4692/2381 2372/4626/2387 2390/4654/2405
f 2176/4621/2190 2357/4600/2371 2409/4694/2424
f 2289/4471/2303 2338/4570/2352 2368/4620/2383
f 2248/4448/2262 2336/4566/2350 2281/4447/2295
f 2391/4655/2406 2390/4654/2405 2337/4568/2351
f 2337/4568/2351 2390/4654/2405 2372/4626/2387
f 2370/4623/2385 2344/4578/2358 2324/4542/2338
f 2370/4623/2385 2371/4625/2386 2344/4578/2358
f 2308/4563/2322 2343/4731/2357 2333/4562/2347
f 2334/4627/2348 2330/4732/2344 2373/4628/2388
f 2342/4574/2356 2430/4733/2445 2252/4421/2266
f 2431/4734/2446 2432/4735/2447 2412/4697/2427
f 2412/4697/2427 2432/4735/2447 2398/4665/2413
f 2193/4233/2207 2292/4476/2306 2433/4736/2448
f 2285/4737/2299 2434/4738/2449 2253/4739/2267
f 2253/4739/2267 2434/4738/2449 2215/4740/2450
f 2375/4631/2390 2435/4741/2451 2376/4632/2391
f 2393/4659/2408 2435/4741/2451 2375/4631/2390
f 2199/4311/2213 2436/4742/2452 2395/4661/2410
f 2398/4665/2413 2437/4743/2453 2396/4663/2411
f 2126/4744/2140 2438/4745/2454 2110/4746/2124
f 2294/4747/2308 2439/4748/2455 2380/4749/2395
f 2212/4750/2226 2439/4751/2455 2294/4752/2308
f 2070/4753/2084 2440/4754/2456 2051/4755/2065
f 2327/4552/2341 2226/4551/2240 2415/4704/2430
f 2037/4675/2051 2396/4663/2411 2226/4756/2240
f 2258/4708/2272 2418/4712/2433 2347/4583/2361
f 2346/4707/2360 2404/4757/2419 2315/4758/2329
f 2090/4462/2104 2419/4713/2434 2383/4641/2398
f 2297/4759/2311 2441/4760/2457 2382/4682/2397
f 2298/4761/2312 2441/4760/2457 2297/4759/2311
f 2348/4586/2362 2298/4762/2312 2229/4347/2243
f 2229/4347/2243 2298/4762/2312 2171/4404/2185
f 1812/4530/1824 2317/4529/2331 2299/4683/2313
f 2319/4533/2333 2275/4763/2289 2318/4642/2332
f 2275/4764/2289 2319/4684/2333 2317/4529/2331
f 2275/4495/2289 2276/4494/2290 2318/4717/2332
f 2350/4589/2364 2134/4765/2458 2386/4647/2401
f 1997/4766/2011 2423/4767/2438 2442/4768/2459
f 2321/4537/2335 2443/4769/2460 2209/4285/2223
f 2329/4687/2343 2444/4770/2461 2406/4688/2421
f 2445/4771/2462 2429/4729/2444 2408/4691/2423
f 2428/4728/2443 2332/4560/2346 2367/4619/2382
f 2427/4727/2442 2446/4772/2463 2372/4730/2387
f 2447/4773/2464 2448/4774/2465 2449/4775/2466
f 2413/4698/2428 2450/4776/2467 2412/4697/2427
f 2325/4569/2339 2372/4626/2387 2392/4657/2407
f 2448/4774/2465 2393/4659/2408 2449/4775/2466
f 2449/4775/2466 2393/4659/2408 2358/4656/2372
f 1835/4603/2374 2434/4738/2449 2369/4622/2384
f 2413/4699/2428 2414/4702/2429 2451/4777/2468
f 2336/4566/2350 2430/4733/2445 2342/4574/2356
f 1870/3829/1881 2141/4778/2155 2359/4602/2373
f 2252/4421/2266 2430/4733/2445 2374/4779/2389
f 2376/4632/2391 2448/4774/2465 2273/4512/2287
f 2376/4632/2391 2393/4659/2408 2448/4774/2465
f 2311/4606/2325 2378/4634/2393 2339/4780/2353
f 2339/4780/2353 2378/4634/2393 2452/4781/2469
f 2452/4782/2469 2398/4665/2413 2453/4783/2470
f 2376/4632/2391 2435/4741/2451 2393/4659/2408
f 2454/4784/2471 2455/4785/2472 2456/4786/2473
f 2452/4782/2469 2437/4743/2453 2398/4665/2413
f 2396/4663/2411 2437/4743/2453 2226/4756/2240
f 2144/4343/2158 2206/4342/2220 2379/4635/2394
f 2457/4787/2474 2381/4638/2396 2167/4637/2181
f 2317/4788/2331 2385/4789/2400 2275/4790/2289
f 2364/4615/2379 2458/4791/2475 1906/4616/1918
f 2458/4791/2475 2301/4792/2315 1906/4616/1918
f 2321/4793/2335 2355/4794/2369 2443/4795/2460
f 2263/4723/2277 2459/4796/2476 2365/4797/2380
f 2428/4798/2443 2331/4799/2345 2460/4800/2477
f 2461/4801/2478 2462/4802/2479 2447/4803/2464
f 2463/4804/2480 2461/4801/2478 2447/4803/2464
f 2447/4773/2464 2449/4775/2466 2463/4805/2480
f 2464/4806/2481 2465/4807/2482 2411/4808/2426
f 2332/4809/2346 2466/4810/2483 2268/4811/2282
f 2467/4812/2484 2336/4566/2350 2248/4448/2262
f 2256/4813/2270 2268/4811/2282 2466/4810/2483
f 2462/4802/2479 2468/4814/2485 2447/4803/2464
f 2358/4815/2372 2340/4816/2354 2431/4734/2446
f 2450/4776/2467 2431/4734/2446 2412/4697/2427
f 2451/4777/2468 2450/4817/2467 2413/4699/2428
f 2469/4818/2486 2123/4543/2137 2324/4542/2338
f 2333/4562/2347 2343/4731/2357 2470/4819/2487
f 2340/4816/2354 2453/4783/2470 2431/4734/2446
f 2469/4820/2486 2286/4459/2300 2123/4701/2137
f 2339/4821/2353 2453/4783/2470 2340/4816/2354
f 2431/4734/2446 2453/4783/2470 2432/4735/2447
f 2452/4782/2469 2453/4783/2470 2339/4821/2353
f 2471/4822/2488 2273/4432/2287 2448/4823/2465
f 2398/4665/2413 2432/4735/2447 2453/4783/2470
f 2472/4824/2489 2454/4784/2471 2456/4786/2473
f 2473/4825/2490 2434/4738/2449 2285/4737/2299
f 2344/4578/2358 2362/4607/2377 2474/4826/2491
f 2240/4369/2254 2273/4432/2287 2471/4822/2488
f 2455/4785/2472 2475/4827/2492 2456/4786/2473
f 2285/4737/2299 1631/4301/1642 2473/4825/2490
f 2373/4828/2388 2439/4748/2455 2212/4829/2226
f 2110/4830/2124 2440/4754/2456 2070/4753/2084
f 2165/4433/2179 2476/4831/2493 2402/4674/2417
f 2165/4433/2179 2477/4832/2494 2476/4831/2493
f 2258/4401/2272 2478/4833/2495 2418/4834/2433
f 2227/4336/2241 1316/4219/1326 2328/4554/2342
f 2167/4637/2181 2146/4835/2160 2457/4787/2474
f 2479/4836/2496 2188/4643/2202 2418/4837/2433
f 2479/4836/2496 2384/4644/2399 2188/4643/2202
f 2299/4683/2313 2317/4529/2331 2319/4684/2333
f 2244/4377/2258 1667/4376/1678 2480/4838/2497
f 2387/4649/2402 2353/4593/2367 2481/4839/2498
f 2209/4840/2223 2443/4841/2460 2482/4842/2499
f 2329/4687/2343 2405/4843/2420 2444/4770/2461
f 2209/4840/2223 2482/4842/2499 2405/4843/2420
f 2406/4725/2421 2445/4771/2462 2408/4691/2423
f 2302/4844/2316 2303/4506/2317 2411/4696/2426
f 2428/4798/2443 2460/4800/2477 2483/4845/2500
f 2426/4726/2441 2446/4772/2463 2427/4727/2442
f 2484/4846/2501 2461/4801/2478 2463/4804/2480
f 2428/4798/2443 2485/4847/2502 2332/4848/2346
f 2466/4810/2483 2332/4809/2346 2485/4849/2502
f 2461/4801/2478 2486/4850/2503 2462/4802/2479
f 2487/4851/2504 2464/4852/2481 2411/4853/2426
f 2466/4810/2483 2488/4854/2505 2256/4813/2270
f 2446/4855/2463 2392/4657/2407 2372/4626/2387
f 2489/4856/2506 2490/4857/2507 2336/4566/2350
f 2491/4858/2508 2451/4777/2468 2414/4702/2429
f 2447/4859/2464 2492/4860/2509 2448/4861/2465
f 2336/4566/2350 2490/4857/2507 2430/4733/2445
f 2324/4542/2338 2344/4578/2358 2493/4862/2510
f 2448/4861/2465 2492/4860/2509 2471/4863/2488
f 2472/4824/2489 2456/4786/2473 2475/4827/2492
f 2430/4733/2445 2490/4857/2507 2374/4779/2389
f 2414/4864/2429 2494/4865/2511 2472/4866/2489
f 2193/4233/2207 2433/4736/2448 2335/4565/2349
f 2330/4732/2344 2495/4867/2512 2373/4628/2388
f 2414/4864/2429 2496/4868/2513 2494/4865/2511
f 2292/4476/2306 2401/4672/2416 2433/4736/2448
f 2436/4742/2452 2199/4311/2213 2345/4579/2359
f 2497/4869/2514 2438/4870/2454 2126/4871/2140
f 2498/4872/2515 2452/4873/2469 2378/4874/2393
f 2415/4704/2430 2498/4875/2515 2378/4634/2393
f 2452/4873/2469 2499/4876/2516 2437/4877/2453
f 2455/4785/2472 2454/4784/2471 2500/4878/2517
f 2415/4704/2430 2226/4551/2240 2498/4875/2515
f 2437/4743/2453 2499/4879/2516 2226/4756/2240
f 2414/4702/2429 2476/4831/2493 2501/4880/2518
f 2414/4702/2429 2402/4674/2417 2476/4831/2493
f 2312/4514/2326 2502/4881/2519 2258/4401/2272
f 2184/4677/2198 2403/4676/2418 2503/4882/2520
f 2478/4883/2495 2479/4836/2496 2418/4837/2433
f 2206/4342/2220 1973/4639/1987 2504/4884/2521
f 2441/4760/2457 2505/4885/2522 2382/4682/2397
f 2382/4682/2397 2505/4885/2522 2348/4680/2362
f 2441/4760/2457 2298/4761/2312 2505/4885/2522
f 2348/4680/2362 2505/4885/2522 2298/4761/2312
f 2134/4094/2148 2349/4886/2523 1996/3810/2010
f 2077/4408/2091 2136/4887/2150 2098/4406/2112
f 1179/4409/1189 2101/4888/2115 2261/4410/2275
f 1706/4889/1717 2506/4890/2524 2078/4891/2092
f 2301/4497/2315 2288/4892/2302 1816/3420/1828
f 2459/4796/2476 2426/4893/2441 2365/4797/2380
f 2322/4540/2336 2407/4690/2422 2507/4894/2525
f 2508/4895/2526 2509/4896/2527 2461/4897/2478
f 2483/4845/2500 2485/4847/2502 2428/4798/2443
f 2445/4771/2462 2510/4898/2528 2511/4899/2529
f 2331/4799/2345 2512/4900/2530 2460/4800/2477
f 2513/4901/2531 2514/4902/2532 2510/4903/2528
f 2407/4690/2422 2410/4695/2425 2515/4904/2533
f 2463/4804/2480 2516/4905/2534 2484/4846/2501
f 2510/4903/2528 2514/4902/2532 2511/4906/2529
f 2509/4907/2527 2486/4850/2503 2461/4801/2478
f 2511/4899/2529 2429/4729/2444 2445/4771/2462
f 2449/4908/2466 2517/4909/2535 2463/4910/2480
f 2514/4911/2532 2429/4729/2444 2511/4899/2529
f 2467/4812/2484 2518/4912/2536 2336/4566/2350
f 2358/4913/2372 2517/4909/2535 2449/4908/2466
f 2472/4914/2489 2514/4915/2532 2519/4916/2537
f 2514/4917/2532 2520/4918/2538 2521/4919/2539
f 2358/4815/2372 2431/4734/2446 2450/4776/2467
f 2358/4815/2372 2450/4776/2467 2517/4920/2535
f 2514/4917/2532 2522/4921/2540 2520/4918/2538
f 2472/4914/2489 2522/4922/2540 2514/4915/2532
f 2488/4854/2505 2523/4923/2541 2256/4813/2270
f 2447/4859/2464 2468/4924/2485 2492/4860/2509
f 2475/4827/2492 2522/4925/2540 2472/4824/2489
f 2341/4926/2355 2524/4927/2542 2338/4928/2352
f 2256/4813/2270 2525/4929/2543 2313/4930/2327
f 2343/4731/2357 2394/4931/2409 2470/4819/2487
f 2494/4865/2511 2526/4932/2544 2527/4933/2545
f 2494/4865/2511 2527/4933/2545 2472/4866/2489
f 2286/4459/2300 2469/4820/2486 2528/4934/2546
f 2286/4459/2300 2528/4934/2546 2312/4514/2326
f 2414/4702/2429 2501/4880/2518 2496/4935/2513
f 2498/4872/2515 2499/4876/2516 2452/4873/2469
f 2499/4936/2516 2498/4875/2515 2226/4551/2240
f 2529/4937/2547 2165/4938/2179 2295/4939/2309
f 2530/4940/2548 2531/4941/2549 2502/4942/2519
f 2502/4881/2519 2478/4833/2495 2258/4401/2272
f 2532/4943/2550 2531/4941/2549 2530/4940/2548
f 2532/4943/2550 2533/4944/2551 2531/4941/2549
f 2504/4884/2521 1973/4639/1987 2381/4638/2396
f 2119/4374/2133 2534/4945/2552 2189/4218/2203
f 2276/4440/2290 2386/4647/2401 2535/4946/2553
f 1559/4947/1569 2534/4945/2552 2119/4374/2133
f 2480/4838/2497 1667/4376/1678 2278/4948/2292
f 2481/4949/2498 2353/4950/2367 2536/4951/2554
f 2136/4887/2150 2536/4951/2554 2353/4950/2367
f 2537/4952/2555 1976/3748/1990 2421/4718/2436
f 2537/4952/2555 2538/4953/2556 1976/3748/1990
f 2538/4953/2556 2099/4613/2113 1976/3748/1990
f 2077/4381/2091 2363/4614/2378 2539/4954/2557
f 2540/4955/2558 2100/4026/2114 2099/4025/2113
f 2541/4956/2559 2021/4957/2035 1635/4958/1646
f 2482/4842/2499 2444/4770/2461 2405/4843/2420
f 2424/4959/2439 2302/4844/2316 2411/4696/2426
f 2542/4960/2560 2509/4896/2527 2508/4895/2526
f 2406/4725/2421 2510/4898/2528 2445/4771/2462
f 2543/4961/2561 2508/4962/2526 2461/4963/2478
f 2543/4961/2561 2461/4963/2478 2484/4964/2501
f 2507/4894/2525 2407/4690/2422 2515/4904/2533
f 2544/4965/2562 2446/4855/2463 2426/4966/2441
f 2545/4967/2563 2411/4808/2426 2465/4807/2482
f 2514/4917/2532 2521/4919/2539 2429/4968/2444
f 2546/4969/2564 2409/4694/2424 2357/4600/2371
f 2513/4901/2531 2519/4970/2537 2514/4902/2532
f 2547/4971/2565 2462/4802/2479 2486/4850/2503
f 2357/4600/2371 2369/4622/2384 2546/4969/2564
f 2548/4972/2566 2517/4920/2535 2450/4776/2467
f 2549/4973/2567 2521/4919/2539 2520/4918/2538
f 2547/4971/2565 2468/4814/2485 2462/4802/2479
f 2429/4974/2444 2495/4867/2512 2330/4732/2344
f 2550/4975/2568 2411/4696/2426 2335/4565/2349
f 2414/4864/2429 2472/4866/2489 2491/4976/2508
f 2551/4977/2569 2520/4918/2538 2522/4921/2540
f 2552/4978/2570 2341/4926/2355 2374/4979/2389
f 2523/4923/2541 2525/4929/2543 2256/4813/2270
f 2493/4862/2510 2344/4578/2358 2474/4826/2491
f 2472/4824/2489 2527/4980/2545 2454/4784/2471
f 2497/4981/2514 2126/4475/2140 2291/4474/2305
f 2553/4982/2571 2475/4827/2492 2455/4785/2472
f 2526/4932/2544 2494/4865/2511 2496/4868/2513
f 2477/4832/2494 2165/4433/2179 2554/4983/2572
f 2529/4937/2547 2554/4984/2572 2165/4938/2179
f 2502/4942/2519 2531/4941/2549 2555/4985/2573
f 2531/4941/2549 2533/4944/2551 2555/4985/2573
f 2503/4882/2520 2556/4986/2574 2184/4677/2198
f 2557/4987/2575 2540/4955/2558 2099/4025/2113
f 2288/4467/2302 2558/4988/2576 2149/4129/2163
f 2559/4989/2577 2406/4688/2421 2444/4770/2461
f 2560/4990/2578 2510/4898/2528 2406/4725/2421
f 2510/4898/2528 2560/4990/2578 2561/4991/2579
f 2561/4992/2579 2513/4901/2531 2510/4903/2528
f 2460/4800/2477 2512/4900/2530 2483/4845/2500
f 2545/4967/2563 2562/4993/2580 2411/4808/2426
f 2463/4910/2480 2517/4909/2535 2516/4994/2534
f 2465/4807/2482 2464/4806/2481 2545/4967/2563
f 2466/4995/2483 2485/4996/2502 2488/4997/2505
f 2518/4912/2536 2563/4998/2581 2336/4566/2350
f 2563/4998/2581 2489/4856/2506 2336/4566/2350
f 2450/4776/2467 2564/4999/2582 2548/4972/2566
f 2450/4776/2467 2451/5000/2468 2564/4999/2582
f 2411/4696/2426 2550/4975/2568 2487/5001/2504
f 2565/5002/2583 2490/4857/2507 2489/4856/2506
f 2547/4971/2565 2566/5003/2584 2468/4814/2485
f 2324/4542/2338 2493/4862/2510 2567/5004/2585
f 2565/5002/2583 2374/4779/2389 2490/4857/2507
f 2549/4973/2567 2520/4918/2538 2551/4977/2569
f 2524/4927/2542 2341/4926/2355 2552/4978/2570
f 2522/4925/2540 2475/4827/2492 2553/4982/2571
f 2373/4828/2388 2568/5005/2586 2439/4748/2455
f 2240/4369/2254 2569/5006/2587 2570/5007/2588
f 2527/4980/2545 2500/4878/2517 2454/4784/2471
f 2553/4982/2571 2455/4785/2472 2571/5008/2589
f 2570/5007/2588 2416/4705/2431 2240/4369/2254
f 2570/5007/2588 2572/5009/2590 2416/4705/2431
f 2496/5010/2513 2573/5011/2591 2526/5012/2544
f 2455/4785/2472 2500/4878/2517 2571/5008/2589
f 2416/5013/2431 2574/5014/2592 2164/5015/2178
f 2572/5009/2590 2575/5016/2593 2416/4705/2431
f 2576/5017/2594 2404/5018/2419 2395/5019/2410
f 2395/4661/2410 2404/4757/2419 2346/4707/2360
f 2502/4942/2519 2577/5020/2595 2530/4940/2548
f 2477/5021/2494 2554/5022/2572 2578/5023/2596
f 2478/5024/2495 2502/4942/2519 2555/4985/2573
f 2243/4609/2257 2579/5025/2597 2362/4610/2377
f 2533/4944/2551 2580/5026/2598 2555/4985/2573
f 2217/4314/2231 2184/4208/2198 2556/5027/2574
f 2404/5028/2419 2581/5029/2599 2296/5030/2310
f 2479/4836/2496 2582/5031/2600 2384/4644/2399
f 2349/5032/2523 2583/5033/2601 1996/5034/2010
f 2230/4348/2244 2387/4649/2402 2481/4839/2498
f 2538/5035/2556 2557/4987/2575 2099/4025/2113
f 2021/5036/2035 2584/5037/2602 1669/5038/1680
f 2301/4792/2315 2458/4791/2475 2288/5039/2302
f 2263/4723/2277 2425/4722/2440 2459/4796/2476
f 2484/4964/2501 2585/5040/2603 2543/4961/2561
f 2411/4696/2426 2562/5041/2580 2424/4959/2439
f 2519/4970/2537 2513/4901/2531 2586/5042/2604
f 2562/5043/2580 2545/5044/2563 2487/4851/2504
f 2485/4847/2502 2587/5045/2605 2488/4854/2505
f 2521/5046/2539 2588/5047/2606 2429/5048/2444
f 2429/5048/2444 2588/5047/2606 2589/5049/2607
f 2545/5044/2563 2464/4852/2481 2487/4851/2504
f 2409/4694/2424 2590/5050/2608 2248/4693/2262
f 2489/4856/2506 2563/4998/2581 2565/5002/2583
f 2248/4693/2262 2590/5050/2608 2467/5051/2484
f 2591/5052/2609 2472/4914/2489 2519/4916/2537
f 2468/4924/2485 2566/5053/2584 2492/4860/2509
f 2470/4819/2487 2592/5054/2610 2333/4562/2347
f 2492/4860/2509 2566/5053/2584 2471/4863/2488
f 1738/5055/1749 2593/5056/2611 1842/5057/1853
f 2528/5058/2546 2594/5059/2612 2312/5060/2326
f 2570/5061/2588 2569/5062/2587 2595/5063/2613
f 2439/4748/2455 2568/5005/2586 2596/5064/2614
f 2313/4517/2327 2597/5065/2615 2287/4460/2301
f 2379/5066/2394 2312/5060/2326 2594/5059/2612
f 2496/4935/2513 2501/4880/2518 2573/5067/2591
f 2217/4314/2231 2598/5068/2616 2345/4579/2359
f 2529/4937/2547 2599/5069/2617 2554/4984/2572
f 2379/4635/2394 2206/4342/2220 2504/4884/2521
f 2580/5026/2598 2533/4944/2551 2532/4943/2550
f 2478/4883/2495 2600/5070/2618 2479/4836/2496
f 2601/5071/2619 2602/5072/2620 2600/5073/2618
f 2600/5073/2618 2602/5072/2620 2603/5074/2621
f 2603/5074/2621 2602/5072/2620 2604/5075/2622
f 2605/5076/2623 2317/4529/2331 2131/4528/2145
f 2600/5070/2618 2582/5031/2600 2479/4836/2496
f 2606/5077/2624 2146/4715/2160 2318/4717/2332
f 2607/5078/2625 2386/4647/2401 2134/4765/2458
f 2608/5079/2626 2351/5080/2365 2173/5081/2187
f 2583/5082/2601 2349/4886/2523 2134/4094/2148
f 2230/4348/2244 2481/4839/2498 2609/5083/2627
f 1400/5084/1410 2260/4405/2274 1534/3075/1544
f 2610/5085/2628 2322/4540/2336 2507/4894/2525
f 2542/4960/2560 2611/5086/2629 2509/4896/2527
f 2586/5042/2604 2513/4901/2531 2561/4992/2579
f 2585/5040/2603 2484/4964/2501 2516/5087/2534
f 2612/5088/2630 2512/4900/2530 2331/4799/2345
f 2516/4994/2534 2517/4909/2535 2613/5089/2631
f 2587/5045/2605 2485/4847/2502 2483/4845/2500
f 2591/5052/2609 2519/4916/2537 2586/5090/2604
f 2544/4965/2562 2392/4657/2407 2446/4855/2463
f 2591/5052/2609 2614/5091/2632 2472/4914/2489
f 2614/5092/2632 2491/4976/2508 2472/4866/2489
f 2615/5093/2633 2374/4779/2389 2565/5002/2583
f 2616/5094/2634 2469/4818/2486 2324/4542/2338
f 2616/5094/2634 2324/4542/2338 2567/5004/2585
f 2410/4695/2425 2333/4562/2347 2592/5054/2610
f 2429/4974/2444 2617/5095/2635 2495/4867/2512
f 2524/4927/2542 2552/4978/2570 2374/4979/2389
f 2550/5096/2568 2335/5097/2349 2433/5098/2448
f 2566/5053/2584 2569/5099/2587 2471/4863/2488
f 2618/5100/2636 2551/5101/2569 2522/4925/2540
f 2618/5100/2636 2522/4925/2540 2553/4982/2571
f 2619/5102/2637 2497/4869/2514 2291/5103/2305
f 2617/5095/2635 2620/5104/2638 2495/4867/2512
f 2474/4826/2491 2362/4607/2377 2621/5105/2639
f 2569/5006/2587 2240/4369/2254 2471/4822/2488
f 2051/4755/2065 2440/4754/2456 2141/4778/2155
f 2620/5106/2638 2373/4828/2388 2495/5107/2512
f 2572/5108/2590 2570/5109/2588 2595/5110/2613
f 2596/5064/2614 2380/4749/2395 2439/4748/2455
f 2379/5066/2394 2622/5111/2640 2312/5060/2326
f 2622/5111/2640 2502/5112/2519 2312/5060/2326
f 2501/5113/2518 2476/5114/2493 2623/5115/2641
f 2622/5116/2640 2577/5020/2595 2502/4942/2519
f 2599/5117/2617 2529/5118/2547 2624/5119/2642
f 2478/5024/2495 2555/4985/2573 2580/5026/2598
f 2383/4641/2398 2605/5076/2623 2131/4528/2145
f 2625/5120/2643 2626/5121/2644 2602/5072/2620
f 2602/5072/2620 2626/5121/2644 2604/5075/2622
f 2604/5075/2622 2626/5121/2644 2603/5074/2621
f 2535/4946/2553 2386/4647/2401 2607/5078/2625
f 2384/4644/2399 2608/5122/2626 2173/4645/2187
f 2627/5123/2645 2074/5124/2088 2320/5125/2334
f 2628/5126/2646 2136/4887/2150 2539/5127/2557
f 2537/4952/2555 2421/4718/2436 2538/4953/2556
f 2539/4954/2557 2363/4614/2378 1903/4380/1915
f 2355/4794/2369 2424/5128/2439 2443/4795/2460
f 2508/4962/2526 2543/4961/2561 2629/5129/2647
f 2406/4725/2421 2630/5130/2648 2560/4990/2578
f 2631/5131/2649 2544/4965/2562 2426/4966/2441
f 2509/4896/2527 2611/5086/2629 2486/5132/2503
f 2331/4799/2345 2306/5133/2320 2612/5088/2630
f 2611/5134/2629 2547/4971/2565 2486/4850/2503
f 2589/5049/2607 2632/5135/2650 2429/5048/2444
f 2409/4694/2424 2546/4969/2564 2590/5050/2608
f 2467/5136/2484 2590/5137/2608 2518/5138/2536
f 2563/4998/2581 2615/5093/2633 2565/5002/2583
f 2613/5139/2631 2566/5003/2584 2547/4971/2565
f 2564/5140/2582 2633/5141/2651 2548/5142/2566
f 2521/4919/2539 2549/4973/2567 2634/5143/2652
f 2587/5045/2605 2523/4923/2541 2488/4854/2505
f 2369/4622/2384 2434/4738/2449 2635/5144/2653
f 2451/5145/2468 2491/5146/2508 2636/5147/2654
f 2549/4973/2567 2551/4977/2569 2634/5143/2652
f 2615/5148/2633 2524/4927/2542 2374/4979/2389
f 2474/4826/2491 2621/5105/2639 2493/4862/2510
f 2637/5149/2655 2141/4778/2155 2440/4754/2456
f 2006/3830/2020 2638/5150/2656 2295/4703/2309
f 2620/5106/2638 2568/5005/2586 2373/4828/2388
f 2526/5012/2544 2639/5151/2657 2527/5152/2545
f 2573/5011/2591 2640/5153/2658 2526/5012/2544
f 2526/5012/2544 2640/5153/2658 2641/5154/2659
f 2501/5113/2518 2623/5115/2641 2573/5155/2591
f 2573/5155/2591 2623/5115/2641 2640/5156/2658
f 2577/5020/2595 2642/5157/2660 2530/4940/2548
f 2554/5022/2572 2599/5117/2617 2578/5023/2596
f 2217/5158/2231 2643/5159/2661 2598/5160/2616
f 2130/4340/2144 2644/5161/2662 2419/4713/2434
f 2602/5072/2620 2601/5071/2619 2625/5120/2643
f 2645/5162/2663 2603/5074/2621 2626/5121/2644
f 2625/5120/2643 2645/5162/2663 2626/5121/2644
f 2603/5074/2621 2582/5163/2600 2600/5073/2618
f 2276/4494/2290 2535/5164/2553 2646/5165/2664
f 2607/5078/2625 2647/5166/2665 2535/4946/2553
f 1559/4349/1569 2230/4348/2244 2534/5167/2552
f 2136/4887/2150 2077/4408/2091 2539/5127/2557
f 2538/5168/2556 2100/5169/2114 2557/5170/2575
f 2557/5171/2575 2100/5172/2114 2540/5173/2558
f 2100/5174/2114 2648/5175/2666 1634/5176/1645
f 2559/4989/2577 2444/4770/2461 2649/5177/2667
f 2482/4842/2499 2650/5178/2668 2444/4770/2461
f 2444/4770/2461 2650/5178/2668 2649/5177/2667
f 2322/4540/2336 2610/5085/2628 2389/4651/2404
f 2508/4895/2526 2629/5179/2647 2542/4960/2560
f 2629/5179/2647 2611/5086/2629 2542/4960/2560
f 2543/4961/2561 2611/5134/2629 2629/5129/2647
f 2560/4990/2578 2630/5130/2648 2561/4991/2579
f 2543/4961/2561 2585/5040/2603 2611/5134/2629
f 2512/4900/2530 2651/5180/2669 2483/4845/2500
f 2611/5134/2629 2585/5040/2603 2547/4971/2565
f 2483/4845/2500 2651/5180/2669 2587/5045/2605
f 2613/5139/2631 2585/5040/2603 2516/5087/2534
f 2585/5040/2603 2613/5139/2631 2547/4971/2565
f 2563/4998/2581 2518/4912/2536 2652/5181/2670
f 2517/4909/2535 2653/5182/2671 2613/5089/2631
f 2487/5183/2504 2550/5184/2568 2562/5185/2580
f 2306/5133/2320 2368/5186/2383 2654/5187/2672
f 2548/5188/2566 2653/5182/2671 2517/4909/2535
f 2634/5143/2652 2588/5189/2606 2521/4919/2539
f 2613/5190/2631 2655/5191/2673 2566/5192/2584
f 2564/5140/2582 2656/5193/2674 2633/5141/2651
f 2653/5194/2671 2548/5195/2566 2657/5196/2675
f 2491/5197/2508 2614/5198/2632 2636/5199/2654
f 2548/5195/2566 2633/5200/2651 2657/5196/2675
f 2566/5201/2584 2655/5202/2673 2569/5062/2587
f 2551/5203/2569 2618/5204/2636 2634/5205/2652
f 2523/4923/2541 2658/5206/2676 2525/4929/2543
f 2359/4602/2373 2141/4778/2155 2637/5149/2655
f 2469/4820/2486 2659/5207/2677 2528/4934/2546
f 2392/4657/2407 2660/5208/2678 2377/4700/2392
f 2436/4742/2452 2345/4579/2359 2395/4661/2410
f 2377/4700/2392 2660/5208/2678 2394/5209/2409
f 2553/4982/2571 2661/5210/2679 2618/5100/2636
f 2525/4929/2543 2597/5211/2615 2313/4930/2327
f 2553/4982/2571 2571/5008/2589 2661/5210/2679
f 2215/4300/2229 2662/5212/2680 1631/4301/1642
f 2526/5012/2544 2641/5154/2659 2639/5151/2657
f 2527/4980/2545 2639/5213/2657 2500/4878/2517
f 2500/4878/2517 2639/5213/2657 2571/5008/2589
f 2596/5064/2614 2663/5214/2681 2380/4749/2395
f 2575/5215/2682 2665/5216/2683 2666/5217/2684
f 2416/5013/2431 2575/5218/2593 2574/5014/2592
f 2666/5219/2684 2667/5220/2685 2575/5221/2682
f 2379/4635/2394 2668/5222/2686 2622/5223/2640
f 2642/5224/2660 2669/5225/2687 2530/5226/2548
f 2530/4940/2548 2669/5227/2687 2532/4943/2550
f 2379/4635/2394 2504/4884/2521 2668/5222/2686
f 2478/5024/2495 2580/5026/2598 2600/5228/2618
f 2417/5229/2432 2228/5230/2242 2316/5231/2330
f 2645/5162/2663 2625/5120/2643 2601/5071/2619
f 2670/5232/2688 2316/5233/2330 2096/5234/2110
f 2582/5031/2600 2671/5235/2689 2384/4644/2399
f 2646/5165/2664 2318/4717/2332 2276/4494/2290
f 2349/5236/2363 2647/5166/2665 2607/5078/2625
f 2536/4951/2554 2136/4887/2150 2628/5126/2646
f 2584/5237/2602 2354/5238/2368 1669/5239/1680
f 1817/3421/1829 2149/4129/2163 2672/5240/2690
f 2673/5241/2691 2459/4796/2476 2425/4722/2440
f 2459/4796/2476 2673/5241/2691 2426/4893/2441
f 2673/5241/2691 2631/5242/2649 2426/4893/2441
f 2674/5243/2692 2507/4894/2525 2515/4904/2533
f 2586/5042/2604 2561/4992/2579 2634/5205/2652
f 2544/4965/2562 2675/5244/2693 2392/4657/2407
f 2515/4904/2533 2410/4695/2425 2676/5245/2694
f 2589/5049/2607 2588/5047/2606 2677/5246/2695
f 2632/5247/2650 2617/5095/2635 2429/4974/2444
f 2678/5248/2696 2613/5249/2631 2653/5250/2671
f 2679/5251/2697 2614/5091/2632 2591/5052/2609
f 2651/5180/2669 2523/4923/2541 2587/5045/2605
f 2546/4969/2564 2369/4622/2384 2635/5144/2653
f 2564/5140/2582 2680/5252/2698 2656/5193/2674
f 2680/5252/2698 2564/5140/2582 2451/5253/2468
f 2368/5186/2383 2338/4928/2352 2654/5187/2672
f 2613/5249/2631 2678/5248/2696 2655/5202/2673
f 2656/5193/2674 2681/5254/2699 2633/5141/2651
f 2682/5255/2700 2658/5206/2676 2523/4923/2541
f 2683/5256/2701 2567/5257/2585 2684/5258/2702
f 2684/5259/2702 2567/5004/2585 2493/4862/2510
f 2684/5259/2702 2493/4862/2510 2621/5105/2639
f 2685/5260/2703 2686/5261/2704 2687/5262/2705
f 2657/5263/2675 2633/5264/2651 2688/5265/2706
f 2410/5266/2425 2592/5267/2610 2689/5268/2707
f 2686/5261/2704 2690/5269/2708 2687/5262/2705
f 2550/5096/2568 2433/5098/2448 2691/5270/2709
f 2433/5098/2448 2401/5271/2416 2691/5270/2709
f 2661/5210/2679 2571/5008/2589 2639/5213/2657
f 2692/5272/2710 2197/5273/2211 2380/4749/2395
f 2691/5270/2709 2401/5271/2416 2693/5274/2711
f 2694/5275/2712 2665/5216/2683 2575/5215/2682
f 2694/5276/2712 2667/5220/2685 2665/5277/2683
f 2666/5219/2684 2665/5277/2683 2667/5220/2685
f 2695/5278/2713 2577/5279/2595 2622/5280/2640
f 2696/5281/2714 2623/5115/2641 2476/5114/2493
f 2697/5282/2715 2529/5283/2547 2295/5284/2309
f 2697/5282/2715 2295/5284/2309 2698/5285/2716
f 2696/5281/2714 2476/5114/2493 2477/5286/2494
f 2217/5158/2231 2556/4986/2574 2643/5159/2661
f 2383/5287/2398 2419/5288/2434 2699/5289/2717
f 2700/5290/2718 2646/5291/2664 2535/5292/2553
f 2608/5293/2626 2701/5294/2719 2351/5295/2365
f 2134/5296/2148 2647/5297/2665 2583/5033/2601
f 2702/5298/2720 2134/5299/2148 2244/5300/2258
f 2278/5301/2292 2074/5302/2088 2627/5303/2645
f 2389/4651/2404 2703/5304/2721 2425/4722/2440
f 2389/4651/2404 2610/5085/2628 2704/5305/2722
f 2406/4688/2421 2705/5306/2723 2630/5307/2648
f 2634/5205/2652 2561/4992/2579 2706/5308/2724
f 2561/4991/2579 2630/5130/2648 2706/5309/2724
f 2630/5130/2648 2632/5135/2650 2706/5309/2724
f 2705/5310/2723 2632/5247/2650 2630/5311/2648
f 2707/5312/2725 2515/5313/2533 2676/5314/2694
f 2632/5135/2650 2589/5049/2607 2706/5309/2724
f 2651/5180/2669 2512/4900/2530 2612/5088/2630
f 2306/5133/2320 2708/5315/2726 2612/5088/2630
f 2306/5133/2320 2654/5187/2672 2708/5315/2726
f 2588/5189/2606 2634/5143/2652 2677/5316/2695
f 2706/5309/2724 2589/5049/2607 2677/5246/2695
f 2709/5317/2727 2590/5050/2608 2546/4969/2564
f 2591/5052/2609 2586/5090/2604 2679/5251/2697
f 2634/5205/2652 2679/5318/2697 2586/5042/2604
f 2652/5319/2670 2518/5138/2536 2710/5320/2728
f 2652/5319/2670 2710/5320/2728 2711/5321/2729
f 2590/5137/2608 2710/5320/2728 2518/5138/2536
f 2682/5255/2700 2523/4923/2541 2651/5180/2669
f 2563/4998/2581 2652/5181/2670 2615/5093/2633
f 2614/5091/2632 2679/5251/2697 2712/5322/2730
f 2654/5187/2672 2338/4928/2352 2524/4927/2542
f 2616/5323/2634 2567/5257/2585 2683/5256/2701
f 2653/5250/2671 2657/5324/2675 2678/5248/2696
f 2680/5252/2698 2681/5254/2699 2656/5193/2674
f 2685/5260/2703 2687/5262/2705 2713/5325/2731
f 2636/5199/2654 2614/5198/2632 2712/5326/2730
f 2634/5205/2652 2618/5204/2636 2679/5318/2697
f 2621/5327/2639 2685/5260/2703 2684/5328/2702
f 2678/5248/2696 2714/5329/2732 2655/5202/2673
f 2657/5324/2675 2714/5329/2732 2678/5248/2696
f 2712/5326/2730 2641/5154/2659 2636/5199/2654
f 2681/5330/2699 2688/5265/2706 2633/5264/2651
f 2636/5331/2654 2715/5332/2733 2716/5333/2734
f 2717/5334/2735 2618/5100/2636 2661/5210/2679
f 2679/5335/2697 2618/5100/2636 2717/5334/2735
f 2621/5327/2639 2686/5261/2704 2685/5260/2703
f 2687/5262/2705 2690/5269/2708 2718/5336/2736
f 2658/5206/2676 2597/5211/2615 2525/4929/2543
f 2719/5337/2737 2569/5062/2587 2655/5202/2673
f 2621/5327/2639 2362/5338/2377 2686/5261/2704
f 2394/5339/2409 2720/5340/2738 2470/5341/2487
f 2569/5062/2587 2719/5337/2737 2595/5063/2613
f 2528/5058/2546 2721/5342/2739 2594/5059/2612
f 2722/5343/2740 2688/5344/2706 2723/5345/2741
f 2688/5346/2706 2724/5347/2742 2723/5348/2741
f 2688/5346/2706 2725/5349/2743 2724/5347/2742
f 2595/5110/2613 2722/5343/2740 2572/5108/2590
f 2572/5108/2590 2722/5343/2740 2664/5350/2744
f 2722/5343/2740 2723/5345/2741 2664/5350/2744
f 2724/5347/2742 2726/5351/2745 2723/5348/2741
f 2380/4749/2395 2727/5352/2746 2692/5272/2710
f 2380/4749/2395 2663/5214/2681 2727/5352/2746
f 2287/4460/2301 2597/5065/2615 2401/4672/2416
f 2721/5342/2739 2622/5353/2640 2594/5059/2612
f 2664/5350/2744 2726/5354/2745 2575/5355/2593
f 2723/5345/2741 2726/5354/2745 2664/5350/2744
f 2725/5349/2743 2726/5351/2745 2724/5347/2742
f 2164/5015/2178 2574/5014/2592 2314/5356/2328
f 2575/5221/2682 2667/5220/2685 2694/5276/2712
f 2622/5357/2640 2668/5358/2686 2728/5359/2747
f 2577/5279/2595 2729/5360/2748 2642/5361/2660
f 2669/5227/2687 2580/5026/2598 2532/4943/2550
f 2579/5362/2597 2243/5363/2257 2417/5364/2432
f 2645/5365/2663 2601/5366/2619 2730/5367/2749
f 2600/5368/2618 2731/5369/2750 2601/5366/2619
f 2383/5370/2398 2732/5371/2751 2605/5372/2623
f 2134/5299/2148 2702/5298/2720 2647/5373/2665
f 2351/5295/2365 2733/5374/2752 2320/5375/2334
f 2733/5374/2752 2627/5376/2645 2320/5375/2334
f 1634/5176/1645 2648/5175/2666 1905/5377/1917
f 2422/5378/2437 2078/5379/2092 2506/5380/2524
f 2389/5381/2404 2704/5382/2722 2703/5383/2721
f 2559/4989/2577 2705/5306/2723 2406/4688/2421
f 2610/5085/2628 2507/4894/2525 2674/5243/2692
f 2674/5384/2692 2515/5313/2533 2707/5312/2725
f 2424/5385/2439 2562/5185/2580 2734/5386/2753
f 2705/5310/2723 2735/5387/2754 2632/5247/2650
f 2706/5388/2724 2677/5316/2695 2634/5143/2652
f 2562/5185/2580 2550/5184/2568 2734/5386/2753
f 2636/5331/2654 2736/5389/2755 2451/5390/2468
f 2410/5266/2425 2689/5268/2707 2676/5314/2694
f 2635/5144/2653 2434/4738/2449 2737/5391/2756
f 2718/5336/2736 2713/5325/2731 2687/5262/2705
f 2719/5337/2737 2655/5202/2673 2738/5392/2757
f 2714/5329/2732 2738/5392/2757 2655/5202/2673
f 2657/5393/2675 2739/5394/2758 2714/5395/2732
f 2392/4657/2407 2675/5244/2693 2660/5208/2678
f 2740/5396/2759 2719/5337/2737 2738/5392/2757
f 2739/5394/2758 2657/5393/2675 2722/5343/2740
f 2636/5199/2654 2641/5154/2659 2715/5397/2733
f 2657/5393/2675 2688/5344/2706 2722/5343/2740
f 2740/5396/2759 2741/5398/2760 2719/5337/2737
f 2719/5337/2737 2742/5399/2761 2595/5063/2613
f 2688/5346/2706 2681/5400/2699 2725/5349/2743
f 2743/5401/2762 2725/5349/2743 2681/5400/2699
f 2641/5154/2659 2640/5153/2658 2715/5397/2733
f 2623/5115/2641 2696/5281/2714 2716/5333/2734
f 2110/4830/2124 2438/5402/2454 2440/4754/2456
f 2594/5059/2612 2622/5353/2640 2728/5403/2747
f 2580/5404/2598 2731/5369/2750 2600/5368/2618
f 2318/4717/2332 2646/5165/2664 2606/5077/2624
f 2506/5380/2524 1706/5405/1717 1905/5377/1917
f 2558/5406/2576 2288/5039/2302 2458/4791/2475
f 2423/4720/2438 1817/3421/1829 2672/5240/2690
f 2649/5177/2667 2705/5306/2723 2559/4989/2577
f 2682/5255/2700 2651/5180/2669 2612/5088/2630
f 2632/5247/2650 2620/5104/2638 2617/5095/2635
f 2652/5407/2670 2524/4927/2542 2615/5148/2633
f 2744/5408/2763 2680/5252/2698 2451/5253/2468
f 2745/5409/2764 2654/5187/2672 2524/4927/2542
f 2713/5410/2731 2746/5411/2765 2675/5412/2693
f 2747/5413/2766 2676/5314/2694 2689/5268/2707
f 2681/5254/2699 2680/5252/2698 2748/5414/2767
f 2749/5415/2768 2658/5206/2676 2682/5255/2700
f 2718/5336/2736 2746/5416/2765 2713/5325/2731
f 2750/5417/2769 2714/5395/2732 2739/5394/2758
f 2636/5331/2654 2716/5333/2734 2736/5389/2755
f 2717/5334/2735 2661/5210/2679 2751/5418/2770
f 2746/5416/2765 2718/5336/2736 2752/5419/2771
f 2712/5326/2730 2639/5151/2657 2641/5154/2659
f 2753/5420/2772 2597/5211/2615 2658/5206/2676
f 2752/5419/2771 2718/5336/2736 2690/5269/2708
f 2720/5340/2738 2592/5267/2610 2470/5341/2487
f 2754/5421/2773 2639/5213/2657 2712/5422/2730
f 2754/5421/2773 2661/5210/2679 2639/5213/2657
f 2755/5423/2774 2434/4738/2449 2473/4825/2490
f 2752/5419/2771 2690/5269/2708 2686/5261/2704
f 2756/5424/2775 2752/5419/2771 2686/5261/2704
f 2660/5425/2678 2720/5340/2738 2394/5339/2409
f 2395/5019/2410 2345/5426/2359 2757/5427/2776
f 2758/5428/2777 2568/5005/2586 2620/5106/2638
f 2741/5398/2760 2759/5429/2778 2719/5337/2737
f 2759/5429/2778 2742/5399/2761 2719/5337/2737
f 2623/5115/2641 2716/5333/2734 2640/5156/2658
f 2640/5156/2658 2716/5333/2734 2715/5332/2733
f 2755/5423/2774 2473/4825/2490 1631/4301/1642
f 2686/5261/2704 2362/5338/2377 2756/5424/2775
f 2742/5430/2761 2722/5343/2740 2595/5110/2613
f 2760/5431/2779 2761/5432/2780 2568/5005/2586
f 2596/5064/2614 2568/5005/2586 2761/5432/2780
f 2693/5274/2711 2761/5433/2780 2691/5270/2709
f 1836/4516/1848 2379/4635/2394 2594/5434/2612
f 1836/5435/1848 2594/5436/2612 2728/5437/2747
f 2762/5438/2781 2575/5355/2593 2726/5354/2745
f 2362/5338/2377 2763/5439/2782 2756/5424/2775
f 2579/5440/2597 2763/5439/2782 2362/5338/2377
f 2729/5360/2748 2577/5279/2595 2695/5278/2713
f 2764/5441/2783 2696/5281/2714 2477/5286/2494
f 2764/5441/2783 2477/5286/2494 2578/5442/2596
f 2624/5119/2642 2578/5023/2596 2599/5117/2617
f 2730/5443/2749 2603/5444/2621 2645/5445/2663
f 2227/4336/2241 2328/4554/2342 2765/5446/2784
f 2730/5443/2749 2766/5447/2785 2603/5444/2621
f 2765/5446/2784 2328/4554/2342 2189/4218/2203
f 2767/5448/2786 2582/5449/2600 2603/5444/2621
f 2582/5450/2600 2768/5451/2787 2671/5452/2689
f 2385/5453/2400 2647/5454/2665 2349/5455/2363
f 2534/5167/2552 2230/4348/2244 2609/5083/2627
f 2769/5456/2788 2539/4954/2557 2770/5457/2789
f 2539/4954/2557 1903/4380/1915 2770/5457/2789
f 2771/5458/2790 2443/4795/2460 2424/5128/2439
f 2482/4842/2499 2772/5459/2791 2650/5178/2668
f 2425/5460/2440 2773/5461/2792 2673/5462/2691
f 2425/5463/2440 2703/5464/2721 2773/5465/2792
f 2610/5466/2628 2674/5467/2692 2704/5468/2722
f 2735/5387/2754 2620/5104/2638 2632/5247/2650
f 2709/5317/2727 2546/4969/2564 2774/5469/2793
f 2735/5387/2754 2775/5470/2794 2620/5104/2638
f 2654/5187/2672 2745/5409/2764 2776/5471/2795
f 2713/5325/2731 2777/5472/2796 2685/5260/2703
f 2777/5472/2796 2713/5325/2731 2675/5473/2693
f 2680/5252/2698 2744/5408/2763 2748/5414/2767
f 2451/5390/2468 2736/5389/2755 2744/5474/2763
f 2679/5335/2697 2717/5334/2735 2778/5475/2797
f 2683/5476/2701 2684/5328/2702 2685/5260/2703
f 2779/5477/2798 2780/5478/2799 2748/5479/2767
f 2550/5096/2568 2691/5270/2709 2781/5480/2800
f 2738/5392/2757 2714/5329/2732 2782/5481/2801
f 2782/5481/2801 2714/5329/2732 2750/5482/2769
f 2780/5483/2799 2750/5484/2769 2748/5485/2767
f 2679/5251/2697 2754/5486/2773 2712/5322/2730
f 2746/5411/2765 2783/5487/2802 2675/5412/2693
f 2783/5488/2802 2660/5425/2678 2675/5489/2693
f 2597/5490/2615 2753/5491/2772 2784/5492/2803
f 2720/5340/2738 2689/5268/2707 2592/5267/2610
f 2740/5396/2759 2785/5493/2804 2741/5398/2760
f 2681/5400/2699 2786/5494/2805 2743/5401/2762
f 2722/5343/2740 2742/5430/2761 2739/5394/2758
f 2787/5495/2806 2742/5399/2761 2759/5429/2778
f 2691/5270/2709 2761/5433/2780 2788/5496/2807
f 2743/5401/2762 2789/5497/2808 2725/5349/2743
f 2761/5498/2780 2693/5499/2711 2596/5500/2614
f 1836/5435/1848 2728/5437/2747 2668/5501/2686
f 2575/5502/2593 2762/5503/2781 2790/5504/2809
f 2697/5282/2715 2624/5505/2642 2529/5283/2547
f 2504/5506/2521 2381/5507/2396 2791/5508/2810
f 2792/5509/2811 2730/5367/2749 2601/5366/2619
f 2582/5450/2600 2793/5510/2812 2768/5451/2787
f 2794/5511/2813 2385/5512/2400 2317/5513/2331
f 2535/5514/2553 2647/5373/2665 2795/5515/2814
f 2701/5294/2719 2733/5374/2752 2351/5295/2365
f 2609/5516/2627 2481/4949/2498 2536/4951/2554
f 2539/5127/2557 2769/5517/2788 2628/5126/2646
f 1997/4766/2011 2442/4768/2459 2148/5518/2162
f 2149/4129/2163 2558/4988/2576 2672/5240/2690
f 2482/4842/2499 2443/4841/2460 2772/5459/2791
f 2673/5462/2691 2773/5461/2792 2796/5519/2815
f 2424/5128/2439 2734/5520/2753 2771/5458/2790
f 2612/5088/2630 2797/5521/2816 2682/5255/2700
f 2675/5522/2693 2544/5523/2562 2798/5524/2817
f 2654/5187/2672 2776/5471/2795 2708/5315/2726
f 2550/5096/2568 2781/5480/2800 2734/5525/2753
f 2710/5526/2728 2590/5050/2608 2799/5527/2818
f 2710/5320/2728 2799/5528/2818 2711/5321/2729
f 2780/5483/2799 2779/5529/2798 2800/5530/2819
f 2717/5334/2735 2751/5418/2770 2778/5475/2797
f 2685/5260/2703 2777/5472/2796 2801/5531/2820
f 2740/5396/2759 2738/5392/2757 2802/5532/2821
f 2748/5479/2767 2744/5533/2763 2779/5477/2798
f 2750/5484/2769 2780/5483/2799 2782/5534/2801
f 2778/5475/2797 2754/5535/2773 2679/5335/2697
f 2689/5268/2707 2720/5340/2738 2747/5413/2766
f 2750/5536/2769 2803/5537/2822 2748/5414/2767
f 1299/4243/1309 1842/4242/1853 2593/5538/2611
f 2469/5539/2486 2804/5540/2823 2659/5541/2677
f 2528/5542/2546 2659/5543/2677 2804/5544/2823
f 2758/5428/2777 2760/5431/2779 2568/5005/2586
f 2761/5433/2780 2760/5545/2779 2788/5496/2807
f 2741/5398/2760 2785/5493/2804 2759/5429/2778
f 1631/4301/1642 2662/5212/2680 2755/5423/2774
f 2725/5349/2743 2789/5497/2808 2726/5351/2745
f 2596/5500/2614 2805/5546/2824 2663/5547/2681
f 2693/5499/2711 2805/5546/2824 2596/5500/2614
f 2806/5548/2825 2764/5549/2783 2578/5023/2596
f 1735/4339/1746 2644/5161/2662 2130/4340/2144
f 2601/5366/2619 2731/5369/2750 2792/5509/2811
f 2189/4218/2203 2534/4945/2552 2765/5446/2784
f 2768/5451/2787 2384/5550/2399 2671/5452/2689
f 2384/5550/2399 2768/5451/2787 2608/5551/2626
f 2647/5373/2665 2807/5552/2826 2795/5515/2814
f 2608/5293/2626 2768/5553/2787 2701/5294/2719
f 2702/5298/2720 2244/5300/2258 2647/5373/2665
f 2647/5297/2665 2808/5554/2827 2583/5033/2601
f 2421/5555/2436 2809/5556/2828 2538/5168/2556
f 2649/5177/2667 2650/5178/2668 2705/5306/2723
f 2705/5306/2723 2650/5178/2668 2810/5557/2829
f 2705/5310/2723 2810/5558/2829 2735/5387/2754
f 2707/5312/2725 2676/5314/2694 2747/5413/2766
f 2735/5387/2754 2810/5558/2829 2775/5470/2794
f 2612/5088/2630 2708/5315/2726 2797/5521/2816
f 2675/5522/2693 2811/5559/2830 2777/5560/2796
f 2546/4969/2564 2635/5144/2653 2737/5391/2756
f 2780/5483/2799 2800/5530/2819 2782/5534/2801
f 2802/5532/2821 2738/5392/2757 2812/5561/2831
f 2754/5535/2773 2778/5475/2797 2813/5562/2832
f 2691/5270/2709 2814/5563/2833 2781/5480/2800
f 2658/5206/2676 2749/5415/2768 2753/5420/2772
f 2434/4738/2449 2755/5423/2774 2737/5391/2756
f 2750/5564/2769 2815/5565/2834 2803/5566/2822
f 2803/5537/2822 2681/5254/2699 2748/5414/2767
f 2691/5270/2709 2788/5496/2807 2814/5563/2833
f 2750/5417/2769 2739/5394/2758 2816/5567/2835
f 2816/5567/2835 2739/5394/2758 2742/5430/2761
f 2817/5568/2836 2661/5210/2679 2818/5569/2837
f 2751/5418/2770 2661/5210/2679 2817/5568/2836
f 2395/5019/2410 2757/5427/2776 2576/5017/2594
f 2758/5570/2777 2788/5496/2807 2760/5545/2779
f 2786/5494/2805 2789/5497/2808 2743/5401/2762
f 2754/5421/2773 2818/5569/2837 2661/5210/2679
f 2693/5571/2711 2401/5572/2416 2597/5573/2615
f 2721/5574/2739 2695/5575/2713 2622/5576/2640
f 2819/5577/2838 2575/5502/2593 2790/5504/2809
f 2729/5360/2748 2820/5578/2839 2642/5361/2660
f 2581/5579/2599 2404/5018/2419 2576/5017/2594
f 2821/5580/2840 2579/5362/2597 2417/5364/2432
f 2822/5581/2841 2580/5404/2598 2669/5225/2687
f 2383/5287/2398 2381/5507/2396 2457/5582/2474
f 2732/5371/2751 2383/5370/2398 2457/5583/2474
f 2146/4715/2160 2606/5077/2624 2823/5584/2842
f 2824/5585/2843 2701/5294/2719 2768/5553/2787
f 2807/5552/2826 2647/5373/2665 2244/5300/2258
f 2244/5300/2258 2480/5586/2497 2825/5587/2844
f 2825/5587/2844 2480/5586/2497 2278/5301/2292
f 2421/5555/2436 2826/5588/2845 2809/5556/2828
f 2100/5169/2114 2538/5168/2556 2809/5556/2828
f 2827/5589/2846 2772/5590/2791 2443/5591/2460
f 2828/5592/2847 2771/5458/2790 2734/5520/2753
f 2631/5593/2649 2673/5462/2691 2796/5519/2815
f 2829/5594/2848 2799/5527/2818 2590/5050/2608
f 2811/5559/2830 2675/5522/2693 2798/5524/2817
f 2830/5595/2849 2652/5319/2670 2711/5321/2729
f 2737/5391/2756 2774/5469/2793 2546/4969/2564
f 2782/5481/2801 2812/5561/2831 2738/5392/2757
f 2813/5562/2832 2778/5475/2797 2831/5596/2850
f 2753/5597/2772 2749/5598/2768 2832/5599/2851
f 2747/5413/2766 2720/5340/2738 2833/5600/2852
f 2813/5562/2832 2834/5601/2853 2754/5535/2773
f 2359/4602/2373 2638/5150/2656 2006/3830/2020
f 2835/5602/2854 2746/5416/2765 2752/5419/2771
f 2803/5603/2822 2836/5604/2855 2681/5400/2699
f 2837/5605/2856 2814/5563/2833 2788/5496/2807
f 2816/5606/2835 2838/5607/2857 2815/5565/2834
f 2816/5606/2835 2815/5565/2834 2750/5564/2769
f 2836/5604/2855 2786/5494/2805 2681/5400/2699
f 2790/5504/2809 2839/5608/2858 2840/5609/2859
f 2758/5570/2777 2841/5610/2860 2788/5496/2807
f 2788/5496/2807 2805/5546/2824 2837/5605/2856
f 2752/5419/2771 2756/5424/2775 2835/5602/2854
f 2816/5611/2835 2742/5399/2761 2787/5495/2806
f 2736/5389/2755 2716/5333/2734 2696/5281/2714
f 2291/5103/2305 2197/5273/2211 2692/5272/2710
f 2841/5610/2860 2805/5546/2824 2788/5496/2807
f 2842/5612/2861 2843/5613/2862 2784/5492/2803
f 2786/5494/2805 2844/5614/2863 2789/5497/2808
f 2784/5492/2803 2843/5613/2862 2597/5490/2615
f 2845/5615/2864 2759/5429/2778 2785/5493/2804
f 2841/5610/2860 2663/5547/2681 2805/5546/2824
f 2839/5608/2858 2790/5504/2809 2762/5503/2781
f 2726/5351/2745 2789/5497/2808 2762/5616/2781
f 2693/5617/2711 2843/5618/2862 2805/5619/2824
f 2597/5490/2615 2843/5613/2862 2693/5620/2711
f 2846/5621/2865 2806/5548/2825 2847/5622/2866
f 2834/5623/2853 2818/5569/2837 2754/5421/2773
f 2575/5502/2593 2819/5577/2838 2574/5624/2592
f 2806/5625/2825 2846/5626/2865 2764/5441/2783
f 2806/5548/2825 2578/5023/2596 2848/5627/2867
f 2578/5023/2596 2624/5119/2642 2848/5627/2867
f 2457/5583/2474 2146/5628/2160 2823/5629/2842
f 2730/5443/2749 2849/5630/2868 2766/5447/2785
f 2606/5631/2624 2646/5291/2664 2823/5632/2842
f 2317/5513/2331 2850/5633/2869 2794/5511/2813
f 2646/5291/2664 2700/5290/2718 2850/5634/2870
f 2385/5453/2400 2851/5635/2871 2647/5454/2665
f 2824/5585/2843 2852/5636/2872 2701/5294/2719
f 2701/5294/2719 2852/5636/2872 2733/5374/2752
f 1996/5034/2010 2853/5637/2873 2046/5638/2060
f 2046/5638/2060 2854/5639/2874 1400/5640/1410
f 2421/5555/2436 2855/5641/2875 2826/5588/2845
f 2798/5524/2817 2544/5523/2562 2631/5593/2649
f 2734/5525/2753 2781/5480/2800 2856/5642/2876
f 2774/5469/2793 2857/5643/2877 2709/5317/2727
f 2590/5050/2608 2709/5317/2727 2829/5594/2848
f 2683/5476/2701 2685/5260/2703 2801/5531/2820
f 2779/5477/2798 2744/5533/2763 2800/5644/2819
f 2778/5475/2797 2751/5418/2770 2858/5645/2878
f 2777/5472/2796 2835/5646/2854 2801/5531/2820
f 2811/5647/2830 2835/5646/2854 2777/5472/2796
f 2749/5415/2768 2682/5255/2700 2832/5648/2851
f 2859/5649/2879 2813/5650/2832 2860/5651/2880
f 2859/5649/2879 2861/5652/2881 2813/5650/2832
f 2783/5487/2802 2746/5411/2765 2835/5653/2854
f 2815/5654/2834 2744/5655/2763 2803/5603/2822
f 2861/5656/2881 2847/5657/2866 2813/5658/2832
f 2814/5563/2833 2837/5605/2856 2862/5659/2882
f 2802/5532/2821 2785/5493/2804 2740/5396/2759
f 2847/5660/2866 2834/5661/2853 2813/5662/2832
f 2660/5425/2678 2863/5663/2883 2720/5340/2738
f 2720/5340/2738 2863/5663/2883 2864/5664/2884
f 2865/5665/2885 2838/5666/2857 2816/5611/2835
f 2838/5607/2857 2840/5609/2859 2815/5565/2834
f 2815/5565/2834 2840/5609/2859 2866/5667/2886
f 2840/5609/2859 2839/5608/2858 2866/5667/2886
f 2790/5504/2809 2840/5609/2859 2838/5607/2857
f 2837/5605/2856 2805/5546/2824 2862/5659/2882
f 2816/5611/2835 2787/5495/2806 2865/5665/2885
f 2838/5607/2857 2867/5668/2887 2790/5504/2809
f 2862/5659/2882 2805/5546/2824 2842/5669/2861
f 2842/5612/2861 2805/5670/2824 2843/5613/2862
f 2790/5504/2809 2867/5668/2887 2819/5577/2838
f 2847/5622/2866 2624/5119/2642 2834/5671/2853
f 2834/5672/2853 2697/5282/2715 2818/5673/2837
f 2834/5672/2853 2624/5505/2642 2697/5282/2715
f 2697/5282/2715 2698/5285/2716 2818/5673/2837
f 2806/5548/2825 2848/5627/2867 2847/5622/2866
f 2847/5622/2866 2848/5627/2867 2624/5119/2642
f 2579/5440/2597 2868/5674/2888 2763/5439/2782
f 2581/5675/2599 2576/5676/2594 2869/5677/2889
f 2870/5678/2890 2644/5679/2662 1735/5680/1746
f 2403/4676/2418 2556/4986/2574 2503/4882/2520
f 2556/4986/2574 2871/5681/2891 2643/5159/2661
f 2096/5682/2110 2420/5683/2435 2670/5684/2688
f 2766/5447/2785 2767/5448/2786 2603/5444/2621
f 2767/5685/2786 2793/5510/2812 2582/5450/2600
f 2646/5291/2664 2850/5634/2870 2823/5632/2842
f 2278/5301/2292 2627/5303/2645 2872/5686/2892
f 2260/5687/2274 2855/5641/2875 2147/5688/2161
f 2147/5688/2161 2855/5641/2875 2421/5555/2436
f 2628/5126/2646 2769/5517/2788 2873/5689/2893
f 2631/5593/2649 2796/5519/2815 2798/5524/2817
f 2707/5312/2725 2747/5413/2766 2833/5600/2852
f 2829/5594/2848 2709/5317/2727 2874/5690/2894
f 2781/5480/2800 2875/5691/2895 2856/5642/2876
f 2781/5480/2800 2814/5563/2833 2875/5691/2895
f 2524/4927/2542 2876/5692/2896 2745/5409/2764
f 2877/5693/2897 2835/5653/2854 2811/5694/2830
f 2620/5695/2638 2775/5696/2794 2758/5697/2777
f 2775/5696/2794 2878/5698/2898 2758/5697/2777
f 2811/5694/2830 2783/5487/2802 2877/5693/2897
f 2879/5699/2899 2783/5487/2802 2811/5694/2830
f 2861/5656/2881 2859/5700/2879 2880/5701/2900
f 2858/5645/2878 2831/5596/2850 2778/5475/2797
f 2835/5646/2854 2881/5702/2901 2801/5531/2820
f 2877/5693/2897 2783/5487/2802 2835/5653/2854
f 2800/5703/2819 2815/5704/2834 2866/5705/2886
f 2815/5704/2834 2800/5703/2819 2744/5706/2763
f 2783/5488/2802 2879/5707/2899 2660/5425/2678
f 2720/5340/2738 2864/5664/2884 2833/5600/2852
f 2803/5603/2822 2744/5655/2763 2836/5604/2855
f 2842/5612/2861 2784/5492/2803 2862/5708/2882
f 2660/5425/2678 2879/5707/2899 2863/5663/2883
f 2802/5532/2821 2845/5615/2864 2785/5493/2804
f 2865/5665/2885 2882/5709/2902 2838/5666/2857
f 2755/5423/2774 2883/5710/2903 2737/5391/2756
f 2838/5666/2857 2882/5709/2902 2867/5711/2887
f 2865/5665/2885 2884/5712/2904 2882/5709/2902
f 2787/5495/2806 2884/5712/2904 2865/5665/2885
f 2844/5614/2863 2885/5713/2905 2789/5497/2808
f 2759/5429/2778 2845/5615/2864 2884/5712/2904
f 2787/5495/2806 2759/5429/2778 2884/5712/2904
f 2756/5424/2775 2763/5439/2782 2886/5714/2906
f 2295/5284/2309 2887/5715/2907 2698/5285/2716
f 2669/5225/2687 2888/5716/2908 2822/5581/2841
f 2556/4986/2574 2403/4676/2418 2871/5681/2891
f 2605/5717/2623 2889/5718/2909 2317/5513/2331
f 2824/5585/2843 2768/5553/2787 2852/5636/2872
f 2534/5719/2552 2609/5720/2627 2890/5721/2910
f 2825/5587/2844 2278/5301/2292 2872/5686/2892
f 2584/5037/2602 2021/5036/2035 2541/5722/2559
f 2827/5589/2846 2443/5591/2460 2771/5723/2790
f 2707/5724/2725 2704/5468/2722 2674/5467/2692
f 2891/5725/2911 2775/5470/2794 2810/5558/2829
f 2734/5520/2753 2856/5726/2876 2828/5592/2847
f 2892/5727/2912 2708/5315/2726 2776/5471/2795
f 2857/5643/2877 2774/5469/2793 2737/5391/2756
f 2797/5521/2816 2832/5648/2851 2682/5255/2700
f 2876/5692/2896 2524/4927/2542 2652/5407/2670
f 2893/5728/2913 2801/5729/2820 2894/5730/2914
f 2880/5731/2900 2859/5649/2879 2860/5651/2880
f 2895/5732/2915 2758/5697/2777 2878/5698/2898
f 2881/5702/2901 2894/5733/2914 2801/5531/2820
f 2812/5561/2831 2782/5481/2801 2800/5734/2819
f 2800/5734/2819 2866/5735/2886 2812/5561/2831
f 2744/5655/2763 2896/5736/2916 2836/5604/2855
f 2897/5737/2917 2862/5708/2882 2784/5492/2803
f 2804/5540/2823 2469/5539/2486 2616/5738/2634
f 2896/5736/2916 2786/5494/2805 2836/5604/2855
f 2898/5739/2918 2638/5150/2656 2359/4602/2373
f 2899/5740/2919 2898/5739/2918 2359/4602/2373
f 2899/5740/2919 2359/4602/2373 2637/5149/2655
f 2900/5741/2920 2784/5492/2803 2753/5491/2772
f 2901/5742/2921 2863/5663/2883 2879/5707/2899
f 2902/5743/2922 2847/5657/2866 2861/5656/2881
f 2866/5667/2886 2839/5608/2858 2903/5744/2923
f 2896/5736/2916 2844/5614/2863 2786/5494/2805
f 2736/5389/2755 2696/5281/2714 2904/5745/2924
f 2663/5214/2681 2841/5746/2860 2758/5747/2777
f 2882/5709/2902 2884/5712/2904 2905/5748/2925
f 2867/5711/2887 2882/5709/2902 2905/5748/2925
f 2839/5608/2858 2762/5503/2781 2903/5744/2923
f 2885/5713/2905 2762/5616/2781 2789/5497/2808
f 2817/5749/2836 2818/5673/2837 2698/5285/2716
f 2868/5750/2888 2579/5362/2597 2821/5580/2840
f 2668/5751/2686 2504/5752/2521 2906/5753/2926
f 2871/5681/2891 2598/5160/2616 2643/5159/2661
f 2822/5581/2841 2731/5369/2750 2580/5404/2598
f 2907/5754/2927 2457/5583/2474 2823/5629/2842
f 2889/5718/2909 2850/5633/2869 2317/5513/2331
f 2793/5510/2812 2908/5755/2928 2768/5451/2787
f 2890/5756/2910 2609/5516/2627 2909/5757/2929
f 2583/5033/2601 2910/5758/2930 1996/5034/2010
f 2354/4595/2368 2911/5759/2931 2364/4615/2379
f 2458/4791/2475 2912/5760/2932 2558/5406/2576
f 2773/5461/2792 2703/5761/2721 2913/5762/2933
f 2913/5762/2933 2796/5519/2815 2773/5461/2792
f 2771/5723/2790 2828/5763/2847 2914/5764/2934
f 2709/5317/2727 2915/5765/2935 2874/5690/2894
f 2830/5595/2849 2711/5321/2729 2799/5528/2818
f 2892/5727/2912 2776/5471/2795 2745/5409/2764
f 2893/5728/2913 2916/5766/2936 2811/5767/2830
f 2683/5476/2701 2801/5531/2820 2893/5768/2913
f 2916/5769/2936 2879/5770/2899 2811/5771/2830
f 2879/5770/2899 2917/5772/2937 2901/5773/2921
f 2902/5743/2922 2861/5656/2881 2880/5701/2900
f 2881/5774/2901 2917/5775/2937 2894/5730/2914
f 2917/5772/2937 2918/5776/2938 2919/5777/2939
f 2881/5778/2901 2918/5779/2938 2917/5780/2937
f 2802/5532/2821 2812/5561/2831 2845/5615/2864
f 2619/5102/2637 2920/5781/2940 2497/4869/2514
f 2881/5778/2901 2835/5782/2854 2918/5779/2938
f 2885/5713/2905 2844/5614/2863 2896/5736/2916
f 2804/5783/2823 2921/5784/2941 2528/5785/2546
f 2863/5663/2883 2922/5786/2942 2864/5664/2884
f 2291/5103/2305 2692/5272/2710 2923/5787/2943
f 2528/5785/2546 2921/5784/2941 2721/5788/2739
f 2903/5789/2923 2762/5790/2781 2885/5791/2905
f 2921/5784/2941 2695/5792/2713 2721/5788/2739
f 2345/5426/2359 2598/5793/2616 2757/5427/2776
f 2756/5424/2775 2886/5714/2906 2835/5602/2854
f 2867/5711/2887 2574/5794/2592 2819/5795/2838
f 2696/5281/2714 2764/5441/2783 2846/5626/2865
f 2763/5439/2782 2868/5674/2888 2886/5714/2906
f 2314/4678/2328 2924/5796/2944 2403/4676/2418
f 2669/5225/2687 2925/5797/2945 2888/5716/2908
f 2926/5798/2946 2732/5371/2751 2457/5583/2474
f 2700/5799/2718 2535/5514/2553 2927/5800/2947
f 2535/5514/2553 2795/5515/2814 2927/5800/2947
f 2385/5453/2400 2928/5801/2948 2851/5635/2871
f 2852/5636/2872 2768/5553/2787 2733/5374/2752
f 2733/5374/2752 2872/5802/2892 2627/5376/2645
f 2913/5762/2933 2929/5803/2949 2796/5519/2815
f 2796/5519/2815 2929/5803/2949 2798/5524/2817
f 2709/5317/2727 2857/5643/2877 2915/5765/2935
f 2811/5559/2830 2930/5804/2950 2893/5805/2913
f 2830/5595/2849 2799/5528/2818 2892/5806/2912
f 2930/5804/2950 2931/5807/2951 2893/5805/2913
f 2892/5727/2912 2745/5409/2764 2876/5692/2896
f 2893/5768/2913 2931/5808/2951 2683/5476/2701
f 2893/5728/2913 2894/5730/2914 2932/5809/2952
f 2916/5766/2936 2893/5728/2913 2932/5809/2952
f 2894/5730/2914 2917/5775/2937 2932/5809/2952
f 2833/5810/2852 2933/5811/2953 2934/5812/2954
f 2814/5813/2833 2935/5814/2955 2875/5815/2895
f 2814/5813/2833 2862/5816/2882 2935/5814/2955
f 2833/5600/2852 2864/5664/2884 2933/5817/2953
f 2736/5389/2755 2896/5818/2916 2744/5474/2763
f 2917/5772/2937 2919/5777/2939 2901/5773/2921
f 2864/5664/2884 2936/5819/2956 2933/5817/2953
f 2619/5102/2637 2291/5103/2305 2920/5781/2940
f 2845/5615/2864 2812/5561/2831 2884/5712/2904
f 2901/5742/2921 2922/5786/2942 2863/5663/2883
f 2758/5747/2777 2937/5820/2957 2663/5214/2681
f 2291/5103/2305 2923/5787/2943 2938/5821/2958
f 2922/5786/2942 2939/5822/2959 2864/5664/2884
f 2757/5427/2776 2940/5823/2960 2576/5017/2594
f 2751/5418/2770 2817/5568/2836 2941/5824/2961
f 2692/5272/2710 2727/5352/2746 2923/5787/2943
f 2663/5214/2681 2937/5820/2957 2727/5352/2746
f 2668/5751/2686 2942/5825/2962 1836/5826/1848
f 2867/5711/2887 2905/5748/2925 2574/5794/2592
f 2576/5676/2594 2940/5827/2960 2869/5677/2889
f 2820/5828/2839 2925/5797/2945 2669/5225/2687
f 2642/5224/2660 2820/5828/2839 2669/5225/2687
f 2598/5793/2616 2871/5829/2891 2943/5830/2963
f 2699/5289/2717 2944/5831/2964 2383/5287/2398
f 2383/5287/2398 2944/5831/2964 2381/5507/2396
f 2581/5832/2599 2420/5833/2435 2296/5834/2310
f 2419/5288/2434 2945/5835/2965 2699/5289/2717
f 2419/5288/2434 2946/5836/2966 2945/5835/2965
f 2457/5583/2474 2907/5754/2927 2926/5798/2946
f 2792/5837/2811 2947/5838/2967 2730/5443/2749
f 2730/5443/2749 2947/5838/2967 2849/5630/2868
f 2260/5687/2274 2948/5839/2968 2855/5641/2875
f 2584/5237/2602 2911/5840/2931 2354/5238/2368
f 2458/4791/2475 2364/4615/2379 2912/5760/2932
f 2828/5841/2847 2856/5842/2876 2949/5843/2969
f 2811/5559/2830 2950/5844/2970 2930/5804/2950
f 2798/5524/2817 2950/5844/2970 2811/5559/2830
f 2829/5594/2848 2951/5845/2971 2799/5527/2818
f 2652/5319/2670 2830/5595/2849 2876/5846/2896
f 2833/5810/2852 2934/5812/2954 2952/5847/2972
f 2895/5848/2915 2878/5849/2898 2953/5850/2973
f 2857/5643/2877 2737/5391/2756 2954/5851/2974
f 2932/5809/2952 2955/5852/2975 2916/5766/2936
f 2916/5769/2936 2955/5853/2975 2879/5770/2899
f 2832/5854/2851 2956/5855/2976 2753/5856/2772
f 2758/5857/2777 2895/5858/2915 2957/5859/2977
f 2831/5596/2850 2958/5860/2978 2813/5562/2832
f 2883/5861/2903 2954/5862/2974 2737/5863/2756
f 2736/5389/2755 2959/5864/2979 2896/5818/2916
f 2858/5645/2878 2941/5824/2961 2831/5596/2850
f 2858/5645/2878 2751/5418/2770 2941/5824/2961
f 2736/5389/2755 2904/5745/2924 2959/5864/2979
f 2896/5736/2916 2960/5865/2980 2885/5713/2905
f 2901/5742/2921 2961/5866/2981 2922/5786/2942
f 2884/5712/2904 2962/5867/2982 2905/5748/2925
f 2727/5352/2746 2937/5820/2957 2923/5787/2943
f 2440/4754/2456 2438/5402/2454 2963/5868/2983
f 2314/5869/2328 2574/5870/2592 2924/5871/2944
f 2817/5749/2836 2698/5285/2716 2964/5872/2984
f 2668/5751/2686 2906/5753/2926 2942/5825/2962
f 2925/5797/2945 2965/5873/2985 2888/5716/2908
f 2888/5716/2908 2731/5369/2750 2822/5581/2841
f 2731/5874/2750 2966/5875/2986 2792/5876/2811
f 2767/5685/2786 2967/5877/2987 2793/5510/2812
f 2850/5634/2870 2700/5290/2718 2927/5878/2947
f 2703/5879/2721 2968/5880/2988 2913/5881/2933
f 2650/5178/2668 2969/5882/2989 2810/5557/2829
f 2775/5696/2794 2891/5883/2911 2970/5884/2990
f 2797/5885/2816 2708/5886/2726 2971/5887/2991
f 2829/5594/2848 2874/5690/2894 2951/5845/2971
f 2915/5888/2935 2972/5889/2992 2874/5890/2894
f 2775/5696/2794 2970/5884/2990 2878/5698/2898
f 2856/5842/2876 2875/5815/2895 2935/5814/2955
f 2856/5842/2876 2935/5814/2955 2949/5843/2969
f 2857/5643/2877 2954/5851/2974 2915/5765/2935
f 2932/5809/2952 2973/5891/2993 2955/5852/2975
f 2879/5770/2899 2955/5853/2975 2974/5892/2994
f 2932/5809/2952 2917/5775/2937 2973/5891/2993
f 2879/5770/2899 2974/5892/2994 2917/5772/2937
f 2897/5893/2917 2975/5894/2995 2862/5816/2882
f 2784/5492/2803 2976/5895/2996 2897/5737/2917
f 2831/5596/2850 2941/5824/2961 2958/5860/2978
f 2758/5857/2777 2957/5859/2977 2937/5896/2957
f 2920/5781/2940 2977/5897/2997 2497/4869/2514
f 2923/5787/2943 2937/5820/2957 2938/5821/2958
f 2919/5777/2939 2961/5898/2981 2901/5773/2921
f 2864/5664/2884 2978/5899/2998 2936/5819/2956
f 2497/4869/2514 2977/5897/2997 2438/4870/2454
f 2939/5822/2959 2978/5899/2998 2864/5664/2884
f 2941/5824/2961 2817/5568/2836 2964/5900/2984
f 2905/5748/2925 2962/5867/2982 2574/5794/2592
f 2979/5901/2999 2846/5902/2865 2847/5657/2866
f 2598/5793/2616 2943/5830/2963 2757/5427/2776
f 2888/5903/2908 2966/5875/2986 2731/5874/2750
f 2888/5716/2908 2965/5873/2985 2966/5904/2986
f 2965/5873/2985 2792/5905/2811 2966/5904/2986
f 2869/5677/2889 2420/5906/2435 2581/5675/2599
f 2504/5752/2521 2791/5907/2810 2980/5908/3000
f 2792/5909/2811 2981/5910/3001 2947/5911/2967
f 2982/5912/3002 2983/5913/3003 2670/5914/2688
f 2766/5915/2785 2849/5916/2868 2984/5917/3004
f 2765/5918/2784 2534/5719/2552 2985/5919/3005
f 2908/5920/2928 2986/5921/3006 2768/5553/2787
f 2807/5552/2826 2987/5922/3007 2795/5515/2814
f 1996/5034/2010 2910/5758/2930 2853/5637/2873
f 2260/5687/2274 2988/5923/3008 2948/5839/2968
f 2855/5641/2875 2989/5924/3009 2826/5588/2845
f 2826/5588/2845 2989/5924/3009 2990/5925/3010
f 2703/5879/2721 2704/5926/2722 2968/5880/2988
f 2650/5178/2668 2772/5459/2791 2969/5882/2989
f 2771/5723/2790 2991/5927/3011 2827/5589/2846
f 2969/5928/2989 2891/5929/2911 2810/5930/2829
f 2929/5803/2949 2950/5844/2970 2798/5524/2817
f 2797/5885/2816 2971/5887/2991 2832/5931/2851
f 2799/5528/2818 2951/5932/2971 2892/5806/2912
f 2683/5256/2701 2992/5933/3012 2616/5323/2634
f 2917/5775/2937 2993/5934/3013 2973/5891/2993
f 2917/5772/2937 2974/5892/2994 2993/5935/3013
f 2862/5816/2882 2975/5894/2995 2935/5814/2955
f 2440/4754/2456 2994/5936/3014 2637/5149/2655
f 2938/5937/2958 2937/5896/2957 2995/5938/3015
f 2996/5939/3016 2936/5940/2956 2940/5941/2960
f 2902/5743/2922 2979/5901/2999 2847/5657/2866
f 2884/5712/2904 2997/5942/3017 2962/5867/2982
f 2977/5897/2997 2963/5943/2983 2438/4870/2454
f 2403/5944/2418 2924/5945/2944 2998/5946/3018
f 2999/5947/3019 2982/5948/3002 3000/5949/3020
f 2925/5950/2945 2981/5910/3001 2965/5951/2985
f 2965/5951/2985 2981/5910/3001 2792/5909/2811
f 2381/5507/2396 2944/5831/2964 3001/5952/3021
f 2699/5289/2717 2945/5835/2965 3002/5953/3022
f 2732/5371/2751 2926/5798/2946 3003/5954/3023
f 2732/5371/2751 3003/5954/3023 2605/5372/2623
f 2417/5229/2432 2316/5231/2330 3004/5955/3024
f 2605/5717/2623 3005/5956/3025 2889/5718/2909
f 2605/5957/2623 3003/5958/3023 3005/5959/3025
f 2823/5629/2842 3006/5960/3026 2907/5754/2927
f 2766/5915/2785 2984/5917/3004 3007/5961/3027
f 2849/5916/2868 2947/5962/2967 3008/5963/3028
f 2967/5877/2987 2908/5755/2928 2793/5510/2812
f 2851/5635/2871 2808/5964/2827 2647/5454/2665
f 2807/5552/2826 2244/5300/2258 2987/5922/3007
f 2244/5300/2258 2825/5587/2844 3009/5965/3029
f 2855/5641/2875 2948/5839/2968 2989/5924/3009
f 2770/5457/2789 3010/5966/3030 2769/5456/2788
f 2770/5457/2789 3011/5967/3031 3010/5966/3030
f 2770/5457/2789 3012/5968/3032 3011/5967/3031
f 1903/4380/1915 3013/5969/3033 2770/5457/2789
f 2827/5589/2846 2991/5927/3011 2772/5590/2791
f 2704/5468/2722 2707/5724/2725 3014/5970/3034
f 2950/5844/2970 3015/5971/3035 2930/5804/2950
f 2833/5810/2852 2952/5847/2972 2707/5972/2725
f 2830/5973/2849 2892/5974/2912 2876/5975/2896
f 2934/5812/2954 3016/5976/3036 2952/5847/2972
f 2832/5854/2851 3017/5977/3037 2956/5855/2976
f 2897/5893/2917 3018/5978/3038 2975/5894/2995
f 2933/5811/2953 2936/5979/2956 2934/5812/2954
f 2936/5979/2956 3019/5980/3039 2934/5812/2954
f 2957/5859/2977 2995/5938/3015 2937/5896/2957
f 2884/5712/2904 2812/5561/2831 2997/5942/3017
f 2885/5791/2905 3020/5981/3040 2903/5789/2923
f 2885/5713/2905 2960/5865/2980 3020/5982/3040
f 2940/5983/2960 2757/5984/2776 2996/5985/3016
f 2941/5824/2961 2964/5900/2984 2958/5860/2978
f 2922/5786/2942 2961/5866/2981 2939/5822/2959
f 2939/5822/2959 2961/5866/2981 2978/5899/2998
f 2936/5940/2956 3021/5986/3041 2940/5941/2960
f 2835/5782/2854 2886/5987/2906 2918/5779/2938
f 3022/5988/3042 2999/5947/3019 3000/5949/3020
f 2820/5989/2839 2981/5910/3001 2925/5950/2945
f 3023/5990/3043 2869/5677/2889 2940/5827/2960
f 3002/5953/3022 2945/5835/2965 3024/5991/3044
f 2982/5912/3002 2999/5992/3019 2983/5913/3003
f 2907/5754/2927 3025/5993/3045 2926/5798/2946
f 2945/5835/2965 2946/5836/2966 3024/5991/3044
f 2316/5994/2330 3026/5995/3046 3004/5996/3024
f 2670/5997/2688 2420/5998/2435 3027/5999/3047
f 2967/6000/2987 2767/6001/2786 3028/6002/3048
f 3006/5960/3026 2823/5629/2842 3029/6003/3049
f 2823/5629/2842 2850/6004/2870 3029/6003/3049
f 2967/6005/2987 3030/6006/3050 2908/6007/2928
f 2849/5916/2868 3031/6008/3051 2984/5917/3004
f 2849/5916/2868 3008/5963/3028 3031/6008/3051
f 2534/5719/2552 2890/5721/2910 2985/5919/3005
f 2990/5925/3010 3032/6009/3052 2826/5588/2845
f 2826/5588/2845 3032/6009/3052 2809/5556/2828
f 2913/5881/2933 3033/6010/3053 2929/6011/2949
f 2828/5763/2847 2949/6012/2969 2914/5764/2934
f 2950/6013/2970 3034/6014/3054 3015/6015/3035
f 2708/5315/2726 2892/5727/2912 2971/6016/2991
f 2950/6013/2970 3035/6017/3055 3034/6014/3054
f 2892/5806/2912 2951/5932/2971 3036/6018/3056
f 2955/5853/2975 3037/6019/3057 2974/5892/2994
f 2954/5862/2974 3038/6020/3058 2915/5888/2935
f 3016/5976/3036 2934/5812/2954 3039/6021/3059
f 2953/5850/2973 2957/6022/2977 2895/5848/2915
f 3020/5981/3040 2866/6023/2886 2903/5789/2923
f 2954/5862/2974 2883/5861/2903 3038/6020/3058
f 2920/5781/2940 2291/5103/2305 2938/5821/2958
f 2295/4703/2309 2898/5739/2918 3040/6024/3060
f 3041/6025/3061 2695/5792/2713 2921/5784/2941
f 2936/5940/2956 2978/6026/2998 3021/5986/3041
f 2958/6027/2978 2964/6028/2984 3042/6029/3062
f 2696/5281/2714 2846/5626/2865 2979/6030/2999
f 3000/5949/3020 2978/6026/2998 2961/6031/2981
f 3000/5949/3020 2982/5948/3002 2978/6026/2998
f 2982/5948/3002 3043/6032/3063 3044/6033/3064
f 2791/5508/2810 2381/5507/2396 3001/5952/3021
f 2227/6034/2241 2765/5918/2784 3045/6035/3065
f 3046/6036/3066 2947/5962/2967 3047/6037/3067
f 3048/6038/3068 2316/5994/2330 2670/5914/2688
f 3007/6039/3027 2767/6040/2786 2766/6041/2785
f 3046/6036/3066 3008/5963/3028 2947/5962/2967
f 3049/6042/3069 2768/5553/2787 2986/5921/3006
f 3050/6043/3070 2795/5515/2814 2987/5922/3007
f 2536/4951/2554 2628/5126/2646 3051/6044/3071
f 3052/6045/3072 2648/5175/2666 2100/5174/2114
f 3053/6046/3073 3035/6017/3055 2950/6013/2970
f 3053/6047/3073 3054/6048/3074 3035/6049/3055
f 3055/6050/3075 2931/5807/2951 2930/5804/2950
f 3055/6050/3075 3056/6051/3076 2931/5807/2951
f 3035/6017/3055 3054/6052/3074 3034/6014/3054
f 2972/5889/2992 2915/5888/2935 3038/6020/3058
f 3056/6053/3076 2683/5476/2701 2931/5808/2951
f 2955/5853/2975 3057/6054/3077 3037/6019/3057
f 3037/6019/3057 3057/6054/3077 2974/5892/2994
f 2955/5852/2975 2973/5891/2993 3057/6055/3077
f 3058/6056/3078 2860/5651/2880 2813/5650/2832
f 2973/5891/2993 2993/5934/3013 3057/6055/3077
f 2974/5892/2994 3057/6054/3077 2993/5935/3013
f 2897/5737/2917 2976/5895/2996 3018/6057/3038
f 2784/5492/2803 3059/6058/3079 2976/5895/2996
f 2784/5492/2803 2900/5741/2920 3059/6058/3079
f 2936/5979/2956 2996/6059/3016 3019/5980/3039
f 2975/6060/2995 2995/5938/3015 2957/5859/2977
f 2962/5867/2982 2997/5942/3017 3060/6061/3080
f 1836/6062/1848 2942/6063/2962 3061/6064/3081
f 2695/5792/2713 2820/5989/2839 2729/6065/2748
f 3060/6061/3080 2574/5794/2592 2962/5867/2982
f 2961/6066/2981 3022/6067/3042 3000/6068/3020
f 3062/6069/3082 2870/6070/2890 1735/6071/1746
f 3021/5986/3041 3023/6072/3043 2940/5941/2960
f 3063/6073/3083 2981/5910/3001 2820/5989/2839
f 2821/6074/2840 2417/6075/2432 2868/6076/2888
f 2978/6026/2998 2982/5948/3002 3044/6033/3064
f 3044/6033/3064 3043/6032/3063 3064/6077/3084
f 3002/5953/3022 2944/5831/2964 2699/5289/2717
f 2981/5910/3001 3047/6078/3067 2947/5911/2967
f 2982/5912/3002 2670/5914/2688 3043/6079/3063
f 2767/6001/2786 3007/5961/3027 3028/6002/3048
f 3065/6080/3085 2986/6081/3006 2908/6007/2928
f 3049/6042/3069 2733/5374/2752 2768/5553/2787
f 3032/6082/3052 3066/6083/3086 2809/6084/2828
f 2770/5457/2789 3013/5969/3033 3012/5968/3032
f 2261/4410/2275 3013/5969/3033 1903/4380/1915
f 2584/5037/2602 2541/5722/2559 3067/6085/3087
f 2672/6086/2690 3068/6087/3088 2423/4767/2438
f 3033/6010/3053 2950/6088/2970 2929/6011/2949
f 2930/5804/2950 3015/5971/3035 3055/6050/3075
f 3034/6014/3054 3054/6052/3074 3015/6015/3035
f 2972/5889/2992 3069/6089/3089 2874/5890/2894
f 2971/6090/2991 3017/6091/3037 2832/6092/2851
f 2970/6093/2990 2953/6094/2973 2878/6095/2898
f 3016/5976/3036 3039/6021/3059 3070/6096/3090
f 2616/6097/2634 3071/6098/3091 2804/6099/2823
f 2992/6100/3012 3071/6098/3091 2616/6097/2634
f 3071/6098/3091 3072/6101/3092 2804/6099/2823
f 2638/5150/2656 2898/5739/2918 2295/4703/2309
f 2695/5792/2713 3041/6025/3061 2820/5989/2839
f 2918/6102/2938 2961/6103/2981 2919/6104/2939
f 2574/6105/2592 3073/6106/3093 2924/6107/2944
f 2924/6107/2944 3073/6106/3093 3074/6108/3094
f 2574/5794/2592 3060/6061/3080 3073/6109/3093
f 2978/6026/2998 3044/6033/3064 3021/5986/3041
f 3021/5986/3041 3044/6033/3064 3023/6072/3043
f 2868/6076/2888 2417/6075/2432 3075/6110/3095
f 3001/5952/3021 2944/5831/2964 2791/5508/2810
f 3043/6032/3063 2670/5997/2688 3064/6077/3084
f 2420/5998/2435 3076/6111/3096 3027/5999/3047
f 3047/6037/3067 3077/6112/3097 3046/6036/3066
f 2316/5994/2330 3048/6038/3068 3026/5995/3046
f 3078/6113/3098 3008/5963/3028 3046/6036/3066
f 3065/6114/3085 3049/6042/3069 2986/5921/3006
f 2609/5516/2627 2536/4951/2554 2909/5757/2929
f 2872/5686/2892 3079/6115/3099 2825/5587/2844
f 2872/5802/2892 2733/5374/2752 3079/6116/3099
f 2046/5638/2060 2853/5637/2873 2854/5639/2874
f 2988/5923/3008 3080/6117/3100 2948/5839/2968
f 2948/5839/2968 3080/6117/3100 2989/5924/3009
f 2809/6084/2828 3066/6083/3086 3081/6118/3101
f 2809/6119/2828 3052/6045/3072 2100/5174/2114
f 3014/5970/3034 2968/6120/2988 2704/5468/2722
f 2707/5972/2725 2952/5847/2972 3014/6121/3034
f 2950/6088/2970 3033/6010/3053 3053/6122/3073
f 2949/6012/2969 2935/6123/2955 3082/6124/3102
f 2892/6125/2912 3036/6126/3056 2971/6090/2991
f 2970/6093/2990 3083/6127/3103 2953/6094/2973
f 3083/6127/3103 2975/6128/2995 2953/6094/2973
f 2953/5850/2973 2975/6129/2995 2957/6022/2977
f 3070/6130/3090 3084/6131/3104 3085/6132/3105
f 3070/6130/3090 3039/6133/3059 3084/6131/3104
f 2812/6134/2831 2866/6023/2886 3086/6135/3106
f 3087/6136/3107 3084/6131/3104 3039/6133/3059
f 3039/6021/3059 3019/5980/3039 3087/6137/3107
f 2934/5812/2954 3019/5980/3039 3039/6021/3059
f 2215/4300/2229 1835/4299/1847 2662/5212/2680
f 2757/5984/2776 3088/6138/3108 2996/5985/3016
f 2883/5861/2903 2755/6139/2774 3089/6140/3109
f 2959/5864/2979 2904/5745/2924 3090/6141/3110
f 2975/6060/2995 3091/6142/3111 2995/5938/3015
f 2904/5745/2924 2696/5281/2714 3090/6141/3110
f 1738/5055/1749 3092/6143/3112 2593/5056/2611
f 2698/5285/2716 2887/5715/2907 2964/5872/2984
f 2886/6144/2906 3075/6145/3095 2918/6102/2938
f 2918/6102/2938 3075/6145/3095 2961/6103/2981
f 2868/6076/2888 3075/6110/3095 2886/6146/2906
f 2943/5830/2963 3093/6147/3113 2757/5427/2776
f 2943/5830/2963 2871/5829/2891 3093/6147/3113
f 3022/6148/3042 3094/6149/3114 2999/6150/3019
f 3075/6110/3095 2417/6075/2432 3004/6151/3024
f 2980/5908/3000 2906/5753/2926 2504/5752/2521
f 2869/6152/2889 3023/6072/3043 2420/5998/2435
f 3048/6038/3068 2670/5914/2688 2983/5913/3003
f 3007/5961/3027 3095/6153/3115 3028/6002/3048
f 3078/6113/3098 2984/5917/3004 3008/5963/3028
f 3008/5963/3028 2984/5917/3004 3031/6008/3051
f 2795/5515/2814 3050/6043/3070 2927/5800/2947
f 2927/6154/2947 3050/6155/3070 3096/6156/3116
f 2244/5300/2258 3009/5965/3029 2987/5922/3007
f 2260/6157/2274 1400/5640/1410 2988/6158/3008
f 3080/6159/3100 2990/6160/3010 2989/6161/3009
f 2506/5380/2524 3097/6162/3117 2422/5378/2437
f 2912/5760/2932 3098/6163/3118 2558/5406/2576
f 2968/5880/2988 3033/6010/3053 2913/5881/2933
f 2991/5927/3011 2771/5723/2790 2914/5764/2934
f 2914/5764/2934 2949/6012/2969 3082/6124/3102
f 3099/6164/3119 3054/6048/3074 3053/6047/3073
f 3015/6165/3035 3054/6166/3074 3099/6167/3119
f 3100/6168/3120 2874/5890/2894 3069/6089/3089
f 2951/6169/2971 2874/5890/2894 3100/6168/3120
f 3069/6089/3089 2972/5889/2992 3038/6020/3058
f 3101/6170/3121 3102/6171/3122 3103/6172/3123
f 3104/6173/3124 2960/6174/2980 2896/6175/2916
f 3088/6138/3108 3019/6176/3039 2996/5985/3016
f 2920/5781/2940 2963/5943/2983 2977/5897/2997
f 3105/6177/3125 3088/6138/3108 2757/5984/2776
f 3061/6064/3081 2942/6063/2962 3106/6178/3126
f 2961/6103/2981 3075/6145/3095 3022/6179/3042
f 3075/6110/3095 3004/6151/3024 3022/6180/3042
f 3004/6181/3024 3094/6149/3114 3022/6148/3042
f 2999/5992/3019 3094/6182/3114 2983/5913/3003
f 3107/6183/3127 3094/6182/3114 3004/5996/3024
f 2870/6184/2890 3108/6185/3128 2644/6186/2662
f 3109/6187/3129 2944/5831/2964 3002/5953/3022
f 3108/6188/3128 2419/6189/2434 2644/6190/2662
f 3025/6191/3045 3003/5958/3023 2926/6192/2946
f 3064/6077/3084 2670/5997/2688 3027/5999/3047
f 3110/6193/3130 3024/5991/3044 2946/5836/2966
f 3107/6183/3127 3048/6038/3068 2983/5913/3003
f 3025/5993/3045 2907/5754/2927 3006/5960/3026
f 3111/6194/3131 3095/6153/3115 3007/5961/3027
f 3112/6195/3132 2908/6007/2928 3030/6006/3050
f 3113/6196/3133 3049/6197/3069 3114/6198/3134
f 3115/6199/3135 3050/6043/3070 2987/5922/3007
f 3116/6200/3136 3080/6117/3100 2988/5923/3008
f 3117/6201/3137 2628/5126/2646 3118/6202/3138
f 2558/6203/2576 3119/6204/3139 3120/6205/3140
f 2772/5590/2791 2991/5927/3011 2969/6206/2989
f 3055/6207/3075 3015/6165/3035 3121/6208/3141
f 3015/6165/3035 3099/6167/3119 3101/6209/3121
f 3053/6047/3073 3122/6210/3142 3099/6164/3119
f 3101/6209/3121 3099/6167/3119 3123/6211/3143
f 3123/6212/3143 3102/6171/3122 3101/6170/3121
f 3082/6124/3102 2935/6123/2955 3124/6213/3144
f 3016/6214/3036 3085/6215/3105 3122/6210/3142
f 3016/6214/3036 3070/6216/3090 3085/6215/3105
f 3124/6217/3144 2975/6128/2995 3083/6127/3103
f 3124/6213/3144 2935/6123/2955 2975/6218/2995
f 3069/6089/3089 3038/6020/3058 3089/6140/3109
f 3038/6020/3058 2883/5861/2903 3089/6140/3109
f 3087/6137/3107 3019/5980/3039 3125/6219/3145
f 2938/5937/2958 2995/5938/3015 3126/6220/3146
f 3018/5978/3038 3127/6221/3147 2975/5894/2995
f 2976/5895/2996 3127/6222/3147 3018/6057/3038
f 2975/6223/2995 3128/6224/3148 3091/6225/3111
f 1836/6226/1848 1735/6227/1746 549/6228/550
f 3129/6229/3149 3041/6025/3061 2921/5784/2941
f 3073/6106/3093 3130/6230/3150 3074/6108/3094
f 3060/6231/3080 3130/6230/3150 3073/6106/3093
f 2887/6232/2907 3131/6233/3151 2964/6234/2984
f 3061/6235/3081 3106/6236/3126 3132/6237/3152
f 3106/6238/3126 2942/5825/2962 2906/5753/2926
f 2227/6034/2241 3133/6239/3153 1738/5055/1749
f 3044/6033/3064 3134/6240/3154 3023/6072/3043
f 2419/5288/2434 3110/6193/3130 2946/5836/2966
f 3004/5996/3024 3026/5995/3046 3107/6183/3127
f 3094/6182/3114 3107/6183/3127 2983/5913/3003
f 3110/6193/3130 3135/6241/3155 3024/5991/3044
f 3026/5995/3046 3048/6038/3068 3107/6183/3127
f 3136/6242/3156 2794/5511/2813 2850/5633/2869
f 3112/6195/3132 3065/6080/3085 2908/6007/2928
f 2628/5126/2646 3117/6201/3137 3051/6044/3071
f 3118/6202/3138 2628/5126/2646 2873/5689/2893
f 3080/6159/3100 3137/6243/3157 2990/6160/3010
f 2769/5517/2788 3010/6244/3030 3138/6245/3158
f 2261/4410/2275 3139/6246/3159 3013/5969/3033
f 2558/6203/2576 3120/6205/3140 2672/6247/2690
f 2891/6248/2911 2969/6249/2989 2970/6250/2990
f 2971/6090/2991 3140/6251/3160 3141/6252/3161
f 2951/6169/2971 3100/6168/3120 3142/6253/3162
f 2971/6090/2991 3141/6252/3161 3017/6091/3037
f 2683/6254/2701 3056/6255/3076 2992/6256/3012
f 2860/5651/2880 3143/6257/3163 2880/5731/2900
f 3102/6258/3122 3123/6259/3143 3144/6260/3164
f 2813/5650/2832 3145/6261/3165 3058/6056/3078
f 3069/6089/3089 3089/6140/3109 3146/6262/3166
f 2958/6027/2978 3147/6263/3167 2813/5650/2832
f 2959/6264/2979 3104/6173/3124 2896/6175/2916
f 3087/6136/3107 3125/6265/3145 3084/6131/3104
f 2960/5865/2980 3148/6266/3168 3020/5982/3040
f 3127/6221/3147 3128/6267/3148 2975/5894/2995
f 3059/6058/3079 3127/6222/3147 2976/5895/2996
f 1836/6268/1848 3149/6269/3169 1735/6270/1746
f 2995/5938/3015 3091/6142/3111 3150/6271/3170
f 3129/6272/3149 3132/6237/3152 3041/6273/3061
f 3151/6274/3171 3074/6108/3094 3130/6230/3150
f 2295/4703/2309 3152/6275/3172 2887/6276/2907
f 2964/6028/2984 3131/6277/3151 3042/6029/3062
f 2757/5427/2776 3093/6147/3113 3105/6278/3125
f 3063/6073/3083 3047/6078/3067 2981/5910/3001
f 3044/6033/3064 3064/6077/3084 3153/6279/3173
f 3154/6280/3174 3095/6153/3115 3111/6194/3131
f 2419/6281/2434 3155/6282/3175 3110/6283/3130
f 3007/5961/3027 2984/5917/3004 3111/6194/3131
f 2765/5918/2784 2985/5919/3005 3045/6035/3065
f 3078/6113/3098 3156/6284/3176 2984/5917/3004
f 3029/6003/3049 2850/6004/2870 3157/6285/3177
f 2794/6286/2813 3158/6287/3178 2385/5453/2400
f 2928/5801/2948 3159/6288/3179 2851/5635/2871
f 2851/5635/2871 3159/6288/3179 2808/5964/2827
f 2825/5587/2844 3079/6115/3099 3009/5965/3029
f 2536/4951/2554 3051/6044/3071 2909/5757/2929
f 3098/6289/3118 3119/6204/3139 2558/6203/2576
f 2672/6086/2690 3120/6290/3140 3068/6087/3088
f 3014/6291/3034 3160/6292/3180 2968/6293/2988
f 2914/5764/2934 3161/6294/3181 2991/5927/3011
f 2914/5764/2934 3082/6124/3102 3161/6294/3181
f 2952/5847/2972 3162/6295/3182 3014/6121/3034
f 3033/6010/3053 3163/6296/3183 3053/6122/3073
f 3053/6122/3073 3163/6296/3183 3122/6297/3142
f 3055/6207/3075 3121/6208/3141 3056/6298/3076
f 3103/6299/3123 3164/6300/3184 3101/6301/3121
f 3122/6210/3142 3165/6302/3185 3099/6164/3119
f 3099/6164/3119 3165/6302/3185 3123/6259/3143
f 3102/6171/3122 3164/6303/3184 3103/6172/3123
f 3122/6210/3142 3085/6215/3105 3165/6302/3185
f 3016/6214/3036 3122/6210/3142 3166/6304/3186
f 3017/5977/3037 2900/6305/2920 2956/5855/2976
f 2956/5855/2976 2900/6305/2920 2753/5856/2772
f 2812/5561/2831 3167/6306/3187 2997/5942/3017
f 2938/5821/2958 3126/6307/3146 2920/5781/2940
f 3019/5980/3039 3168/6308/3188 3125/6219/3145
f 3169/6309/3189 3170/6310/3190 2898/5739/2918
f 2755/6139/2774 2662/6311/2680 3089/6140/3109
f 3132/6237/3152 3129/6272/3149 3061/6235/3081
f 2295/4703/2309 3040/6024/3060 3152/6275/3172
f 3106/6236/3126 3171/6312/3191 3132/6237/3152
f 3093/6147/3113 3172/6313/3192 3105/6278/3125
f 3044/6033/3064 3153/6279/3173 3134/6240/3154
f 3047/6037/3067 3154/6280/3174 3077/6112/3097
f 3023/6072/3043 3173/6314/3193 2420/5998/2435
f 3024/5991/3044 3135/6241/3155 3002/5953/3022
f 3077/6112/3097 3078/6113/3098 3046/6036/3066
f 2967/6000/2987 3028/6002/3048 3174/6315/3194
f 2850/5633/2869 2889/5718/2909 3136/6242/3156
f 2850/6316/2870 2927/6154/2947 3096/6156/3116
f 2990/6160/3010 3137/6243/3157 3175/6317/3195
f 2990/6160/3010 3175/6317/3195 3032/6082/3052
f 3032/6082/3052 3175/6317/3195 3066/6083/3086
f 2769/5517/2788 3138/6245/3158 2873/5689/2893
f 3176/6318/3196 2101/4888/2115 3177/6319/3197
f 3178/6320/3198 1635/4958/1646 2388/6321/2403
f 3121/6208/3141 3015/6165/3035 3101/6209/3121
f 3179/6322/3199 2951/6169/2971 3142/6253/3162
f 3036/6126/3056 3140/6251/3160 2971/6090/2991
f 3141/6323/3161 3180/6324/3200 3017/5977/3037
f 3181/6325/3201 3100/6168/3120 3182/6326/3202
f 3182/6326/3202 3100/6168/3120 3069/6089/3089
f 3144/6260/3164 3123/6259/3143 3165/6302/3185
f 3069/6089/3089 3146/6262/3166 3182/6326/3202
f 2880/5701/2900 3183/6327/3203 2902/5743/2922
f 3145/6261/3165 2813/5650/2832 3147/6263/3167
f 3183/6327/3203 2979/5901/2999 2902/5743/2922
f 3184/6328/3204 3169/6309/3189 2898/5739/2918
f 3147/6263/3167 2958/6027/2978 3185/6329/3205
f 3186/6330/3206 2804/6099/2823 3072/6101/3092
f 3186/6330/3206 2921/6331/2941 2804/6099/2823
f 2958/6027/2978 3042/6029/3062 3185/6329/3205
f 3151/6274/3171 3187/6332/3207 3074/6108/3094
f 3188/6333/3208 3060/6334/3080 2997/6335/3017
f 3189/6336/3209 3150/6271/3170 3091/6142/3111
f 3091/6337/3111 3128/6338/3148 3190/6339/3210
f 3041/6025/3061 3191/6340/3211 2820/5989/2839
f 3191/6340/3211 3063/6073/3083 2820/5989/2839
f 2924/5945/2944 3074/6341/3094 3192/6342/3212
f 2979/6030/2999 3090/6141/3110 2696/5281/2714
f 3193/6343/3213 3047/6078/3067 3063/6073/3083
f 3171/6312/3191 3106/6236/3126 2906/6344/2926
f 3172/6313/3192 3093/6147/3113 2871/5829/2891
f 2998/6345/3018 2871/5681/2891 2403/4676/2418
f 3171/6312/3191 2906/6344/2926 3095/6346/3115
f 3194/6347/3214 3154/6348/3174 3193/6343/3213
f 3193/6343/3213 3154/6348/3174 3047/6078/3067
f 3194/6349/3214 3095/6153/3115 3154/6280/3174
f 2944/6350/2964 3195/6351/3215 2791/5907/2810
f 3154/6280/3174 3078/6113/3098 3077/6112/3097
f 3196/6352/3216 3153/6279/3173 3064/6077/3084
f 3196/6352/3216 3064/6077/3084 3027/5999/3047
f 3076/6111/3096 2420/5998/2435 3173/6314/3193
f 3197/6353/3217 3003/5958/3023 3025/6191/3045
f 3174/6315/3194 3028/6002/3048 3095/6153/3115
f 3154/6280/3174 3156/6284/3176 3078/6113/3098
f 3111/6194/3131 3156/6284/3176 3154/6280/3174
f 2984/5917/3004 3156/6284/3176 3111/6194/3131
f 3198/6354/3218 3114/6355/3134 3199/6356/3219
f 3200/6357/3220 1400/5640/1410 2854/5639/2874
f 3051/6044/3071 3117/6201/3137 3201/6358/3221
f 3175/6317/3195 3081/6118/3101 3066/6083/3086
f 1635/4958/1646 3202/6359/3222 2541/4956/2559
f 2148/4352/2162 3177/6360/3197 2101/4353/2115
f 3068/6087/3088 2148/5518/2162 2442/4768/2459
f 3033/6010/3053 2968/5880/2988 3203/6361/3223
f 2969/6249/2989 3204/6362/3224 2970/6250/2990
f 3140/6251/3160 3036/6126/3056 3141/6252/3161
f 3016/6214/3036 3166/6304/3186 2952/6363/2972
f 3102/6258/3122 3144/6260/3164 3164/6364/3184
f 3180/6324/3200 3205/6365/3225 3017/5977/3037
f 3017/5977/3037 3205/6365/3225 2900/6305/2920
f 3146/6262/3166 3089/6140/3109 3182/6326/3202
f 2866/6023/2886 3020/5981/3040 3206/6366/3226
f 1299/4243/1309 2593/5538/2611 1835/6367/1847
f 3207/6368/3227 3104/6173/3124 2959/6264/2979
f 3072/6101/3092 3208/6369/3228 3186/6330/3206
f 3072/6101/3092 3071/6098/3091 3208/6369/3228
f 3085/6370/3105 3084/6371/3104 3209/6372/3229
f 2960/6174/2980 3210/6373/3230 3148/6374/3168
f 3084/6375/3104 3211/6376/3231 3209/6377/3229
f 3211/6378/3231 3084/6131/3104 3125/6265/3145
f 3170/6310/3190 3212/6379/3232 2898/5739/2918
f 3212/6379/3232 3040/6024/3060 2898/5739/2918
f 3088/6138/3108 3105/6177/3125 3213/6380/3233
f 3187/6332/3207 3192/6381/3212 3074/6108/3094
f 3214/6382/3234 3090/6383/3110 2979/5901/2999
f 3041/6273/3061 3132/6237/3152 3215/6384/3235
f 3132/6237/3152 3171/6312/3191 3215/6384/3235
f 3171/6312/3191 3095/6346/3115 3194/6385/3214
f 2980/5908/3000 2791/5907/2810 3195/6351/3215
f 3153/6279/3173 3196/6352/3216 3134/6240/3154
f 3134/6240/3154 3173/6314/3193 3023/6072/3043
f 3108/6185/3128 3155/6282/3175 2419/6281/2434
f 3109/6386/3129 3216/6387/3236 2944/6388/2964
f 3216/6389/3236 3197/6353/3217 2944/6390/2964
f 3027/5999/3047 3076/6111/3096 3196/6352/3216
f 3217/6391/3237 2967/6005/2987 3174/6392/3194
f 3110/6283/3130 3218/6393/3238 3135/6394/3155
f 3217/6391/3237 3030/6006/3050 2967/6005/2987
f 3199/6395/3219 3114/6198/3134 3049/6197/3069
f 2385/5453/2400 3158/6287/3178 2928/5801/2948
f 3115/6396/3135 2987/6397/3007 3219/6398/3239
f 3079/6116/3099 2733/5374/2752 3220/6399/3240
f 3116/6400/3136 3137/6243/3157 3080/6159/3100
f 2541/4956/2559 3202/6359/3222 3221/6401/3241
f 3033/6010/3053 3203/6361/3223 3163/6296/3183
f 3101/6209/3121 3222/6402/3242 3121/6208/3141
f 3124/6213/3144 3223/6403/3243 3082/6124/3102
f 2951/5932/2971 3179/6404/3199 3036/6018/3056
f 3056/6405/3076 3222/6406/3242 2992/6407/3012
f 3056/6405/3076 3121/6408/3141 3222/6406/3242
f 3101/6409/3121 3164/6410/3184 3222/6406/3242
f 3166/6304/3186 3162/6411/3182 2952/6363/2972
f 3089/6140/3109 3224/6412/3244 3182/6326/3202
f 2898/6413/2918 3225/6414/3245 3184/6415/3204
f 3226/6416/3246 3085/6370/3105 3209/6372/3229
f 3019/5980/3039 3227/6417/3247 3168/6308/3188
f 3088/6138/3108 3213/6380/3233 3019/6176/3039
f 3151/6274/3171 3228/6418/3248 3187/6332/3207
f 3167/6419/3187 3229/6420/3249 2997/6335/3017
f 3059/6421/3079 3230/6422/3250 3127/6423/3147
f 2997/6335/3017 3229/6420/3249 3188/6333/3208
f 3213/6424/3233 3105/6425/3125 3231/6426/3251
f 3151/6274/3171 3130/6230/3150 3232/6427/3252
f 3041/6273/3061 3215/6384/3235 3191/6428/3211
f 1738/5055/1749 3133/6239/3153 3092/6143/3112
f 2906/5753/2926 2980/5908/3000 3095/6429/3115
f 3095/6429/3115 2980/5908/3000 3233/6430/3253
f 3134/6240/3154 3196/6352/3216 3173/6314/3193
f 2944/6390/2964 3197/6353/3217 3195/6431/3215
f 3095/6153/3115 3233/6432/3253 3174/6315/3194
f 3002/5953/3022 3135/6241/3155 3109/6187/3129
f 3025/6191/3045 3195/6431/3215 3197/6353/3217
f 3173/6314/3193 3196/6352/3216 3076/6111/3096
f 3025/6433/3045 3234/6434/3254 3195/6435/3215
f 3135/6394/3155 3218/6393/3238 3235/6436/3255
f 3006/5960/3026 3234/6437/3254 3025/5993/3045
f 3217/6391/3237 3236/6438/3256 3030/6006/3050
f 3029/6439/3049 3157/6440/3177 3237/6441/3257
f 3113/6442/3133 3198/6443/3218 3238/6444/3258
f 3114/6445/3134 3198/6446/3218 3113/6447/3133
f 2928/6448/2948 3158/6449/3178 3159/6450/3179
f 3115/6396/3135 3219/6398/3239 3050/6155/3070
f 3113/6451/3133 3239/6452/3259 3049/6453/3069
f 3079/6454/3099 3220/6455/3240 3009/6456/3029
f 2988/5923/3008 3240/6457/3260 3116/6200/3136
f 2648/5175/2666 3241/6458/3261 1905/5377/1917
f 2422/6459/2437 3097/6460/3117 2388/6461/2403
f 2541/5722/2559 3221/6462/3241 3067/6085/3087
f 3036/6126/3056 3242/6463/3262 3141/6252/3161
f 3122/6297/3142 3163/6296/3183 3166/6464/3186
f 3181/6325/3201 3142/6253/3162 3100/6168/3120
f 3165/6302/3185 3085/6215/3105 3144/6260/3164
f 3182/6326/3202 3224/6412/3244 3181/6325/3201
f 3144/6465/3164 3226/6416/3246 3164/6410/3184
f 3144/6465/3164 3085/6370/3105 3226/6416/3246
f 3168/6308/3188 3243/6466/3263 3125/6219/3145
f 3019/6176/3039 3213/6380/3233 3227/6467/3247
f 3125/6468/3145 3244/6469/3264 3211/6376/3231
f 2959/6264/2979 3090/6470/3110 3245/6471/3265
f 3209/6377/3229 3211/6376/3231 3246/6472/3266
f 3211/6376/3231 3244/6469/3264 3247/6473/3267
f 3151/6274/3171 3232/6427/3252 3248/6474/3268
f 3212/6475/3232 3249/6476/3269 3040/6477/3060
f 3127/6478/3147 3230/6479/3250 3128/6480/3148
f 3191/6340/3211 3193/6343/3213 3063/6073/3083
f 2924/5945/2944 3250/6481/3270 2998/5946/3018
f 3172/6313/3192 2871/5829/2891 3251/6482/3271
f 2227/6034/2241 3045/6035/3065 3133/6239/3153
f 3233/6432/3253 3252/6483/3272 3174/6315/3194
f 3135/6394/3155 3235/6436/3255 3109/6386/3129
f 3003/5958/3023 3197/6353/3217 3005/5959/3025
f 3110/6283/3130 3253/6484/3273 3218/6393/3238
f 3029/6003/3049 3237/6485/3257 3006/5960/3026
f 2850/6004/2870 3096/6486/3116 3157/6285/3177
f 2987/6397/3007 3254/6487/3274 3219/6398/3239
f 2873/5689/2893 3138/6245/3158 3118/6202/3138
f 3052/6045/3072 3255/6488/3275 2648/5175/2666
f 2101/4888/2115 3176/6318/3196 2261/4410/2275
f 2584/6489/2602 3067/6490/3087 2911/6491/2931
f 2970/6093/2990 3256/6492/3276 3083/6127/3103
f 3180/6324/3200 3141/6323/3161 3257/6493/3277
f 3166/6494/3186 3258/6495/3278 3162/6496/3182
f 2860/5651/2880 3058/6056/3078 3143/6257/3163
f 3164/6410/3184 3259/6497/3279 3222/6406/3242
f 3164/6410/3184 3226/6416/3246 3259/6497/3279
f 2866/6023/2886 3206/6366/3226 3086/6135/3106
f 3226/6416/3246 3209/6372/3229 3260/6498/3280
f 3148/6499/3168 3206/6500/3226 3020/6501/3040
f 3125/6468/3145 3243/6502/3263 3244/6469/3264
f 3168/6503/3188 3227/6504/3247 3243/6505/3263
f 2959/6264/2979 3245/6471/3265 3207/6368/3227
f 3126/6220/3146 2995/5938/3015 3261/6506/3281
f 3246/6507/3266 3262/6508/3282 3209/6372/3229
f 3209/6372/3229 3262/6508/3282 3260/6498/3280
f 3169/6509/3189 3263/6510/3283 3170/6511/3190
f 3170/6511/3190 3263/6510/3283 3212/6512/3232
f 3211/6376/3231 3247/6473/3267 3246/6472/3266
f 3091/6142/3111 3190/6513/3210 3189/6336/3209
f 2924/5945/2944 3192/6342/3212 3264/6514/3284
f 3130/6515/3150 3188/6333/3208 3232/6516/3252
f 3060/6231/3080 3188/6517/3208 3130/6230/3150
f 3105/6278/3125 3172/6313/3192 3265/6518/3285
f 3266/6519/3286 3267/6520/3287 3193/6343/3213
f 3171/6312/3191 3268/6521/3288 3215/6384/3235
f 3193/6343/3213 3267/6520/3287 3194/6347/3214
f 3194/6522/3214 3267/6523/3287 3269/6524/3289
f 3194/6525/3214 3269/6526/3289 3171/6527/3191
f 3270/6528/3290 3271/6529/3291 3272/6530/3292
f 3273/6531/3293 3270/6528/3290 3272/6530/3292
f 3216/6387/3236 3274/6532/3294 3197/6533/3217
f 3195/6534/3215 3234/6535/3254 3275/6536/3295
f 3155/6282/3175 3253/6484/3273 3110/6283/3130
f 3050/6155/3070 3219/6398/3239 3096/6156/3116
f 3049/6042/3069 3220/6399/3240 2733/5374/2752
f 3175/6317/3195 3276/6537/3296 3081/6118/3101
f 3276/6537/3296 3277/6538/3297 3081/6118/3101
f 2506/5380/2524 3278/6539/3298 3097/6162/3117
f 2364/4615/2379 2911/5759/2931 2912/5760/2932
f 2968/5880/2988 3279/6540/3299 3203/6361/3223
f 3160/6292/3180 3279/6541/3299 2968/6293/2988
f 3082/6124/3102 3223/6403/3243 3161/6294/3181
f 3036/6126/3056 3179/6542/3199 3242/6463/3262
f 3181/6325/3201 3280/6543/3300 3142/6253/3162
f 3260/6498/3280 3281/6544/3301 3226/6416/3246
f 3184/6545/3204 3282/6546/3302 3169/6547/3189
f 3059/6421/3079 2900/6305/2920 3283/6548/3303
f 3183/6327/3203 3214/6382/3234 2979/5901/2999
f 3225/6414/3245 2898/6413/2918 3249/6476/3269
f 2960/6174/2980 3104/6173/3124 3210/6373/3230
f 3186/6330/3206 3129/6549/3149 2921/6331/2941
f 2920/5781/2940 3126/6307/3146 2963/5943/2983
f 2995/5938/3015 3150/6271/3170 3261/6506/3281
f 3213/6550/3233 3284/6551/3304 3227/6552/3247
f 3212/6475/3232 3225/6414/3245 3249/6476/3269
f 2440/4754/2456 2963/5868/2983 2994/5936/3014
f 3105/6425/3125 3265/6553/3285 3231/6426/3251
f 3264/6514/3284 3192/6342/3212 3187/6554/3207
f 2924/5945/2944 3264/6514/3284 3250/6481/3270
f 3215/6384/3235 3268/6521/3288 3191/6428/3211
f 3191/6428/3211 3268/6521/3288 3285/6555/3305
f 3266/6556/3286 3272/6530/3292 3267/6523/3287
f 3286/6557/3306 3287/6558/3307 3246/6559/3266
f 3286/6557/3306 3246/6559/3266 3288/6560/3308
f 3273/6531/3293 3272/6530/3292 3289/6561/3309
f 3288/6560/3308 3290/6562/3310 3286/6557/3306
f 2871/5829/2891 3291/6563/3311 3251/6482/3271
f 3272/6530/3292 3269/6524/3289 3267/6523/3287
f 3289/6561/3309 3292/6564/3312 3270/6528/3290
f 3273/6531/3293 3289/6561/3309 3270/6528/3290
f 3286/6557/3306 3290/6562/3310 3293/6565/3313
f 3270/6528/3290 3292/6564/3312 3271/6529/3291
f 3109/6386/3129 3274/6532/3294 3216/6387/3236
f 3218/6393/3238 3253/6484/3273 3235/6436/3255
f 3006/6566/3026 3237/6567/3257 3234/6568/3254
f 3236/6438/3256 3294/6569/3314 3030/6006/3050
f 3030/6006/3050 3294/6569/3314 3112/6195/3132
f 3198/6354/3218 3199/6356/3219 3295/6570/3315
f 3295/6570/3315 3238/6571/3258 3198/6354/3218
f 3112/6195/3132 3049/6572/3069 3065/6080/3085
f 2794/5511/2813 3136/6242/3156 3158/6573/3178
f 3159/6450/3179 3296/6574/3316 2808/6575/2827
f 3009/6456/3029 3254/6487/3274 2987/6397/3007
f 2909/6576/2929 3051/6577/3071 3297/6578/3317
f 3116/6400/3136 3298/6579/3318 3137/6243/3157
f 3137/6243/3157 3299/6580/3319 3175/6317/3195
f 3137/6243/3157 3298/6579/3318 3299/6580/3319
f 3175/6317/3195 3299/6580/3319 3276/6537/3296
f 3277/6538/3297 2809/6084/2828 3081/6118/3101
f 1905/5377/1917 3278/6539/3298 2506/5380/2524
f 3203/6361/3223 3279/6540/3299 3300/6581/3320
f 2970/6582/2990 3204/6583/3224 3256/6584/3276
f 3163/6585/3183 3301/6586/3321 3166/6587/3186
f 3166/6494/3186 3301/6588/3321 3302/6589/3322
f 3162/6496/3182 3258/6495/3278 3303/6590/3323
f 3142/6591/3162 3280/6592/3300 3179/6593/3199
f 2992/6407/3012 3222/6406/3242 3304/6594/3324
f 3180/6324/3200 3305/6595/3325 3205/6365/3225
f 3181/6325/3201 3224/6412/3244 3280/6543/3300
f 3224/6596/3244 3306/6597/3326 3307/6598/3327
f 3228/6599/3248 3308/6600/3328 3187/6554/3207
f 3059/6421/3079 3283/6548/3303 3230/6422/3250
f 3228/6418/3248 3151/6274/3171 3248/6474/3268
f 3260/6498/3280 3262/6508/3282 3309/6601/3329
f 3227/6552/3247 3284/6551/3304 3310/6602/3330
f 3213/6424/3233 3231/6426/3251 3284/6603/3304
f 3187/6554/3207 3308/6600/3328 3264/6514/3284
f 3212/6512/3232 3263/6510/3283 3225/6604/3245
f 3061/6235/3081 3129/6272/3149 3311/6605/3331
f 3131/6606/3151 3312/6607/3332 3042/6608/3062
f 2887/6232/2907 3313/6609/3333 3131/6233/3151
f 3191/6340/3211 3285/6610/3305 3193/6343/3213
f 3284/6551/3304 3314/6611/3334 3315/6612/3335
f 3246/6472/3266 3247/6473/3267 3288/6613/3308
f 3172/6313/3192 3251/6482/3271 3265/6518/3285
f 3287/6558/3307 3316/6614/3336 3246/6559/3266
f 3287/6558/3307 3317/6615/3337 3316/6614/3336
f 3247/6616/3267 3290/6617/3310 3288/6618/3308
f 3171/6312/3191 3318/6619/3338 3268/6521/3288
f 3266/6556/3286 3319/6620/3339 3272/6530/3292
f 3272/6530/3292 3319/6620/3339 3289/6561/3309
f 3171/6527/3191 3269/6526/3289 3318/6621/3338
f 3272/6530/3292 3271/6529/3291 3269/6524/3289
f 3319/6622/3339 3320/6623/3340 3292/6624/3312
f 3289/6561/3309 3319/6620/3339 3292/6564/3312
f 3287/6558/3307 3286/6557/3306 3317/6615/3337
f 3271/6529/3291 3320/6625/3340 3269/6524/3289
f 3271/6529/3291 3292/6564/3312 3320/6625/3340
f 3286/6557/3306 3321/6626/3341 3317/6615/3337
f 3290/6562/3310 3321/6626/3341 3293/6565/3313
f 3293/6565/3313 3321/6626/3341 3286/6557/3306
f 3322/6627/3342 3323/6628/3343 3324/6629/3344
f 3217/6391/3237 3325/6630/3345 3236/6438/3256
f 3235/6436/3255 3253/6484/3273 3326/6631/3346
f 3295/6570/3315 3199/6356/3219 3294/6569/3314
f 2909/6632/2929 3327/6633/3347 2890/5721/2910
f 3221/6401/3241 3202/6359/3222 3067/6634/3087
f 2969/6206/2989 2991/5927/3011 3328/6635/3348
f 2991/5927/3011 3329/6636/3349 3328/6635/3348
f 2991/5927/3011 3161/6294/3181 3329/6636/3349
f 3330/6637/3350 3328/6635/3348 3331/6638/3351
f 3161/6294/3181 3332/6639/3352 3333/6640/3353
f 2969/6206/2989 3328/6635/3348 3204/6641/3224
f 3162/6642/3182 3160/6292/3180 3014/6291/3034
f 3162/6496/3182 3303/6590/3323 3160/6643/3180
f 3161/6294/3181 3334/6644/3354 3332/6639/3352
f 3223/6645/3243 3335/6646/3355 3161/6647/3181
f 3161/6647/3181 3335/6646/3355 3334/6648/3354
f 3223/6645/3243 3124/6649/3144 3256/6650/3276
f 3257/6493/3277 3305/6595/3325 3180/6324/3200
f 2880/5701/2900 3143/6651/3163 3183/6327/3203
f 3224/6596/3244 3307/6598/3327 3280/6592/3300
f 3184/6545/3204 3225/6652/3245 3282/6546/3302
f 3260/6498/3280 3336/6653/3356 3281/6544/3301
f 3228/6599/3248 3337/6654/3357 3308/6600/3328
f 2637/5149/2655 2994/5936/3014 2899/5740/2919
f 3224/6596/3244 3338/6655/3358 3306/6597/3326
f 3244/6469/3264 3243/6502/3263 3339/6656/3359
f 3224/6596/3244 3340/6657/3360 3338/6655/3358
f 3089/6658/3109 3340/6659/3360 3224/6660/3244
f 3284/6603/3304 3231/6426/3251 3341/6661/3361
f 1836/6062/1848 3061/6064/3081 3149/6662/3169
f 3310/6602/3330 3342/6663/3362 3227/6552/3247
f 3342/6663/3362 3310/6602/3330 3343/6664/3363
f 3128/6338/3148 3230/6665/3250 3190/6339/3210
f 3244/6469/3264 3339/6656/3359 3247/6473/3267
f 3310/6602/3330 3344/6666/3364 3343/6664/3363
f 3310/6602/3330 3284/6551/3304 3315/6612/3335
f 3285/6555/3305 3268/6521/3288 3345/6667/3365
f 3285/6610/3305 3345/6668/3365 3193/6343/3213
f 3193/6343/3213 3345/6668/3365 3266/6519/3286
f 3246/6507/3266 3316/6669/3336 3262/6508/3282
f 3284/6603/3304 3341/6661/3361 3346/6670/3366
f 3315/6612/3335 3344/6666/3364 3310/6602/3330
f 3284/6551/3304 3346/6671/3366 3314/6611/3334
f 3268/6521/3288 3318/6619/3338 3345/6667/3365
f 3247/6616/3267 3347/6672/3367 3290/6617/3310
f 3315/6612/3335 3348/6673/3368 3344/6666/3364
f 3314/6611/3334 3348/6673/3368 3315/6612/3335
f 3317/6615/3337 3349/6674/3369 3316/6614/3336
f 3314/6611/3334 3346/6671/3366 3348/6673/3368
f 3266/6675/3286 3350/6676/3370 3319/6622/3339
f 3349/6677/3369 3351/6678/3371 3347/6672/3367
f 3350/6676/3370 3318/6679/3338 3320/6623/3340
f 3319/6622/3339 3350/6676/3370 3320/6623/3340
f 3317/6615/3337 3351/6680/3371 3349/6674/3369
f 3347/6672/3367 3351/6678/3371 3290/6617/3310
f 3269/6681/3289 3320/6623/3340 3318/6679/3338
f 3321/6626/3341 3351/6680/3371 3317/6615/3337
f 3290/6562/3310 3351/6680/3371 3321/6626/3341
f 3324/6629/3344 3352/6682/3372 3322/6627/3342
f 3195/6351/3215 3353/6683/3373 2980/5908/3000
f 3252/6483/3272 3233/6432/3253 3354/6684/3374
f 3252/6483/3272 3354/6684/3374 3174/6315/3194
f 3195/6534/3215 3275/6536/3295 3353/6685/3373
f 3197/6353/3217 3274/6686/3294 3005/5959/3025
f 3109/6386/3129 3235/6436/3255 3355/6687/3375
f 3155/6282/3175 3356/6688/3376 3253/6484/3273
f 3235/6436/3255 3326/6631/3346 3355/6687/3375
f 3253/6484/3273 3356/6688/3376 3326/6631/3346
f 3295/6570/3315 3294/6569/3314 3236/6438/3256
f 3357/6689/3377 3358/6690/3378 3359/6691/3379
f 3295/6692/3315 3360/6693/3380 3237/6441/3257
f 3237/6441/3257 3238/6694/3258 3295/6692/3315
f 3237/6441/3257 3157/6440/3177 3238/6694/3258
f 3157/6440/3177 3096/6695/3116 3238/6694/3258
f 3096/6156/3116 3113/6451/3133 3238/6696/3258
f 3096/6156/3116 3219/6398/3239 3113/6451/3133
f 3113/6451/3133 3219/6398/3239 3239/6452/3259
f 3009/6456/3029 3220/6455/3240 3239/6452/3259
f 1400/5640/1410 3200/6357/3220 2988/6158/3008
f 2261/4410/2275 3176/6318/3196 3139/6246/3159
f 3241/6458/3261 3361/6697/3381 1905/5377/1917
f 3331/6638/3351 3328/6635/3348 3329/6636/3349
f 3332/6639/3352 3362/6698/3382 3363/6699/3383
f 3161/6294/3181 3333/6640/3353 3329/6636/3349
f 3364/6700/3384 3362/6701/3382 3365/6702/3385
f 3365/6702/3385 3366/6703/3386 3367/6704/3387
f 3367/6704/3387 3368/6705/3388 3369/6706/3389
f 3362/6701/3382 3366/6703/3386 3365/6702/3385
f 3330/6637/3350 3204/6641/3224 3328/6635/3348
f 3330/6707/3350 3370/6708/3390 3204/6709/3224
f 3362/6698/3382 3332/6639/3352 3366/6710/3386
f 3334/6644/3354 3366/6710/3386 3332/6639/3352
f 3083/6127/3103 3256/6492/3276 3124/6217/3144
f 3371/6711/3391 3372/6712/3392 3373/6713/3393
f 3222/6406/3242 3374/6714/3394 3304/6594/3324
f 3259/6497/3279 3374/6714/3394 3222/6406/3242
f 3371/6711/3391 3375/6715/3395 3376/6716/3396
f 3371/6711/3391 3376/6716/3396 3372/6712/3392
f 3280/6592/3300 3377/6717/3397 3179/6593/3199
f 3259/6497/3279 3226/6416/3246 3281/6544/3301
f 2992/6100/3012 3304/6718/3324 3071/6098/3091
f 3304/6718/3324 3208/6369/3228 3071/6098/3091
f 2898/6413/2918 2899/6719/2919 3378/6720/3398
f 3205/6365/3225 3305/6595/3325 2900/6305/2920
f 3307/6598/3327 3306/6597/3326 3280/6592/3300
f 2898/6413/2918 3379/6721/3399 3249/6476/3269
f 3309/6601/3329 3336/6653/3356 3260/6498/3280
f 3150/6722/3170 3189/6723/3209 3261/6724/3281
f 2963/6725/2983 3380/6726/3400 2994/6727/3014
f 3231/6426/3251 3265/6553/3285 3381/6728/3401
f 3188/6333/3208 3229/6420/3249 3232/6516/3252
f 3247/6473/3267 3339/6656/3359 3347/6729/3367
f 3262/6730/3282 3316/6614/3336 3349/6674/3369
f 3266/6675/3286 3345/6731/3365 3350/6676/3370
f 3341/6661/3361 3382/6732/3402 3346/6670/3366
f 3251/6733/3271 3383/6734/3403 3265/6735/3285
f 3345/6731/3365 3318/6679/3338 3350/6676/3370
f 3346/6671/3366 3382/6736/3402 3348/6673/3368
f 3251/6733/3271 3291/6737/3311 3383/6734/3403
f 3353/6685/3373 3384/6738/3404 2980/6739/3000
f 3385/6740/3405 3386/6741/3406 3357/6689/3377
f 3324/6629/3344 3323/6628/3343 3387/6742/3407
f 3359/6691/3379 3385/6740/3405 3357/6689/3377
f 3357/6689/3377 3388/6743/3408 3389/6744/3409
f 3388/6743/3408 3390/6745/3410 3389/6744/3409
f 3236/6746/3256 3391/6747/3411 3295/6748/3315
f 3389/6744/3409 3358/6690/3378 3357/6689/3377
f 3295/6748/3315 3391/6747/3411 3360/6749/3380
f 3234/6750/3254 3237/6441/3257 3360/6693/3380
f 3112/6195/3132 3294/6569/3314 3199/6356/3219
f 3359/6691/3379 3358/6690/3378 3392/6751/3412
f 3359/6752/3379 3392/6753/3412 3393/6754/3413
f 3158/6449/3178 3296/6574/3316 3159/6450/3179
f 3219/6398/3239 3254/6487/3274 3394/6755/3414
f 3049/6453/3069 3239/6452/3259 3220/6455/3240
f 3009/6456/3029 3239/6452/3259 3394/6755/3414
f 3254/6487/3274 3009/6456/3029 3394/6755/3414
f 3296/6574/3316 3395/6756/3415 2808/6575/2827
f 2808/5554/2827 3395/6757/3415 2583/5033/2601
f 2809/6758/2828 3277/6759/3297 3396/6760/3416
f 3010/5966/3030 3011/5967/3031 3138/6761/3158
f 2423/4767/2438 3068/6087/3088 2442/4768/2459
f 3300/6762/3320 3279/6763/3299 3397/6764/3417
f 3279/6763/3299 3398/6765/3418 3397/6764/3417
f 3332/6639/3352 3363/6699/3383 3333/6640/3353
f 3279/6766/3299 3160/6643/3180 3399/6767/3419
f 3330/6637/3350 3331/6638/3351 3400/6768/3420
f 3364/6769/3384 3363/6699/3383 3362/6698/3382
f 3365/6702/3385 3401/6770/3421 3364/6700/3384
f 3367/6704/3387 3401/6770/3421 3365/6702/3385
f 3300/6581/3320 3163/6296/3183 3203/6361/3223
f 3400/6771/3420 3402/6772/3422 3330/6773/3350
f 3366/6703/3386 3403/6774/3423 3367/6704/3387
f 3368/6705/3388 3367/6704/3387 3403/6774/3423
f 3160/6643/3180 3303/6590/3323 3404/6775/3424
f 3402/6776/3422 3371/6711/3391 3330/6777/3350
f 3330/6707/3350 3373/6778/3393 3370/6708/3390
f 3330/6777/3350 3371/6711/3391 3373/6713/3393
f 3257/6779/3277 3141/6252/3161 3405/6780/3425
f 3242/6463/3262 3406/6781/3426 3405/6780/3425
f 3301/6782/3321 3407/6783/3427 3302/6784/3322
f 3374/6714/3394 3408/6785/3428 3304/6594/3324
f 3259/6497/3279 3281/6544/3301 3407/6786/3427
f 3408/6787/3428 3208/6369/3228 3304/6718/3324
f 3407/6786/3427 3281/6544/3301 3302/6788/3322
f 3280/6592/3300 3306/6597/3326 3377/6717/3397
f 3308/6600/3328 3337/6654/3357 3409/6789/3429
f 3409/6789/3429 3410/6790/3430 3308/6600/3328
f 3186/6330/3206 3208/6369/3228 3411/6791/3431
f 3186/6330/3206 3411/6791/3431 3129/6549/3149
f 3183/6327/3203 3412/6792/3432 3214/6382/3234
f 3282/6546/3302 3225/6652/3245 3413/6793/3433
f 3225/6604/3245 3263/6510/3283 3413/6794/3433
f 2963/6795/2983 3126/6796/3146 3380/6797/3400
f 3243/6798/3263 3227/6799/3247 3339/6800/3359
f 3412/6792/3432 3414/6801/3434 3214/6382/3234
f 3169/6509/3189 3415/6802/3435 3263/6510/3283
f 3343/6664/3363 3416/6803/3436 3417/6804/3437
f 3308/6600/3328 3418/6805/3438 3250/6481/3270
f 3308/6600/3328 3250/6481/3270 3264/6514/3284
f 3262/6806/3282 3419/6807/3439 3309/6808/3329
f 3214/6382/3234 3414/6801/3434 3090/6383/3110
f 3262/6809/3282 3420/6810/3440 3419/6811/3439
f 3343/6664/3363 3344/6666/3364 3416/6803/3436
f 3341/6661/3361 3416/6812/3436 3382/6732/3402
f 3341/6661/3361 3381/6728/3401 3416/6812/3436
f 3231/6426/3251 3381/6728/3401 3341/6661/3361
f 3349/6813/3369 3420/6814/3440 3262/6815/3282
f 3347/6729/3367 3420/6814/3440 3349/6813/3369
f 3339/6656/3359 3420/6814/3440 3347/6729/3367
f 3344/6666/3364 3382/6736/3402 3416/6803/3436
f 3344/6666/3364 3348/6673/3368 3382/6736/3402
f 2871/6816/2891 3421/6817/3441 3291/6818/3311
f 3384/6819/3404 3233/6430/3253 2980/5908/3000
f 3357/6689/3377 3386/6741/3406 3388/6743/3408
f 3324/6629/3344 3387/6742/3407 3352/6682/3372
f 3355/6687/3375 3356/6688/3376 3155/6282/3175
f 3217/6391/3237 3174/6392/3194 3422/6820/3442
f 3390/6745/3410 3423/6821/3443 3389/6744/3409
f 3217/6822/3237 3422/6823/3442 3325/6824/3345
f 3355/6687/3375 3326/6631/3346 3356/6688/3376
f 3389/6744/3409 3423/6821/3443 3358/6690/3378
f 3275/6536/3295 3234/6535/3254 3424/6825/3444
f 3234/6535/3254 3360/6749/3380 3424/6825/3444
f 2889/5718/2909 3158/6573/3178 3136/6242/3156
f 3219/6398/3239 3394/6755/3414 3239/6452/3259
f 3425/6826/3445 3298/6579/3318 3116/6400/3136
f 2809/6758/2828 3396/6760/3416 3052/6827/3072
f 1905/5377/1917 3361/6697/3381 3278/6539/3298
f 3279/6766/3299 3399/6767/3419 3398/6828/3418
f 3397/6764/3417 3426/6829/3446 3300/6762/3320
f 3329/6830/3349 3333/6831/3353 3427/6832/3447
f 3367/6704/3387 3369/6706/3389 3428/6833/3448
f 3429/6834/3449 3430/6835/3450 3431/6836/3451
f 3300/6762/3320 3426/6829/3446 3163/6585/3183
f 3429/6834/3449 3432/6837/3452 3430/6835/3450
f 3426/6829/3446 3301/6586/3321 3163/6585/3183
f 3400/6771/3420 3433/6838/3453 3402/6772/3422
f 3369/6706/3389 3368/6705/3388 3434/6839/3454
f 3431/6840/3451 3430/6841/3450 3435/6842/3455
f 3334/6648/3354 3403/6843/3423 3366/6844/3386
f 3432/6845/3452 3436/6846/3456 3430/6847/3450
f 3368/6705/3388 3403/6774/3423 3437/6848/3457
f 3223/6645/3243 3256/6650/3276 3335/6646/3355
f 3242/6463/3262 3405/6780/3425 3141/6252/3161
f 3402/6849/3422 3438/6850/3458 3371/6851/3391
f 3179/6593/3199 3377/6717/3397 3439/6852/3459
f 3407/6786/3427 3440/6853/3460 3259/6497/3279
f 3257/6493/3277 3441/6854/3461 3305/6595/3325
f 3435/6855/3455 3442/6856/3462 3443/6857/3463
f 3372/6712/3392 3444/6858/3464 3373/6713/3393
f 3086/6135/3106 3445/6859/3465 2812/6134/2831
f 3376/6716/3396 3444/6858/3464 3372/6712/3392
f 2812/6860/2831 3446/6861/3466 3167/6419/3187
f 3442/6856/3462 3410/6790/3430 3443/6857/3463
f 3443/6857/3463 3410/6790/3430 3409/6789/3429
f 3169/6547/3189 3282/6546/3302 3447/6862/3467
f 3305/6595/3325 3448/6863/3468 2900/6305/2920
f 3377/6717/3397 3306/6597/3326 3449/6864/3469
f 3442/6856/3462 3450/6865/3470 3410/6790/3430
f 2898/6413/2918 3378/6720/3398 3379/6721/3399
f 2900/6305/2920 3448/6863/3468 3283/6548/3303
f 3148/6866/3168 3210/6867/3230 3206/6868/3226
f 3169/6509/3189 3447/6869/3467 3415/6802/3435
f 3410/6790/3430 3450/6865/3470 3418/6805/3438
f 3308/6600/3328 3410/6790/3430 3418/6805/3438
f 3342/6663/3362 3343/6664/3363 3417/6804/3437
f 3249/6476/3269 3379/6721/3399 3040/6477/3060
f 3339/6800/3359 3227/6799/3247 3451/6870/3471
f 3309/6871/3329 3419/6811/3439 3452/6872/3472
f 3248/6873/3268 3232/6516/3252 3453/6874/3473
f 3232/6516/3252 3229/6420/3249 3453/6874/3473
f 3245/6471/3265 3090/6470/3110 3412/6875/3432
f 3452/6872/3472 3419/6811/3439 3420/6810/3440
f 3381/6728/3401 3417/6876/3437 3416/6812/3436
f 3386/6741/3406 3454/6877/3474 3388/6743/3408
f 3174/6315/3194 3354/6684/3374 3455/6878/3475
f 3275/6536/3295 3424/6825/3444 3353/6685/3373
f 3456/6879/3476 3391/6747/3411 3236/6746/3256
f 3325/6824/3345 3456/6879/3476 3236/6746/3256
f 3385/6880/3405 3359/6881/3379 3457/6882/3477
f 3005/6883/3025 3458/6884/3478 2889/6885/2909
f 2889/6885/2909 3458/6884/3478 3158/6886/3178
f 3359/6881/3379 3459/6887/3479 3457/6882/3477
f 3112/6195/3132 3199/6356/3219 3049/6572/3069
f 3460/6888/3480 3392/6751/3412 3358/6690/3378
f 2583/5033/2601 3395/6757/3415 2910/5758/2930
f 3277/6538/3297 3276/6537/3296 3461/6889/3481
f 3400/6890/3420 3331/6891/3351 3462/6892/3482
f 3462/6893/3482 3331/6894/3351 3329/6895/3349
f 3427/6832/3447 3333/6831/3353 3463/6896/3483
f 3464/6897/3484 3364/6898/3384 3401/6899/3421
f 3398/6828/3418 3399/6767/3419 3465/6900/3485
f 3465/6900/3485 3399/6767/3419 3432/6845/3452
f 3465/6900/3485 3432/6845/3452 3429/6901/3449
f 3399/6767/3419 3160/6643/3180 3466/6902/3486
f 3466/6902/3486 3432/6845/3452 3399/6767/3419
f 3467/6903/3487 3160/6643/3180 3404/6775/3424
f 3437/6848/3457 3434/6839/3454 3368/6705/3388
f 3438/6850/3458 3402/6849/3422 3433/6904/3453
f 3204/6709/3224 3370/6708/3390 3468/6905/3488
f 3258/6495/3278 3404/6775/3424 3303/6590/3323
f 3469/6906/3489 3441/6854/3461 3257/6493/3277
f 3439/6852/3459 3242/6907/3262 3179/6593/3199
f 3435/6842/3455 3430/6841/3450 3436/6908/3456
f 3435/6855/3455 3443/6857/3463 3470/6909/3490
f 3437/6910/3457 3441/6911/3461 3469/6912/3489
f 3374/6714/3394 3259/6497/3279 3440/6853/3460
f 3471/6913/3491 3441/6854/3461 3472/6914/3492
f 3471/6913/3491 3305/6595/3325 3441/6854/3461
f 3473/6915/3493 3208/6369/3228 3408/6787/3428
f 3474/6916/3494 3442/6917/3462 3435/6918/3455
f 3475/6919/3495 3371/6851/3391 3438/6850/3458
f 3475/6919/3495 3375/6920/3395 3371/6851/3391
f 3471/6913/3491 3448/6863/3468 3305/6595/3325
f 3409/6789/3429 3337/6654/3357 3476/6921/3496
f 3438/6850/3458 3477/6922/3497 3378/6923/3398
f 3438/6850/3458 3378/6923/3398 2899/6924/2919
f 3475/6919/3495 3438/6850/3458 2899/6924/2919
f 3478/6925/3498 3376/6716/3396 3375/6715/3395
f 3302/6788/3322 3281/6544/3301 3479/6926/3499
f 3444/6858/3464 3376/6716/3396 3478/6925/3498
f 3474/6927/3494 3480/6928/3500 3342/6929/3362
f 3474/6916/3494 3342/6930/3362 3442/6917/3462
f 3477/6931/3497 3379/6932/3399 3378/6933/3398
f 3282/6546/3302 3413/6793/3433 3477/6931/3497
f 3413/6793/3433 3379/6932/3399 3477/6931/3497
f 3478/6925/3498 3126/6796/3146 3261/6724/3281
f 3481/6934/3501 3449/6864/3469 3306/6597/3326
f 3481/6934/3501 3306/6597/3326 3338/6655/3358
f 3281/6544/3301 3336/6653/3356 3479/6926/3499
f 3337/6654/3357 3228/6599/3248 3482/6935/3502
f 3475/6919/3495 2899/6924/2919 3478/6936/3498
f 3479/6926/3499 3336/6653/3356 3452/6937/3472
f 3442/6917/3462 3417/6938/3437 3450/6939/3470
f 3104/6940/3124 3206/6868/3226 3210/6867/3230
f 3245/6471/3265 3412/6875/3432 3183/6941/3203
f 3417/6938/3437 3442/6917/3462 3342/6930/3362
f 3336/6653/3356 3309/6601/3329 3452/6937/3472
f 3451/6870/3471 3227/6799/3247 3342/6942/3362
f 3380/6726/3400 2899/6924/2919 2994/6727/3014
f 2899/6924/2919 3380/6726/3400 3478/6936/3498
f 3126/6796/3146 3478/6925/3498 3380/6797/3400
f 3283/6943/3303 3190/6944/3210 3230/6945/3250
f 3090/6470/3110 3414/6946/3434 3412/6875/3432
f 3185/6947/3205 3042/6608/3062 3312/6607/3332
f 3311/6948/3331 3149/6949/3169 3061/6950/3081
f 3263/6951/3283 3313/6952/3333 2887/6953/2907
f 3483/6954/3503 3323/6955/3343 3322/6956/3342
f 3484/6957/3504 3386/6741/3406 3385/6740/3405
f 3233/6432/3253 3455/6878/3475 3354/6684/3374
f 3352/6958/3372 3387/6959/3407 3485/6960/3505
f 3486/6961/3506 3387/6962/3407 3323/6955/3343
f 3455/6963/3475 3422/6820/3442 3174/6392/3194
f 3487/6964/3507 3390/6745/3410 3488/6965/3508
f 3423/6821/3443 3390/6745/3410 3487/6964/3507
f 3487/6964/3507 3358/6690/3378 3423/6821/3443
f 3391/6747/3411 3424/6825/3444 3360/6749/3380
f 3459/6966/3479 3359/6752/3379 3489/6967/3509
f 3489/6967/3509 3359/6752/3379 3490/6968/3510
f 3490/6968/3510 3359/6752/3379 3393/6754/3413
f 3458/6969/3478 3296/6574/3316 3158/6449/3178
f 3395/6756/3415 2853/6970/2873 2910/6971/2930
f 3461/6972/3481 3396/6973/3416 3277/6974/3297
f 3363/6975/3383 3364/6976/3384 3463/6896/3483
f 3401/6770/3421 3367/6704/3387 3491/6977/3511
f 3491/6977/3511 3367/6704/3387 3492/6978/3512
f 3428/6833/3448 3492/6978/3512 3367/6704/3387
f 3363/6975/3383 3463/6896/3483 3333/6831/3353
f 3429/6834/3449 3431/6836/3451 3493/6979/3513
f 3494/6980/3514 3432/6845/3452 3466/6902/3486
f 3369/6706/3389 3434/6839/3454 3495/6981/3515
f 3160/6643/3180 3467/6903/3487 3466/6902/3486
f 3494/6980/3514 3436/6846/3456 3432/6845/3452
f 3496/6982/3516 3403/6843/3423 3334/6648/3354
f 3431/6840/3451 3435/6842/3455 3497/6983/3517
f 3433/6904/3453 3498/6984/3518 3438/6850/3458
f 3434/6985/3454 3437/6910/3457 3469/6912/3489
f 3469/6912/3489 3257/6986/3277 3434/6985/3454
f 3256/6650/3276 3499/6987/3519 3335/6646/3355
f 3497/6988/3517 3435/6989/3455 3470/6990/3490
f 3470/6909/3490 3443/6857/3463 3500/6991/3520
f 3500/6991/3520 3443/6857/3463 3409/6789/3429
f 3501/6992/3521 3441/6911/3461 3437/6910/3457
f 3242/6907/3262 3439/6852/3459 3406/6993/3426
f 3435/6842/3455 3436/6908/3456 3474/6994/3494
f 3501/6992/3521 3472/6995/3492 3441/6911/3461
f 3502/6996/3522 3477/6922/3497 3438/6850/3458
f 3439/6852/3459 3377/6717/3397 3449/6864/3469
f 3475/6919/3495 3478/6936/3498 3375/6920/3395
f 3282/6546/3302 3503/6997/3523 3447/6862/3467
f 3282/6546/3302 3477/6931/3497 3503/6997/3523
f 3478/6925/3498 3504/6998/3524 3444/6858/3464
f 3283/6999/3303 3472/7000/3492 3505/7001/3525
f 3472/6914/3492 3283/6548/3303 3471/6913/3491
f 3283/6548/3303 3506/7002/3526 3471/6913/3491
f 3439/6852/3459 3449/6864/3469 3507/7003/3527
f 3478/6925/3498 3261/6724/3281 3504/6998/3524
f 3506/7002/3526 3283/6548/3303 3448/6863/3468
f 3449/6864/3469 3481/6934/3501 3507/7003/3527
f 3206/6868/3226 3104/6940/3124 3509/7004/3528
f 3147/7005/3167 3510/7006/3529 3447/7007/3467
f 3338/6655/3358 3511/7008/3530 3481/6934/3501
f 3504/6998/3524 3261/6724/3281 3189/6723/3209
f 3504/7009/3524 3189/7010/3209 3283/7011/3303
f 3338/6655/3358 3340/6657/3360 3511/7008/3530
f 3147/7005/3167 3185/7012/3205 3510/7006/3529
f 3510/7006/3529 3415/7013/3435 3447/7007/3467
f 3482/7014/3502 3228/6418/3248 3248/6474/3268
f 3283/7011/3303 3189/7010/3209 3190/7015/3210
f 3418/6805/3438 3512/7016/3531 3250/6481/3270
f 3263/6510/3283 3513/7017/3532 3413/6794/3433
f 3452/6872/3472 3420/6810/3440 3514/7018/3533
f 3339/7019/3359 3515/7020/3534 3420/6810/3440
f 3381/6728/3401 3265/6553/3285 3417/6876/3437
f 3417/6938/3437 3516/7021/3535 3450/6939/3470
f 3450/6939/3470 3516/7021/3535 3418/7022/3438
f 3263/6510/3283 2887/7023/2907 3513/7017/3532
f 3152/7024/3172 3517/7025/3536 2887/7023/2907
f 3040/6477/3060 3517/7026/3536 3152/7027/3172
f 3518/7028/3537 2998/5946/3018 3250/6481/3270
f 2998/7029/3018 3518/7030/3537 2871/6816/2891
f 3323/6955/3343 3483/6954/3503 3519/7031/3538
f 3484/6957/3504 3454/6877/3474 3386/6741/3406
f 3520/7032/3539 3045/6035/3065 2985/5919/3005
f 3456/6879/3476 3384/6738/3404 3391/6747/3411
f 3353/6685/3373 3391/6747/3411 3384/6738/3404
f 3385/6880/3405 3457/6882/3477 3484/7033/3504
f 3388/6743/3408 3488/6965/3508 3390/6745/3410
f 2890/5721/2910 3327/6633/3347 2985/5919/3005
f 3457/6882/3477 3459/6887/3479 3521/7034/3540
f 3392/6753/3412 3490/6968/3510 3393/6754/3413
f 3396/7035/3416 3276/6537/3296 3299/6580/3319
f 2148/5518/2162 3068/6087/3088 3177/7036/3197
f 3401/6899/3421 3491/7037/3511 3464/6897/3484
f 3433/6838/3453 3400/6771/3420 3522/7038/3541
f 3431/6840/3451 3497/6983/3517 3493/7039/3513
f 3204/6583/3224 3523/7040/3542 3256/6584/3276
f 3257/6779/3277 3405/6780/3425 3434/7041/3454
f 3204/6583/3224 3468/7042/3488 3523/7040/3542
f 3407/6786/3427 3524/7043/3543 3440/6853/3460
f 3373/6713/3393 3468/7044/3488 3370/7045/3390
f 3405/7046/3425 3406/7047/3426 3525/7048/3544
f 3409/6789/3429 3526/7049/3545 3500/6991/3520
f 3373/6713/3393 3504/6998/3524 3468/7044/3488
f 3302/6589/3322 3258/6495/3278 3166/6494/3186
f 3436/6908/3456 3527/7050/3546 3474/6994/3494
f 3526/7049/3545 3409/6789/3429 3476/6921/3496
f 3373/6713/3393 3444/6858/3464 3504/6998/3524
f 3208/6369/3228 3473/6915/3493 3411/6791/3431
f 3528/7051/3547 3147/7005/3167 3447/7007/3467
f 3283/7011/3303 3505/7052/3525 3504/7009/3524
f 3448/6863/3468 3471/6913/3491 3506/7002/3526
f 3448/7053/3548 3529/7054/3549 3530/7055/3550
f 3506/7056/3551 3508/7057/3552 3529/7058/3553
f 3529/7054/3549 3448/7053/3548 3531/7059/3554
f 3530/7055/3550 3532/7060/3555 3448/7053/3548
f 3439/6852/3459 3507/7003/3527 3533/7061/3556
f 3476/6921/3496 3337/6654/3357 3482/6935/3502
f 3104/6940/3124 3534/7062/3557 3509/7004/3528
f 3448/7053/3548 3532/7060/3555 3531/7059/3554
f 3342/6929/3362 3480/6928/3500 3535/7063/3558
f 3104/6173/3124 3207/6368/3227 3536/7064/3559
f 3452/7065/3472 3537/7066/3560 3479/7067/3499
f 3167/6419/3187 3538/7068/3561 3229/6420/3249
f 3510/7006/3529 3185/7012/3205 3539/7069/3562
f 3339/7019/3359 3451/7070/3471 3515/7020/3534
f 3413/6794/3433 3517/7025/3536 3379/7071/3399
f 3413/6794/3433 3540/7072/3563 3517/7025/3536
f 3312/6607/3332 3541/7073/3564 3185/6947/3205
f 3379/6721/3399 3517/7026/3536 3040/6477/3060
f 3250/6481/3270 3512/7016/3531 3518/7028/3537
f 3518/7030/3537 3421/6817/3441 2871/6816/2891
f 3045/6035/3065 3520/7032/3539 3133/6239/3153
f 3352/6958/3372 3483/7074/3503 3322/7075/3342
f 3519/7031/3538 3486/6961/3506 3323/6955/3343
f 3384/6738/3404 3542/7076/3565 3233/7077/3253
f 3233/7078/3253 3542/7079/3565 3543/7080/3566
f 3353/6685/3373 3424/6825/3444 3391/6747/3411
f 3233/7078/3253 3543/7080/3566 3455/7081/3475
f 3544/7082/3567 3457/6882/3477 3545/7083/3568
f 3545/7083/3568 3457/6882/3477 3546/7084/3569
f 3546/7084/3569 3457/6882/3477 3521/7034/3540
f 3459/6887/3479 3489/7085/3509 3521/7034/3540
f 3458/6969/3478 3395/6756/3415 3296/6574/3316
f 3051/6577/3071 3201/7086/3221 3297/6578/3317
f 3298/6579/3318 3396/7035/3416 3299/6580/3319
f 3118/6202/3138 3138/6245/3158 3547/7087/3570
f 3138/6761/3158 3011/5967/3031 3548/7088/3571
f 3012/5968/3032 3013/5969/3033 3011/5967/3031
f 2388/6321/2403 3549/7089/3572 3178/6320/3198
f 3398/6765/3418 3550/7090/3573 3397/6764/3417
f 3398/7091/3418 3551/7092/3574 3550/7093/3573
f 3397/6764/3417 3552/7094/3575 3426/6829/3446
f 3397/7095/3417 3550/7096/3573 3552/7097/3575
f 3428/6833/3448 3553/7098/3576 3492/6978/3512
f 3429/7099/3449 3493/7100/3513 3554/7101/3577
f 3465/7102/3485 3551/7092/3574 3398/7091/3418
f 3400/6771/3420 3462/7103/3482 3522/7038/3541
f 3364/7104/3384 3555/7105/3578 3463/7106/3483
f 3494/6980/3514 3556/7107/3579 3436/6846/3456
f 3500/6991/3520 3557/7108/3580 3470/6909/3490
f 3558/7109/3581 3502/6996/3522 3438/6850/3458
f 3559/7110/3582 3374/7111/3394 3440/7112/3460
f 3560/7113/3583 3258/7114/3278 3302/7115/3322
f 3058/7116/3078 3145/7117/3165 3147/7118/3167
f 3468/7044/3488 3504/6998/3524 3561/7119/3584
f 3533/7120/3556 3525/7048/3544 3406/7047/3426
f 3439/7121/3459 3533/7120/3556 3406/7047/3426
f 3446/7122/3466 2812/6134/2831 3445/6859/3465
f 3562/7123/3585 3563/7124/3586 3501/7125/3521
f 3528/7051/3547 3447/7007/3467 3564/7126/3587
f 3503/7127/3523 3564/7126/3587 3447/7007/3467
f 3502/7128/3522 3503/6997/3523 3477/6931/3497
f 3563/7124/3586 3505/7001/3525 3472/7000/3492
f 3563/7124/3586 3472/7000/3492 3501/7125/3521
f 3529/7054/3549 3565/7129/3588 3530/7055/3550
f 3566/7130/3589 3525/7048/3544 3533/7120/3556
f 3507/7003/3527 3481/6934/3501 3511/7008/3530
f 3531/7059/3554 3565/7129/3588 3529/7054/3549
f 3530/7131/3550 3567/7132/3590 3532/7133/3555
f 3534/7062/3557 3104/6940/3124 3536/7134/3559
f 3207/6368/3227 3245/6471/3265 3183/6941/3203
f 3568/7135/3591 3532/7133/3555 3567/7132/3590
f 3568/7135/3591 3531/7136/3554 3532/7133/3555
f 3569/7137/3592 3451/7138/3471 3342/6929/3362
f 3570/7139/3593 3311/7140/3331 3129/7141/3149
f 3415/7013/3435 3510/7006/3529 3571/7142/3594
f 3512/7016/3531 3418/6805/3438 3572/7143/3595
f 3571/7142/3594 3510/7006/3529 3539/7069/3562
f 3573/7144/3596 3263/6951/3283 3415/7145/3435
f 3513/7017/3532 3540/7072/3563 3413/6794/3433
f 3514/7018/3533 3420/6810/3440 3515/7020/3534
f 3573/7144/3596 3313/6952/3333 3263/6951/3283
f 3574/7146/3597 3488/6965/3508 3388/6743/3408
f 3575/7147/3598 3484/7033/3504 3457/6882/3477
f 3108/6185/3128 3355/6687/3375 3155/6282/3175
f 3576/7148/3599 3109/6386/3129 3355/6687/3375
f 3384/6738/3404 3456/6879/3476 3577/7149/3600
f 3577/7149/3600 3456/6879/3476 3325/6824/3345
f 3578/7150/3601 3005/7151/3025 3274/6532/3294
f 3543/7080/3566 3422/7152/3442 3455/7081/3475
f 3575/7147/3598 3457/6882/3477 3544/7082/3567
f 3117/6201/3137 3118/6202/3138 3547/7087/3570
f 3396/6973/3416 3461/6972/3481 3276/7153/3296
f 3547/7087/3570 3138/6245/3158 3548/7154/3571
f 3465/7102/3485 3429/7099/3449 3554/7101/3577
f 3428/6833/3448 3369/6706/3389 3553/7098/3576
f 3553/7098/3576 3369/6706/3389 3495/6981/3515
f 3579/7155/3602 3462/7156/3482 3329/7157/3349
f 3579/7155/3602 3329/7157/3349 3427/7158/3447
f 3555/7105/3578 3364/7104/3384 3464/7159/3484
f 3495/6981/3515 3434/6839/3454 3580/7160/3603
f 3437/7161/3457 3403/7162/3423 3581/7163/3604
f 3301/6782/3321 3582/7164/3605 3407/6783/3427
f 3438/6850/3458 3498/6984/3518 3558/7109/3581
f 3335/6646/3355 3499/6987/3519 3334/6648/3354
f 3334/6648/3354 3499/6987/3519 3496/6982/3516
f 3407/7165/3427 3582/7166/3605 3524/7167/3543
f 3526/7049/3545 3583/7168/3606 3500/6991/3520
f 3256/6650/3276 3584/7169/3607 3499/6987/3519
f 3404/6775/3424 3258/6495/3278 3585/7170/3608
f 3437/7161/3457 3586/7171/3609 3501/7172/3521
f 3586/7173/3609 3587/7174/3610 3501/7125/3521
f 3408/7175/3428 3374/7111/3394 3559/7110/3582
f 3587/7174/3610 3562/7123/3585 3501/7125/3521
f 3405/7046/3425 3525/7048/3544 3588/7176/3611
f 3258/6495/3278 3589/7177/3612 3585/7170/3608
f 3436/6908/3456 3590/7178/3613 3527/7050/3546
f 3560/7179/3583 3589/7177/3612 3258/6495/3278
f 3526/7049/3545 3476/6921/3496 3591/7180/3614
f 3502/7128/3522 3564/7181/3587 3503/6997/3523
f 3505/7052/3525 3592/7182/3615 3504/7009/3524
f 3505/7183/3525 3563/7184/3586 3593/7185/3616
f 3594/7186/3617 3567/7132/3590 3530/7131/3550
f 3591/7187/3614 3595/7188/3618 3596/7189/3619
f 3530/7131/3550 3565/7190/3588 3594/7186/3617
f 3482/6935/3502 3595/7191/3618 3476/6921/3496
f 3531/7136/3554 3597/7192/3620 3565/7190/3588
f 3567/7132/3590 3597/7192/3620 3568/7135/3591
f 3531/7136/3554 3568/7135/3591 3597/7192/3620
f 3537/7066/3560 3598/7193/3621 3479/7067/3499
f 3535/7063/3558 3569/7137/3592 3342/6929/3362
f 1835/7194/1847 3599/7195/3622 2662/7196/2680
f 3595/7197/3618 3482/7198/3502 3600/7199/3623
f 3452/6872/3472 3514/7018/3533 3537/7200/3560
f 3248/6873/3268 3453/6874/3473 3482/7198/3502
f 3541/7201/3564 3539/7069/3562 3185/7012/3205
f 3601/7202/3624 3517/7025/3536 3540/7072/3563
f 3516/7021/3535 3602/7203/3625 3418/7022/3438
f 3312/6607/3332 3603/7204/3626 3541/7073/3564
f 3513/7017/3532 2887/7023/2907 3604/7205/3627
f 3601/7202/3624 2887/7023/2907 3517/7025/3536
f 3312/6607/3332 3131/6606/3151 3603/7204/3626
f 3516/7021/3535 3417/6938/3437 3605/7206/3628
f 3265/6735/3285 3383/6734/3403 3605/7207/3628
f 3484/6957/3504 3575/7208/3598 3454/6877/3474
f 3606/7209/3629 3488/7210/3508 3574/7211/3597
f 3607/7212/3630 3486/6961/3506 3519/7031/3538
f 3384/6738/3404 3577/7149/3600 3542/7076/3565
f 3108/6185/3128 3608/7213/3631 3355/6687/3375
f 3109/6386/3129 3609/7214/3632 3274/6532/3294
f 3396/7215/3416 3610/7216/3633 3052/6045/3072
f 1635/4958/1646 3178/6320/3198 3202/6359/3222
f 3579/7155/3602 3463/7217/3483 3611/7218/3634
f 3463/7217/3483 3612/7219/3635 3611/7218/3634
f 3579/7155/3602 3427/7158/3447 3463/7217/3483
f 3465/7102/3485 3613/7220/3636 3551/7092/3574
f 3463/7217/3483 3555/7221/3578 3612/7219/3635
f 3426/6829/3446 3614/7222/3637 3301/6586/3321
f 3493/7039/3513 3497/6983/3517 3615/7223/3638
f 3433/6904/3453 3616/7224/3639 3498/6984/3518
f 3468/7042/3488 3617/7225/3640 3523/7040/3542
f 3434/6839/3454 3618/7226/3641 3619/7227/3642
f 3470/6990/3490 3557/7228/3580 3620/7229/3643
f 3496/6982/3516 3581/7230/3604 3403/6843/3423
f 3405/7231/3425 3618/7226/3641 3434/6839/3454
f 3620/7229/3643 3497/6988/3517 3470/6990/3490
f 3580/7160/3603 3586/7171/3609 3437/7161/3457
f 3558/7109/3581 3498/6984/3518 3621/7232/3644
f 3526/7233/3545 3591/7187/3614 3583/7234/3606
f 3622/7235/3645 3623/7236/3646 3584/7169/3607
f 3436/6846/3456 3556/7107/3579 3590/7237/3613
f 3584/7169/3607 3623/7236/3646 3499/6987/3519
f 3143/7238/3163 3058/7239/3078 3183/7240/3203
f 3147/7118/3167 3624/7241/3647 3058/7116/3078
f 3505/7242/3525 3499/6987/3519 3623/7236/3646
f 3566/7130/3589 3625/7243/3648 3525/7048/3544
f 3474/6994/3494 3626/7244/3649 3480/7245/3500
f 3505/7242/3525 3623/7236/3646 3592/7246/3615
f 3302/7247/3322 3479/7248/3499 3560/7249/3583
f 3596/7189/3619 3627/7250/3650 3591/7187/3614
f 3509/7004/3528 3628/7251/3651 3206/6868/3226
f 3594/7186/3617 3597/7192/3620 3567/7132/3590
f 3476/7252/3496 3595/7188/3618 3591/7187/3614
f 3596/7189/3619 3595/7188/3618 3627/7250/3650
f 3507/7003/3527 3629/7253/3652 3533/7061/3556
f 3451/7070/3471 3598/7254/3621 3515/7020/3534
f 3411/6791/3431 3570/7255/3593 3129/6549/3149
f 3537/7066/3560 3514/7256/3533 3598/7193/3621
f 3515/7257/3534 3598/7193/3621 3514/7256/3533
f 3482/7198/3502 3453/6874/3473 3600/7199/3623
f 1735/6071/1746 3149/7258/3169 3630/7259/3653
f 3451/7260/3471 3569/7261/3592 3631/7262/3654
f 3541/7201/3564 3632/7263/3655 3539/7069/3562
f 3415/7013/3435 3633/7264/3656 3573/7265/3596
f 3516/7021/3535 3605/7206/3628 3634/7266/3657
f 3516/7021/3535 3634/7266/3657 3602/7203/3625
f 3512/7016/3531 3635/7267/3658 3518/7028/3537
f 3512/7016/3531 3572/7143/3595 3635/7267/3658
f 3265/6735/3285 3605/7207/3628 3417/7268/3437
f 3605/7207/3628 3383/6734/3403 3291/6737/3311
f 3569/7137/3592 3636/7269/3659 3574/7211/3597
f 3574/7211/3597 3636/7269/3659 3606/7209/3629
f 3519/7031/3538 3483/6954/3503 3607/7212/3630
f 3388/6743/3408 3637/7270/3660 3574/7146/3597
f 3454/6877/3474 3637/7270/3660 3388/6743/3408
f 3542/7076/3565 3577/7149/3600 3638/7271/3661
f 3542/7079/3565 3638/7272/3661 3543/7080/3566
f 3109/6386/3129 3576/7148/3599 3609/7214/3632
f 3274/6532/3294 3609/7214/3632 3578/7150/3601
f 3545/7273/3568 3639/7274/3662 3640/7275/3663
f 3325/6824/3345 3422/6823/3442 3577/7149/3600
f 3545/7276/3568 3546/7277/3569 3639/7278/3662
f 3641/7279/3664 3487/7280/3507 3488/7281/3508
f 3544/7082/3567 3642/7282/3665 3575/7147/3598
f 3546/7283/3569 3521/7284/3540 3643/7285/3666
f 3011/5967/3031 3644/7286/3667 3548/7088/3571
f 3097/6460/3117 3549/7287/3572 2388/6461/2403
f 3098/6163/3118 2912/5760/2932 3119/7288/3139
f 3465/7102/3485 3554/7101/3577 3645/7289/3668
f 3491/7290/3511 3492/7291/3512 3646/7292/3669
f 3491/7293/3511 3555/7105/3578 3464/7159/3484
f 3554/7101/3577 3493/7100/3513 3647/7294/3670
f 3551/7092/3574 3613/7220/3636 3467/7295/3487
f 3426/6829/3446 3552/7094/3575 3614/7222/3637
f 3467/6903/3487 3648/7296/3671 3466/6902/3486
f 3466/6902/3486 3648/7296/3671 3494/6980/3514
f 3497/6983/3517 3649/7297/3672 3615/7223/3638
f 3433/7298/3453 3522/7299/3541 3616/7300/3639
f 3523/7301/3542 3617/7302/3640 3650/7303/3673
f 3650/7304/3673 3256/6584/3276 3523/7040/3542
f 3437/7161/3457 3651/7305/3674 3580/7160/3603
f 3301/7306/3321 3614/7307/3637 3582/7308/3605
f 3434/6839/3454 3619/7227/3642 3580/7160/3603
f 3496/6982/3516 3499/6987/3519 3652/7309/3675
f 3584/7169/3607 3653/7310/3676 3622/7235/3645
f 3584/7169/3607 3256/6650/3276 3653/7310/3676
f 3558/7109/3581 3621/7232/3644 3502/6996/3522
f 3505/7183/3525 3593/7185/3616 3499/7311/3519
f 3502/7128/3522 3654/7312/3677 3564/7181/3587
f 3468/7313/3488 3561/7314/3584 3655/7315/3678
f 3440/7112/3460 3656/7316/3679 3559/7110/3582
f 3525/7048/3544 3625/7243/3648 3588/7176/3611
f 3527/7050/3546 3626/7244/3649 3474/6994/3494
f 3058/7239/3078 3624/7317/3647 3183/7240/3203
f 3561/7314/3584 3504/7318/3524 3655/7315/3678
f 3534/7062/3557 3657/7319/3680 3509/7004/3528
f 3509/7004/3528 3657/7319/3680 3628/7251/3651
f 3528/7320/3547 3624/7241/3647 3147/7118/3167
f 3528/7320/3547 3658/7321/3681 3624/7241/3647
f 3528/7320/3547 3659/7322/3682 3658/7321/3681
f 3564/7323/3587 3659/7322/3682 3528/7320/3547
f 3534/7062/3557 3536/7134/3559 3657/7319/3680
f 3628/7251/3651 3660/7324/3683 3206/6868/3226
f 3594/7186/3617 3565/7190/3588 3597/7192/3620
f 3446/6861/3466 3538/7068/3561 3167/6419/3187
f 3533/7120/3556 3629/7325/3652 3566/7130/3589
f 3451/7070/3471 3661/7326/3684 3598/7254/3621
f 3598/7193/3621 3661/7327/3684 3479/7067/3499
f 3569/7137/3592 3535/7063/3558 3662/7328/3685
f 3595/7188/3618 3663/7329/3686 3627/7250/3650
f 3538/7068/3561 3664/7330/3687 3229/6420/3249
f 3595/7197/3618 3600/7199/3623 3663/7331/3686
f 3631/7262/3654 3661/7332/3684 3451/7260/3471
f 3229/6420/3249 3664/7330/3687 3453/6874/3473
f 3632/7333/3655 3603/7334/3626 3665/7335/3688
f 3539/7069/3562 3666/7336/3689 3571/7142/3594
f 3571/7142/3594 3633/7264/3656 3415/7013/3435
f 3569/7137/3592 3662/7328/3685 3636/7269/3659
f 3602/7337/3625 3572/7143/3595 3418/6805/3438
f 3632/7333/3655 3541/7338/3564 3603/7334/3626
f 2887/7023/2907 3601/7202/3624 3604/7205/3627
f 3631/7262/3654 3569/7261/3592 3667/7339/3690
f 3635/7267/3658 3668/7340/3691 3518/7028/3537
f 3669/7341/3692 3670/7342/3693 3518/7030/3537
f 3669/7341/3692 3518/7030/3537 3668/7343/3691
f 3671/7344/3694 3672/7345/3695 3670/7346/3693
f 3670/7346/3693 3672/7345/3695 3421/7347/3441
f 3421/6817/3441 3518/7030/3537 3670/7342/3693
f 3673/7348/3696 2870/6070/2890 3062/6069/3082
f 3636/7269/3659 3674/7349/3697 3675/7350/3698
f 3569/7351/3592 3574/7146/3597 3637/7270/3660
f 3636/7269/3659 3675/7350/3698 3606/7209/3629
f 3483/6954/3503 3676/7352/3699 3607/7212/3630
f 3607/7212/3630 3676/7352/3699 3486/6961/3506
f 3483/7074/3503 3352/6958/3372 3677/7353/3700
f 3606/7354/3629 3641/7279/3664 3488/7281/3508
f 3485/6960/3505 3677/7353/3700 3352/6958/3372
f 3355/6687/3375 3608/7213/3631 3576/7148/3599
f 3577/7149/3600 3422/6823/3442 3638/7271/3661
f 3543/7080/3566 3638/7272/3661 3422/7152/3442
f 3487/6964/3507 3641/7355/3664 3358/6690/3378
f 3005/6883/3025 3678/7356/3701 3458/6884/3478
f 3392/7357/3412 3679/7358/3702 3490/7359/3510
f 3489/7360/3509 3680/7361/3703 3521/7362/3540
f 3117/6201/3137 3547/7087/3570 3548/7154/3571
f 3298/7363/3318 3425/7364/3445 3396/7365/3416
f 2648/5175/2666 3255/6488/3275 3241/6458/3261
f 3097/6460/3117 3278/7366/3298 3549/7287/3572
f 3611/7218/3634 3681/7367/3704 3579/7155/3602
f 3612/7219/3635 3682/7368/3705 3611/7218/3634
f 3579/7155/3602 3681/7367/3704 3462/7156/3482
f 3492/6978/3512 3553/7098/3576 3683/7369/3706
f 3465/7102/3485 3645/7289/3668 3684/7370/3707
f 3495/6981/3515 3683/7369/3706 3553/7098/3576
f 3465/7102/3485 3684/7370/3707 3613/7220/3636
f 3522/7038/3541 3462/7103/3482 3685/7371/3708
f 3462/7372/3482 3617/7302/3640 3685/7373/3708
f 3613/7374/3636 3648/7375/3671 3467/7376/3487
f 3462/7372/3482 3650/7303/3673 3617/7302/3640
f 3495/6981/3515 3651/7305/3674 3683/7369/3706
f 3495/6981/3515 3580/7160/3603 3651/7305/3674
f 3496/7377/3516 3686/7378/3709 3581/7379/3604
f 3437/7161/3457 3581/7163/3604 3646/7380/3669
f 3437/7161/3457 3646/7380/3669 3651/7305/3674
f 3496/6982/3516 3652/7309/3675 3686/7381/3709
f 3620/7229/3643 3557/7228/3580 3687/7382/3710
f 3468/7383/3488 3688/7384/3711 3617/7385/3640
f 3500/7386/3520 3689/7387/3712 3687/7382/3710
f 3500/7386/3520 3687/7382/3710 3557/7228/3580
f 3591/7187/3614 3690/7388/3713 3583/7234/3606
f 3588/7176/3611 3691/7389/3714 3405/7046/3425
f 3524/7167/3543 3692/7390/3715 3440/7112/3460
f 3589/7177/3612 3693/7391/3716 3585/7170/3608
f 3587/7174/3610 3563/7124/3586 3562/7123/3585
f 3657/7319/3680 3536/7134/3559 3694/7392/3717
f 3504/7393/3524 3592/7394/3615 3655/7395/3678
f 3623/7236/3646 3622/7235/3645 3592/7246/3615
f 3657/7319/3680 3694/7392/3717 3628/7251/3651
f 3624/7317/3647 3695/7396/3718 3183/7240/3203
f 3563/7184/3586 3592/7246/3615 3593/7185/3616
f 3536/7064/3559 3207/6368/3227 3696/7397/3719
f 3632/7333/3655 3183/7240/3203 3695/7396/3718
f 3660/7324/3683 3628/7251/3651 3697/7398/3720
f 3183/6941/3203 3698/7399/3721 3207/6368/3227
f 3662/7328/3685 3535/7063/3558 3699/7400/3722
f 3627/7401/3650 3663/7331/3686 3453/6874/3473
f 3627/7401/3650 3453/6874/3473 3664/7330/3687
f 3183/7402/3203 3665/7403/3688 3698/7404/3721
f 3665/7335/3688 3183/7240/3203 3632/7333/3655
f 3695/7405/3718 3666/7336/3689 3632/7263/3655
f 3600/7199/3623 3453/6874/3473 3663/7331/3686
f 3632/7263/3655 3666/7336/3689 3539/7069/3562
f 3513/7017/3532 3604/7205/3627 3540/7072/3563
f 3604/7205/3627 3601/7202/3624 3540/7072/3563
f 3630/7259/3653 3062/6069/3082 1735/6071/1746
f 3131/6233/3151 3313/6609/3333 3603/7406/3626
f 3700/7407/3723 3661/7332/3684 3667/7339/3690
f 3631/7262/3654 3667/7339/3690 3661/7332/3684
f 3602/7203/3625 3634/7266/3657 3669/7408/3692
f 3701/7409/3724 3667/7339/3690 3702/7410/3725
f 3605/7206/3628 3671/7411/3694 3634/7266/3657
f 3634/7266/3657 3670/7412/3693 3669/7408/3692
f 3667/7413/3690 3703/7414/3726 3702/7415/3725
f 3662/7328/3685 3699/7400/3722 3636/7269/3659
f 3605/7207/3628 3291/6737/3311 3704/7416/3727
f 3699/7417/3722 3705/7418/3728 3674/7419/3697
f 3636/7269/3659 3699/7400/3722 3674/7349/3697
f 3291/6737/3311 3677/7420/3700 3704/7416/3727
f 3703/7421/3726 3667/7422/3690 3706/7423/3729
f 3520/7032/3539 3092/6143/3112 3133/6239/3153
f 3483/7074/3503 3677/7353/3700 3291/7424/3311
f 3483/6954/3503 3291/7425/3311 3421/7347/3441
f 3421/7347/3441 3676/7352/3699 3483/6954/3503
f 3520/7032/3539 3707/7426/3730 3092/6143/3112
f 3520/7032/3539 2985/5919/3005 3707/7426/3730
f 3707/7426/3730 3708/7427/3731 3092/6143/3112
f 3709/7428/3732 3545/7273/3568 3640/7275/3663
f 3485/6960/3505 3710/7429/3733 3677/7353/3700
f 3639/7430/3662 3546/7431/3569 3711/7432/3734
f 3521/7284/3540 3712/7433/3735 3643/7285/3666
f 3680/7361/3703 3712/7434/3735 3521/7362/3540
f 3201/6358/3221 3117/6201/3137 3548/7154/3571
f 3116/7435/3136 3240/7436/3260 3425/7437/3445
f 3551/7438/3574 3713/7439/3736 3550/7440/3573
f 3554/7101/3577 3714/7441/3737 3645/7289/3668
f 3647/7294/3670 3714/7441/3737 3554/7101/3577
f 3491/7293/3511 3715/7442/3738 3555/7105/3578
f 3491/7290/3511 3646/7292/3669 3715/7443/3738
f 3492/6978/3512 3683/7369/3706 3646/7380/3669
f 3493/7100/3513 3716/7444/3739 3647/7294/3670
f 3462/7372/3482 3717/7445/3740 3650/7303/3673
f 3613/7220/3636 3684/7370/3707 3648/7446/3671
f 3555/7105/3578 3581/7379/3604 3686/7378/3709
f 3555/7105/3578 3715/7442/3738 3581/7379/3604
f 3684/7370/3707 3494/7447/3514 3648/7446/3671
f 3688/7384/3711 3685/7371/3708 3617/7385/3640
f 3494/7447/3514 3684/7370/3707 3556/7448/3579
f 3650/7449/3673 3718/7450/3741 3256/7451/3276
f 3620/7229/3643 3687/7382/3710 3497/6988/3517
f 3256/7451/3276 3718/7450/3741 3653/7452/3676
f 3619/7227/3642 3586/7171/3609 3580/7160/3603
f 3497/6988/3517 3687/7382/3710 3649/7453/3672
f 3468/7313/3488 3655/7315/3678 3688/7454/3711
f 3405/7046/3425 3691/7389/3714 3618/7455/3641
f 3583/7456/3606 3689/7457/3712 3500/7458/3520
f 3499/7311/3519 3592/7246/3615 3652/7459/3675
f 3499/7311/3519 3593/7185/3616 3592/7246/3615
f 3408/7175/3428 3559/7110/3582 3473/7460/3493
f 3440/7112/3460 3692/7390/3715 3656/7316/3679
f 3527/7050/3546 3590/7178/3613 3626/7244/3649
f 3688/7454/3711 3655/7315/3678 3719/7461/3742
f 3720/7462/3743 3691/7389/3714 3594/7463/3744
f 3721/7464/3745 3446/7122/3466 3445/6859/3465
f 3592/7394/3615 3719/7465/3742 3655/7395/3678
f 3720/7466/3743 3594/7467/3744 3722/7468/3746
f 3591/7187/3614 3627/7250/3650 3690/7388/3713
f 3086/7469/3106 3206/7470/3226 3723/7471/3747
f 3536/7064/3559 3696/7397/3719 3694/7472/3717
f 3724/7473/3748 3659/7322/3682 3564/7323/3587
f 3594/7463/3744 3725/7474/3749 3722/7475/3746
f 3594/7463/3744 3691/7389/3714 3726/7476/3750
f 3535/7063/3558 3480/6928/3500 3626/7477/3649
f 3594/7463/3744 3726/7476/3750 3725/7474/3749
f 3660/7324/3683 3723/7478/3747 3206/6868/3226
f 3696/7479/3719 3727/7480/3751 3728/7481/3752
f 3624/7241/3647 3728/7482/3752 3695/7483/3718
f 3658/7321/3681 3728/7482/3752 3624/7241/3647
f 3696/7397/3719 3207/6368/3227 3727/7484/3751
f 3727/7480/3751 3729/7485/3753 3728/7481/3752
f 3660/7324/3683 3697/7398/3720 3730/7486/3754
f 3698/7399/3721 3727/7484/3751 3207/6368/3227
f 3731/7487/3755 3732/7488/3756 3733/7489/3757
f 3695/7483/3718 3728/7482/3752 3729/7490/3753
f 3729/7491/3753 3666/7336/3689 3695/7405/3718
f 3666/7336/3689 3734/7492/3758 3571/7142/3594
f 3734/7492/3758 3633/7264/3656 3571/7142/3594
f 3732/7488/3756 3698/7493/3759 3733/7489/3757
f 3535/7063/3558 3735/7494/3760 3699/7400/3722
f 3733/7489/3757 3736/7495/3761 3731/7487/3755
f 3733/7489/3757 3698/7493/3759 3736/7495/3761
f 3698/7404/3721 3665/7403/3688 3727/7496/3751
f 3603/7334/3626 3727/7480/3751 3665/7335/3688
f 3603/7334/3626 3729/7485/3753 3727/7480/3751
f 3602/7203/3625 3669/7408/3692 3668/7497/3691
f 3602/7337/3625 3668/7340/3691 3572/7143/3595
f 3572/7143/3595 3668/7340/3691 3635/7267/3658
f 3701/7409/3724 3700/7407/3723 3667/7339/3690
f 3704/7498/3727 3671/7499/3694 3605/7500/3628
f 3671/7501/3694 3704/7416/3727 3672/7502/3695
f 3677/7420/3700 3672/7502/3695 3704/7416/3727
f 3667/7422/3690 3569/7351/3592 3706/7423/3729
f 3705/7418/3728 3675/7503/3698 3674/7419/3697
f 3672/7345/3695 3737/7504/3762 3421/7347/3441
f 3569/7351/3592 3637/7270/3660 3706/7423/3729
f 3737/7504/3762 3676/7352/3699 3421/7347/3441
f 3676/7352/3699 3737/7504/3762 3738/7505/3763
f 3676/7352/3699 3738/7505/3763 3486/6961/3506
f 3706/7423/3729 3637/7270/3660 3739/7506/3764
f 3454/6877/3474 3739/7506/3764 3637/7270/3660
f 3575/7507/3598 3739/7508/3764 3454/7509/3474
f 3545/7083/3568 3709/7510/3732 3544/7082/3567
f 3544/7082/3567 3709/7510/3732 3740/7511/3765
f 3606/7354/3629 3675/7503/3698 3641/7279/3664
f 3576/7512/3599 3741/7513/3766 3609/7514/3632
f 3546/7431/3569 3643/7515/3666 3711/7432/3734
f 3489/7360/3509 3742/7516/3767 3680/7361/3703
f 3490/6968/3510 3742/7517/3767 3489/6967/3509
f 3490/7518/3510 3743/7519/3768 3742/7516/3767
f 3744/7520/3769 3395/6756/3415 3458/6969/3478
f 3745/7521/3770 3746/7522/3771 3747/7523/3772
f 3011/5967/3031 3013/5969/3033 3644/7286/3667
f 3611/7218/3634 3682/7368/3705 3681/7367/3704
f 3645/7289/3668 3714/7441/3737 3684/7370/3707
f 3647/7294/3670 3716/7444/3739 3714/7441/3737
f 3467/7524/3487 3748/7525/3773 3551/7438/3574
f 3615/7223/3638 3716/7526/3739 3493/7039/3513
f 3683/7369/3706 3651/7305/3674 3646/7380/3669
f 3717/7445/3740 3749/7527/3774 3650/7303/3673
f 3646/7292/3669 3581/7528/3604 3715/7443/3738
f 3749/7527/3774 3718/7529/3741 3650/7303/3673
f 3649/7297/3672 3750/7530/3775 3615/7223/3638
f 3686/7531/3709 3652/7532/3675 3751/7533/3776
f 3619/7227/3642 3720/7534/3743 3586/7171/3609
f 3404/6775/3424 3585/7170/3608 3467/6903/3487
f 3556/7448/3579 3752/7535/3777 3590/7536/3613
f 3687/7382/3710 3689/7387/3712 3753/7537/3778
f 3502/6996/3522 3621/7232/3644 3754/7538/3779
f 3524/7167/3543 3582/7166/3605 3692/7390/3715
f 3690/7388/3713 3755/7539/3780 3583/7234/3606
f 3618/7226/3641 3691/7540/3714 3720/7534/3743
f 3753/7537/3778 3626/7541/3649 3590/7542/3613
f 3622/7235/3645 3652/7459/3675 3592/7246/3615
f 3625/7243/3648 3756/7543/3781 3588/7176/3611
f 3086/7469/3106 3721/7544/3745 3445/7545/3465
f 3722/7546/3746 3757/7547/3782 3720/7548/3743
f 3626/7541/3649 3753/7537/3778 3758/7549/3783
f 3693/7391/3716 3589/7177/3612 3560/7179/3583
f 3696/7479/3719 3728/7481/3752 3759/7550/3784
f 3690/7388/3713 3627/7250/3650 3760/7551/3785
f 3625/7243/3648 3566/7130/3589 3756/7543/3781
f 3761/7552/3786 3507/7003/3527 3511/7008/3530
f 3626/7541/3649 3758/7549/3783 3535/7553/3558
f 3759/7554/3784 3728/7482/3752 3658/7321/3681
f 3723/7471/3747 3660/7555/3683 3730/7556/3754
f 3563/7557/3586 3762/7558/3787 3592/7559/3615
f 3473/7560/3493 3570/7139/3593 3411/7561/3431
f 3735/7494/3760 3535/7063/3558 3758/7562/3783
f 3763/7563/3788 3664/7330/3687 3538/7068/3561
f 3764/7564/3789 3765/7565/3790 3628/7251/3651
f 3700/7566/3723 3479/7067/3499 3661/7327/3684
f 3765/7565/3790 3697/7398/3720 3628/7251/3651
f 3731/7487/3755 3727/7567/3791 3732/7488/3756
f 3736/7495/3761 3727/7567/3791 3731/7487/3755
f 3734/7492/3758 3666/7336/3689 3729/7491/3753
f 3766/7568/3792 3573/7265/3596 3633/7264/3656
f 3766/7568/3792 3313/6609/3333 3573/7265/3596
f 3767/7569/3793 3768/7570/3794 3703/7414/3726
f 3769/7571/3795 3701/7572/3724 3702/7415/3725
f 3703/7414/3726 3768/7570/3794 3702/7415/3725
f 3770/7573/3796 3771/7574/3797 3699/7575/3722
f 3634/7266/3657 3671/7411/3694 3670/7412/3693
f 3767/7569/3793 3703/7414/3726 3772/7576/3798
f 3772/7577/3798 3703/7578/3726 3773/7579/3799
f 3773/7579/3799 3703/7578/3726 3774/7580/3800
f 3703/7421/3726 3706/7423/3729 3739/7506/3764
f 3703/7578/3726 3739/7581/3764 3774/7580/3800
f 3739/7581/3764 3575/7147/3598 3774/7580/3800
f 3639/7274/3662 3709/7428/3732 3640/7275/3663
f 3592/7582/3615 3775/7583/3801 3776/7584/3802
f 3777/7585/3803 3677/7353/3700 3710/7429/3733
f 3740/7511/3765 3642/7282/3665 3544/7082/3567
f 3777/7585/3803 3710/7429/3733 3485/6960/3505
f 3609/7514/3632 3741/7513/3766 3578/7586/3601
f 3708/7427/3731 3707/7426/3730 2985/5919/3005
f 3460/7587/3480 3679/7358/3702 3392/7357/3412
f 3742/7516/3767 3778/7588/3804 3680/7361/3703
f 3747/7523/3772 3746/7522/3771 3778/7588/3804
f 3779/7589/3805 3549/7590/3572 3278/6539/3298
f 3178/6320/3198 3067/6634/3087 3202/6359/3222
f 2911/5759/2931 3780/7591/3806 2912/5760/2932
f 3780/7591/3806 3119/7288/3139 2912/5760/2932
f 3781/7592/3807 3682/7368/3705 3612/7219/3635
f 3681/7367/3704 3717/7593/3740 3462/7156/3482
f 3781/7592/3807 3612/7219/3635 3555/7221/3578
f 3713/7439/3736 3551/7438/3574 3748/7525/3773
f 3716/7444/3739 3752/7535/3777 3684/7370/3707
f 3684/7370/3707 3752/7535/3777 3556/7448/3579
f 3615/7223/3638 3750/7530/3775 3716/7526/3739
f 3782/7594/3808 3498/6984/3518 3616/7224/3639
f 3616/7300/3639 3522/7299/3541 3688/7454/3711
f 3522/7038/3541 3685/7371/3708 3688/7384/3711
f 3619/7227/3642 3618/7226/3641 3720/7534/3743
f 3750/7530/3775 3590/7595/3613 3752/7596/3777
f 3652/7459/3675 3622/7235/3645 3783/7597/3809
f 3784/7598/3810 3586/7171/3609 3720/7534/3743
f 3467/6903/3487 3585/7170/3608 3785/7599/3811
f 3750/7600/3775 3753/7537/3778 3590/7542/3613
f 3786/7601/3812 3689/7457/3712 3583/7456/3606
f 3622/7602/3645 3653/7452/3676 3783/7603/3809
f 3587/7174/3610 3586/7173/3609 3784/7604/3810
f 3649/7453/3672 3753/7537/3778 3750/7600/3775
f 3689/7387/3712 3786/7605/3812 3753/7537/3778
f 3785/7599/3811 3585/7170/3608 3693/7391/3716
f 3688/7454/3711 3719/7461/3742 3787/7606/3813
f 3587/7174/3610 3784/7604/3810 3563/7124/3586
f 3784/7607/3810 3720/7548/3743 3757/7547/3782
f 3687/7382/3710 3753/7537/3778 3649/7453/3672
f 3721/7544/3745 3086/7469/3106 3723/7471/3747
f 3694/7392/3717 3788/7608/3814 3628/7251/3651
f 3560/7249/3583 3479/7248/3499 3693/7609/3716
f 3789/7610/3815 3659/7322/3682 3724/7473/3748
f 3719/7611/3742 3790/7612/3816 3787/7613/3813
f 3690/7388/3713 3760/7551/3785 3755/7539/3780
f 3788/7608/3814 3764/7564/3789 3628/7251/3651
f 3759/7554/3784 3658/7321/3681 3659/7322/3682
f 3722/7614/3746 3791/7615/3817 3757/7616/3782
f 3725/7474/3749 3791/7617/3817 3722/7475/3746
f 3726/7476/3750 3691/7389/3714 3725/7474/3749
f 3719/7611/3742 3792/7618/3818 3790/7612/3816
f 3791/7615/3817 3762/7619/3787 3757/7616/3782
f 3511/7008/3530 3340/6657/3360 3793/7620/3819
f 3794/7621/3820 3765/7565/3790 3764/7564/3789
f 3629/7253/3652 3507/7003/3527 3795/7622/3821
f 3758/7623/3783 3796/7624/3822 3735/7625/3760
f 3627/7401/3650 3664/7330/3687 3763/7563/3788
f 3446/6861/3466 3763/7563/3788 3538/7068/3561
f 3479/7067/3499 3700/7566/3723 3797/7626/3823
f 3792/7618/3818 3798/7627/3824 3799/7628/3825
f 3792/7618/3818 3719/7611/3742 3800/7629/3826
f 3730/7630/3754 3697/7631/3720 3801/7632/3827
f 3792/7633/3818 3800/7634/3826 3798/7635/3824
f 3697/7636/3720 3802/7637/3828 3801/7638/3827
f 3729/7491/3753 3803/7639/3829 3734/7492/3758
f 3803/7639/3829 3633/7264/3656 3734/7492/3758
f 3803/7639/3829 3766/7568/3792 3633/7264/3656
f 3798/7627/3824 3804/7640/3830 3799/7628/3825
f 3798/7635/3824 3800/7634/3826 3804/7641/3830
f 3805/7642/3831 3806/7643/3832 3807/7644/3833
f 3768/7570/3794 3808/7645/3834 3769/7571/3795
f 3770/7573/3796 3699/7575/3722 3735/7646/3760
f 3805/7647/3831 3809/7648/3835 3810/7649/3836
f 3807/7650/3833 3809/7648/3835 3805/7647/3831
f 3807/7644/3833 3811/7651/3837 3809/7652/3835
f 3603/7406/3626 3313/6609/3333 3729/7491/3753
f 3808/7645/3834 3768/7570/3794 3767/7569/3793
f 3768/7570/3794 3769/7571/3795 3702/7415/3725
f 3772/7653/3798 3812/7654/3838 3767/7655/3793
f 3699/7575/3722 3771/7574/3797 3705/7656/3728
f 3719/7465/3742 3592/7394/3615 3800/7657/3826
f 3775/7658/3801 3592/7559/3615 3762/7558/3787
f 3772/7659/3798 3773/7660/3799 3812/7661/3838
f 3774/7662/3800 3813/7663/3839 3773/7664/3799
f 3677/7420/3700 3777/7665/3803 3672/7502/3695
f 3592/7582/3615 3776/7584/3802 3800/7666/3826
f 3639/7274/3662 3711/7667/3734 3814/7668/3840
f 3774/7580/3800 3575/7147/3598 3740/7511/3765
f 3675/7503/3698 3705/7418/3728 3641/7279/3664
f 3740/7511/3765 3575/7147/3598 3642/7282/3665
f 3578/7586/3601 3815/7669/3841 3005/6883/3025
f 3775/7583/3801 3816/7670/3842 3776/7584/3802
f 3816/7671/3842 3817/7672/3843 3776/7673/3802
f 3680/7361/3703 3778/7588/3804 3746/7522/3771
f 3742/7516/3767 3743/7519/3768 3778/7588/3804
f 3327/7674/3347 2909/6576/2929 3297/6578/3317
f 3744/7520/3769 3818/7675/3844 3395/6756/3415
f 3778/7588/3804 3819/7676/3845 3747/7523/3772
f 3395/6756/3415 3818/7675/3844 3820/7677/3846
f 3395/6756/3415 3820/7677/3846 2853/6970/2873
f 3297/6578/3317 3201/7086/3221 3821/7678/3847
f 3201/7086/3221 3548/7679/3571 3821/7678/3847
f 3200/7680/3220 3240/7681/3260 2988/7682/3008
f 3610/7216/3633 3255/6488/3275 3052/6045/3072
f 3361/6697/3381 3779/7589/3805 3278/6539/3298
f 3681/7367/3704 3682/7368/3705 3781/7592/3807
f 3681/7367/3704 3822/7683/3848 3717/7593/3740
f 3552/7097/3575 3550/7096/3573 3823/7684/3849
f 3824/7685/3850 3555/7105/3578 3686/7378/3709
f 3714/7441/3737 3716/7444/3739 3684/7370/3707
f 3716/7526/3739 3750/7530/3775 3752/7596/3777
f 3616/7300/3639 3688/7454/3711 3782/7686/3808
f 3718/7450/3741 3783/7603/3809 3653/7452/3676
f 3583/7456/3606 3825/7687/3851 3786/7601/3812
f 3583/7234/3606 3755/7539/3780 3825/7688/3851
f 3826/7689/3852 3691/7389/3714 3588/7176/3611
f 3473/7460/3493 3559/7110/3582 3827/7690/3853
f 3825/7688/3851 3755/7539/3780 3828/7691/3854
f 3654/7692/3677 3724/7473/3748 3564/7323/3587
f 3825/7687/3851 3828/7693/3854 3786/7601/3812
f 3659/7322/3682 3829/7694/3855 3759/7554/3784
f 3563/7557/3586 3784/7607/3810 3762/7558/3787
f 3762/7558/3787 3784/7607/3810 3757/7547/3782
f 3753/7537/3778 3786/7605/3812 3806/7695/3832
f 3755/7539/3780 3830/7696/3856 3828/7691/3854
f 3721/7464/3745 3831/7697/3857 3446/7122/3466
f 3753/7537/3778 3810/7698/3836 3758/7549/3783
f 3831/7699/3857 3763/7700/3788 3446/7701/3466
f 3794/7621/3820 3788/7608/3814 3730/7702/3754
f 3764/7564/3789 3788/7608/3814 3794/7621/3820
f 3830/7696/3856 3755/7539/3780 3760/7551/3785
f 3753/7537/3778 3806/7695/3832 3810/7698/3836
f 3830/7696/3856 3760/7551/3785 3832/7703/3858
f 3627/7401/3650 3763/7563/3788 3760/7704/3785
f 3730/7702/3754 3833/7705/3859 3794/7621/3820
f 3791/7615/3817 3834/7706/3860 3762/7619/3787
f 3791/7617/3817 3725/7474/3749 3835/7707/3861
f 3758/7623/3783 3810/7708/3836 3796/7624/3822
f 3765/7565/3790 3794/7621/3820 3833/7705/3859
f 3792/7618/3818 3799/7628/3825 3836/7709/3862
f 3799/7628/3825 3837/7710/3863 3836/7709/3862
f 3836/7709/3862 3837/7710/3863 3792/7618/3818
f 3792/7618/3818 3837/7710/3863 3790/7612/3816
f 3805/7647/3831 3810/7649/3836 3806/7711/3832
f 3697/7398/3720 3838/7712/3864 3802/7713/3828
f 3765/7565/3790 3838/7712/3864 3697/7398/3720
f 3804/7640/3830 3837/7710/3863 3799/7628/3825
f 3804/7641/3830 3800/7634/3826 3837/7714/3863
f 3735/7646/3760 3796/7715/3822 3770/7573/3796
f 3806/7643/3832 3811/7651/3837 3807/7644/3833
f 3809/7648/3835 3839/7716/3865 3810/7649/3836
f 3313/6609/3333 3803/7639/3829 3729/7491/3753
f 3766/7568/3792 3803/7639/3829 3313/6609/3333
f 3762/7619/3787 3834/7706/3860 3775/7717/3801
f 3737/7504/3762 3672/7345/3695 3840/7718/3866
f 3773/7660/3799 3813/7719/3839 3812/7661/3838
f 3738/7505/3763 3387/6962/3407 3486/6961/3506
f 3639/7274/3662 3814/7668/3840 3709/7428/3732
f 3774/7662/3800 3740/7720/3765 3813/7663/3839
f 3709/7428/3732 3841/7721/3867 3842/7722/3868
f 3708/7427/3731 3843/7723/3869 3844/7724/3870
f 3092/6143/3112 3708/7427/3731 3844/7724/3870
f 3709/7428/3732 3842/7722/3868 3740/7720/3765
f 3775/7717/3801 3845/7725/3871 3816/7726/3842
f 3708/7427/3731 2985/5919/3005 3843/7723/3869
f 3576/7512/3599 3846/7727/3872 3741/7513/3766
f 3741/7513/3766 3847/7728/3873 3578/7586/3601
f 3578/7586/3601 3847/7728/3873 3815/7669/3841
f 3800/7666/3826 3776/7584/3802 3848/7729/3874
f 3800/7730/3826 3848/7731/3874 3849/7732/3875
f 3776/7733/3802 3850/7734/3876 3848/7735/3874
f 3776/7733/3802 3851/7736/3877 3850/7734/3876
f 3817/7672/3843 3851/7737/3877 3776/7673/3802
f 3458/6969/3478 3678/7738/3701 3744/7520/3769
f 3680/7361/3703 3746/7522/3771 3712/7434/3735
f 3745/7521/3770 3852/7739/3878 3746/7522/3771
f 3743/7519/3768 3819/7676/3845 3778/7588/3804
f 2854/7740/2874 3853/7741/3879 3200/7742/3220
f 3013/5969/3033 3854/7743/3880 3644/7286/3667
f 3855/7744/3881 3856/7745/3882 3857/7746/3883
f 3858/7747/3884 3857/7746/3883 3856/7745/3882
f 3859/7748/3885 3856/7749/3882 3860/7750/3886
f 3781/7592/3807 3822/7683/3848 3681/7367/3704
f 3781/7592/3807 3824/7751/3850 3822/7683/3848
f 3856/7749/3882 3859/7748/3885 3861/7752/3887
f 3781/7753/3807 3555/7105/3578 3824/7685/3850
f 3550/7440/3573 3713/7439/3736 3823/7754/3849
f 3686/7755/3709 3862/7756/3888 3824/7757/3850
f 3749/7758/3774 3783/7603/3809 3718/7450/3741
f 3863/7759/3889 3473/7560/3493 3859/7760/3885
f 3783/7761/3809 3864/7762/3890 3652/7532/3675
f 3652/7532/3675 3864/7762/3890 3751/7533/3776
f 3688/7454/3711 3787/7606/3813 3782/7686/3808
f 3588/7176/3611 3756/7543/3781 3826/7689/3852
f 3694/7392/3717 3865/7763/3891 3866/7764/3892
f 3694/7472/3717 3696/7397/3719 3865/7765/3891
f 3694/7392/3717 3866/7764/3892 3788/7608/3814
f 3759/7550/3784 3867/7766/3893 3696/7479/3719
f 3723/7471/3747 3868/7767/3894 3721/7544/3745
f 3659/7322/3682 3789/7610/3815 3829/7694/3855
f 3566/7130/3589 3629/7325/3652 3756/7543/3781
f 3730/7556/3754 3868/7767/3894 3723/7471/3747
f 3730/7556/3754 3788/7768/3814 3868/7767/3894
f 3507/7003/3527 3761/7552/3786 3795/7622/3821
f 3786/7601/3812 3828/7693/3854 3806/7643/3832
f 3763/7700/3788 3831/7699/3857 3869/7769/3895
f 3830/7696/3856 3832/7703/3858 3828/7691/3854
f 3828/7693/3854 3811/7651/3837 3806/7643/3832
f 3828/7691/3854 3832/7703/3858 3811/7770/3837
f 3832/7703/3858 3760/7551/3785 3763/7700/3788
f 3791/7615/3817 3835/7771/3861 3834/7706/3860
f 3801/7632/3827 3833/7772/3859 3730/7630/3754
f 3796/7624/3822 3810/7708/3836 3839/7773/3865
f 3802/7637/3828 3833/7774/3859 3801/7638/3827
f 3838/7712/3864 3833/7705/3859 3802/7713/3828
f 3765/7565/3790 3833/7705/3859 3838/7712/3864
f 3796/7624/3822 3870/7775/3896 3770/7776/3796
f 3839/7773/3865 3871/7777/3897 3796/7624/3822
f 3769/7571/3795 3872/7778/3898 3700/7779/3723
f 3769/7571/3795 3700/7779/3723 3701/7572/3724
f 3809/7648/3835 3873/7780/3899 3839/7716/3865
f 3835/7771/3861 3775/7717/3801 3834/7706/3860
f 3767/7569/3793 3874/7781/3900 3808/7645/3834
f 3770/7573/3796 3870/7782/3896 3771/7574/3797
f 3835/7771/3861 3845/7725/3871 3775/7717/3801
f 3767/7569/3793 3812/7783/3838 3874/7781/3900
f 3875/7784/3901 3814/7668/3840 3876/7785/3902
f 3771/7574/3797 3877/7786/3903 3878/7787/3904
f 3705/7656/3728 3771/7574/3797 3878/7787/3904
f 3737/7504/3762 3840/7718/3866 3738/7505/3763
f 3709/7428/3732 3814/7668/3840 3875/7784/3901
f 3879/7788/3905 3709/7428/3732 3875/7784/3901
f 3800/7789/3826 3849/7790/3875 3880/7791/3906
f 3876/7785/3902 3814/7668/3840 3711/7667/3734
f 3813/7663/3839 3740/7720/3765 3881/7792/3907
f 3740/7720/3765 3842/7722/3868 3881/7792/3907
f 3741/7513/3766 3846/7727/3872 3847/7728/3873
f 3816/7726/3842 3845/7725/3871 3882/7793/3908
f 3005/6883/3025 3815/7669/3841 3678/7356/3701
f 3816/7726/3842 3882/7793/3908 3817/7794/3843
f 3747/7523/3772 3883/7795/3909 3884/7796/3910
f 3885/7797/3911 3886/7798/3912 3425/7799/3445
f 3857/7746/3883 3887/7800/3913 3888/7801/3914
f 3855/7744/3881 3857/7746/3883 3889/7802/3915
f 3887/7800/3913 3857/7746/3883 3890/7803/3916
f 3855/7744/3881 3891/7804/3917 3856/7745/3882
f 3856/7745/3882 3891/7804/3917 3892/7805/3918
f 3857/7806/3883 3858/7807/3884 3890/7808/3916
f 3893/7809/3919 3856/7745/3882 3892/7805/3918
f 3893/7809/3919 3860/7810/3886 3856/7745/3882
f 3894/7811/3920 3858/7747/3884 3856/7745/3882
f 3860/7750/3886 3895/7812/3921 3859/7748/3885
f 3822/7683/3848 3749/7813/3774 3717/7593/3740
f 3823/7684/3849 3614/7814/3637 3552/7097/3575
f 3686/7755/3709 3751/7815/3776 3862/7756/3888
f 3859/7760/3885 3473/7560/3493 3861/7816/3887
f 3467/7524/3487 3785/7817/3811 3748/7525/3773
f 3896/7818/3922 3783/7761/3809 3749/7819/3774
f 3783/7761/3809 3896/7818/3922 3864/7762/3890
f 3785/7817/3811 3693/7820/3716 3897/7821/3923
f 3754/7822/3779 3654/7312/3677 3502/7128/3522
f 3559/7110/3582 3898/7823/3924 3827/7690/3853
f 3559/7110/3582 3656/7316/3679 3898/7823/3924
f 3829/7824/3855 3867/7766/3893 3759/7550/3784
f 3473/7460/3493 3827/7690/3853 3861/7825/3887
f 3898/7823/3924 3861/7825/3887 3827/7690/3853
f 3721/7544/3745 3899/7826/3925 3831/7827/3857
f 3696/7397/3719 3867/7828/3893 3865/7765/3891
f 3692/7829/3715 3693/7609/3716 3479/7248/3499
f 3724/7473/3748 3900/7830/3926 3789/7610/3815
f 3826/7689/3852 3725/7474/3749 3691/7389/3714
f 3797/7626/3823 3692/7831/3715 3479/7067/3499
f 3788/7608/3814 3901/7832/3927 3868/7833/3894
f 3656/7316/3679 3872/7834/3898 3902/7835/3928
f 3692/7390/3715 3872/7834/3898 3656/7316/3679
f 3511/7008/3530 3793/7620/3819 3761/7552/3786
f 3692/7831/3715 3797/7626/3823 3872/7836/3898
f 1835/7837/1847 2593/7838/2611 3903/7839/3929
f 3790/7840/3816 3904/7841/3930 3787/7842/3813
f 3790/7612/3816 3837/7710/3863 3904/7843/3930
f 3808/7645/3834 3902/7844/3928 3769/7571/3795
f 3763/7700/3788 3869/7769/3895 3832/7703/3858
f 2662/6311/2680 3905/7845/3931 3089/6140/3109
f 3906/7846/3932 3874/7781/3900 3907/7847/3933
f 3808/7645/3834 3874/7781/3900 3906/7846/3932
f 3871/7777/3897 3870/7775/3896 3796/7624/3822
f 3811/7848/3837 3873/7780/3899 3809/7648/3835
f 3908/7849/3934 3909/7850/3935 3875/7784/3901
f 3909/7850/3935 3879/7788/3905 3875/7784/3901
f 3910/7851/3936 3800/7789/3826 3880/7791/3906
f 3909/7850/3935 3911/7852/3937 3879/7788/3905
f 3874/7853/3900 3812/7854/3838 3912/7855/3938
f 3879/7788/3905 3841/7721/3867 3709/7428/3732
f 3879/7788/3905 3911/7852/3937 3841/7721/3867
f 3813/7719/3839 3913/7856/3939 3812/7661/3838
f 3738/7505/3763 3840/7718/3866 3387/6962/3407
f 3813/7719/3839 3881/7857/3907 3913/7856/3939
f 3881/7857/3907 3914/7858/3940 3913/7856/3939
f 3881/7857/3907 3915/7859/3941 3914/7858/3940
f 3881/7857/3907 3842/7860/3868 3915/7859/3941
f 3608/7861/3631 3916/7862/3942 3576/7863/3599
f 3485/6960/3505 3387/6959/3407 3917/7864/3943
f 3851/7737/3877 3817/7672/3843 3918/7865/3944
f 3851/7736/3877 3918/7866/3944 3850/7734/3876
f 3643/7285/3666 3712/7433/3735 3919/7867/3945
f 3712/7434/3735 3746/7522/3771 3852/7739/3878
f 3745/7868/3770 3920/7869/3946 3921/7870/3947
f 3745/7521/3770 3747/7523/3772 3920/7871/3946
f 3396/7872/3416 3425/7873/3445 3610/7874/3633
f 3241/6458/3261 3922/7875/3948 3361/6697/3381
f 3120/6205/3140 3119/6204/3139 3923/7876/3949
f 3890/7808/3916 3858/7807/3884 3924/7877/3950
f 3858/7878/3884 3894/7879/3920 3925/7880/3951
f 3926/7881/3952 3927/7882/3953 3928/7883/3954
f 3929/7884/3955 3930/7885/3956 3931/7886/3957
f 3926/7881/3952 3932/7887/3958 3927/7882/3953
f 3927/7882/3953 3933/7888/3959 3928/7883/3954
f 3929/7889/3955 3934/7890/3960 3930/7891/3956
f 3927/7882/3953 3935/7892/3961 3933/7888/3959
f 3936/7893/3962 3859/7760/3885 3895/7894/3921
f 3927/7882/3953 3937/7895/3963 3935/7892/3961
f 3822/7896/3848 3938/7897/3964 3939/7898/3965
f 3824/7757/3850 3938/7897/3964 3822/7896/3848
f 3856/7749/3882 3861/7752/3887 3940/7899/3966
f 3856/7745/3882 3940/7900/3966 3894/7811/3920
f 3822/7683/3848 3939/7901/3965 3749/7813/3774
f 3824/7757/3850 3862/7756/3888 3938/7897/3964
f 3927/7882/3953 3941/7902/3967 3937/7895/3963
f 3859/7760/3885 3942/7903/3968 3863/7759/3889
f 3749/7819/3774 3943/7904/3969 3896/7818/3922
f 3944/7905/3970 3945/7906/3971 3934/7890/3960
f 3749/7819/3774 3946/7907/3972 3943/7904/3969
f 3785/7817/3811 3897/7821/3923 3748/7525/3773
f 3614/7908/3637 3947/7909/3973 3582/7910/3605
f 3748/7525/3773 3897/7821/3923 3948/7911/3974
f 3621/7232/3644 3498/6984/3518 3754/7538/3779
f 3756/7543/3781 3629/7325/3652 3826/7689/3852
f 3787/7606/3813 3949/7912/3975 3782/7686/3808
f 3865/7763/3891 3950/7913/3976 3866/7764/3892
f 3951/7914/3977 3897/7821/3923 3693/7820/3716
f 3721/7544/3745 3952/7915/3978 3899/7826/3925
f 3721/7544/3745 3868/7767/3894 3952/7915/3978
f 3866/7764/3892 3901/7832/3927 3788/7608/3814
f 3829/7694/3855 3789/7610/3815 3900/7830/3926
f 3898/7823/3924 3953/7916/3979 3861/7825/3887
f 3898/7823/3924 3656/7316/3679 3953/7916/3979
f 3951/7914/3977 3954/7917/3980 3897/7821/3923
f 3897/7821/3923 3954/7917/3980 3948/7911/3974
f 3863/7759/3889 3955/7918/3981 3473/7560/3493
f 3656/7316/3679 3902/7835/3928 3953/7916/3979
f 3787/7842/3813 3904/7841/3930 3949/7919/3975
f 3955/7918/3981 3570/7139/3593 3473/7560/3493
f 3953/7920/3979 3902/7844/3928 3906/7846/3932
f 3956/7921/3982 3957/7922/3983 3958/7923/3984
f 3953/7920/3979 3906/7846/3932 3907/7847/3933
f 3872/7778/3898 3769/7571/3795 3902/7844/3928
f 3831/7699/3857 3959/7924/3985 3869/7769/3895
f 3808/7645/3834 3906/7846/3932 3902/7844/3928
f 3797/7626/3823 3700/7566/3723 3872/7836/3898
f 3871/7777/3897 3839/7773/3865 3960/7925/3986
f 3839/7773/3865 3961/7926/3987 3960/7925/3986
f 3839/7773/3865 3873/7927/3899 3961/7926/3987
f 3837/7928/3863 3800/7789/3826 3904/7929/3930
f 3957/7922/3983 3962/7930/3988 3958/7923/3984
f 3908/7849/3934 3963/7931/3989 3909/7850/3935
f 3909/7850/3935 3963/7931/3989 3964/7932/3990
f 3909/7850/3935 3964/7932/3990 3965/7933/3991
f 3966/7934/3992 3878/7787/3904 3967/7935/3993
f 3771/7574/3797 3870/7782/3896 3877/7786/3903
f 3957/7936/3983 3968/7937/3994 3962/7938/3988
f 3945/7939/3971 3969/7940/3995 3970/7941/3996
f 3962/7938/3988 3968/7937/3994 3971/7942/3997
f 3972/7943/3998 3092/7944/3112 3844/7945/3870
f 3912/7946/3938 3973/7947/3999 3974/7948/4000
f 3812/7854/3838 3913/7949/3939 3912/7855/3938
f 3913/7949/3939 3975/7950/4001 3912/7855/3938
f 3878/7787/3904 3976/7951/4002 3705/7656/3728
f 3672/7952/3695 3777/7953/3803 3977/7954/4003
f 3913/7856/3939 3978/7955/4004 3975/7956/4001
f 3976/7957/4002 3979/7958/4005 3705/7959/3728
f 3914/7858/3940 3978/7955/4004 3913/7856/3939
f 3973/7960/3999 3912/7855/3938 3980/7961/4006
f 3777/7585/3803 3485/6960/3505 3917/7864/3943
f 3916/7962/3942 3846/7727/3872 3576/7512/3599
f 3981/7963/4007 2985/7964/3005 3327/7965/3347
f 3848/7735/3874 3850/7734/3876 3982/7966/4008
f 3983/7967/4009 3921/7870/3947 3920/7869/3946
f 3920/7871/3946 3747/7523/3772 3884/7796/3910
f 3747/7523/3772 3984/7968/4010 3883/7795/3909
f 3985/7969/4011 3820/7677/3846 3818/7675/3844
f 3985/7969/4011 2854/7740/2874 2853/6970/2873
f 3986/7970/4012 3644/7286/3667 3987/7971/4013
f 3987/7971/4013 3644/7286/3667 3854/7743/3880
f 3120/7972/3140 3988/7973/4014 3068/7974/3088
f 3888/7801/3914 3889/7802/3915 3857/7746/3883
f 3989/7975/4015 3887/7976/3913 3890/7808/3916
f 3891/7804/3917 3855/7744/3881 3889/7802/3915
f 3890/7808/3916 3990/7977/4016 3989/7975/4015
f 3890/7808/3916 3924/7877/3950 3991/7978/4017
f 3992/7979/4018 3892/7805/3918 3891/7804/3917
f 3931/7980/3957 3993/7981/4019 3994/7982/4020
f 3994/7982/4020 3993/7981/4019 3995/7983/4021
f 3992/7979/4018 3893/7809/3919 3892/7805/3918
f 3924/7984/3950 3996/7985/4022 3997/7986/4023
f 3997/7986/4023 3996/7985/4022 3998/7987/4024
f 3993/7988/4019 3926/7881/3952 3999/7989/4025
f 3924/7984/3950 3858/7990/3884 3996/7985/4022
f 3931/7980/3957 3930/7991/3956 3993/7981/4019
f 3999/7989/4025 3926/7881/3952 4000/7992/4026
f 3928/7883/3954 4000/7992/4026 3926/7881/3952
f 3996/7985/4022 4001/7993/4027 3998/7987/4024
f 3996/7985/4022 3858/7990/3884 4001/7993/4027
f 3928/7883/3954 3933/7888/3959 4002/7994/4028
f 4002/7994/4028 3933/7888/3959 4003/7995/4029
f 4004/7996/4030 3895/7812/3921 3860/7750/3886
f 4005/7997/4031 3859/7760/3885 3936/7893/3962
f 4006/7998/4032 3823/7754/3849 3713/7439/3736
f 3944/7905/3970 3934/7890/3960 4007/7999/4033
f 4008/8000/4034 3614/8001/3637 3823/8002/3849
f 3927/7882/3953 3932/7887/3958 3941/7902/3967
f 4009/8003/4035 3942/7903/3968 3859/7760/3885
f 4010/8004/4036 3937/8005/3963 3941/8006/3967
f 3947/8007/3973 3614/8001/3637 4008/8000/4034
f 4007/7999/4033 4011/8008/4037 3944/7905/3970
f 3932/8009/3958 3956/8010/3982 3941/8011/3967
f 3945/7906/3971 3930/7891/3956 3934/7890/3960
f 4012/8012/4038 3826/8013/3852 3629/8014/3652
f 3751/7533/3776 3864/7762/3890 4013/8015/4039
f 3949/8016/3975 3498/8017/3518 3782/8018/3808
f 4014/8019/4040 3943/7904/3969 3946/7907/3972
f 4013/8015/4039 3896/7818/3922 4014/8019/4040
f 4013/8015/4039 3864/7762/3890 3896/7818/3922
f 3956/7921/3982 4010/8004/4036 3941/8006/3967
f 3949/8020/3975 3944/7905/3970 4011/8008/4037
f 3943/7904/3969 4014/8019/4040 3896/7818/3922
f 3692/8021/3715 3582/7910/3605 3947/7909/3973
f 3950/7913/3976 3901/7832/3927 3866/7764/3892
f 3865/7763/3891 3867/8022/3893 3950/7913/3976
f 3654/7692/3677 3900/7830/3926 3724/7473/3748
f 3861/7825/3887 4015/8023/4041 3940/8024/3966
f 4016/8025/4042 3693/7609/3716 3692/7829/3715
f 4016/8026/4042 3951/7914/3977 3693/7820/3716
f 4017/8027/4043 3831/7827/3857 3899/7826/3925
f 3949/7919/3975 3945/8028/3971 3944/8029/3970
f 3861/7825/3887 3953/7916/3979 4015/8023/4041
f 4016/8026/4042 3954/7917/3980 3951/7914/3977
f 4018/8030/4044 3948/7911/3974 3954/7917/3980
f 3956/7921/3982 3958/7923/3984 4010/8004/4036
f 3904/7841/3930 3945/8028/3971 3949/7919/3975
f 3953/7920/3979 3907/7847/3933 4019/8031/4045
f 3959/8032/3985 3831/7827/3857 4017/8027/4043
f 3974/8033/4000 4020/8034/4046 4021/8035/4047
f 3966/7934/3992 4020/8036/4046 3974/8037/4000
f 3959/7924/3985 3832/7703/3858 3869/7769/3895
f 3958/7923/3984 3962/7930/3988 4022/8038/4048
f 3961/7926/3987 3873/7927/3899 4023/8039/4049
f 3974/8037/4000 3878/7787/3904 3966/7934/3992
f 3904/7929/3930 3800/7789/3826 3910/7851/3936
f 4024/8040/4050 3945/7939/3971 3904/8041/3930
f 4025/8042/4051 3963/8043/3989 3908/8044/3934
f 4026/8045/4052 3845/7725/3871 3835/7771/3861
f 4025/8046/4051 3908/7849/3934 3875/7784/3901
f 4027/8047/4053 3964/7932/3990 3963/7931/3989
f 4027/8047/4053 3965/7933/3991 3964/7932/3990
f 3956/8048/3982 3968/7937/3994 3957/7936/3983
f 3870/7775/3896 3871/7777/3897 3877/8049/3903
f 3945/7939/3971 4024/8040/4050 3969/7940/3995
f 4028/8050/4054 3909/7850/3935 3965/7933/3991
f 3909/7850/3935 4028/8050/4054 3911/7852/3937
f 3877/7786/3903 3967/7935/3993 3878/7787/3904
f 3911/7852/3937 4028/8050/4054 3841/7721/3867
f 3974/7948/4000 4029/8051/4055 3912/7946/3938
f 3912/7855/3938 4029/8052/4055 3874/7853/3900
f 3672/8053/3695 4030/8054/4056 3840/8055/3866
f 3840/8056/3866 4031/8057/4057 3387/8058/3407
f 3973/7947/3999 4032/8059/4058 3974/7948/4000
f 3841/7721/3867 4028/8050/4054 3842/7722/3868
f 2870/6184/2890 3608/7213/3631 3108/6185/3128
f 3777/7953/3803 3917/8060/3943 3977/7954/4003
f 4033/8061/4059 3962/7938/3988 3971/7942/3997
f 3844/7945/3870 3843/8062/3869 3981/7963/4007
f 3970/8063/3996 3969/8064/3995 3971/7942/3997
f 3962/7930/3988 4033/8065/4059 4034/8066/4060
f 3843/8062/3869 2985/7964/3005 3981/7963/4007
f 3916/7962/3942 4035/8067/4061 3846/7727/3872
f 3705/7418/3728 3979/8068/4005 3641/7279/3664
f 3975/7950/4001 3980/7961/4006 3912/7855/3938
f 3845/7725/3871 4036/8069/4062 3882/7793/3908
f 4035/8067/4061 3847/7728/3873 3846/7727/3872
f 3847/7728/3873 4037/8070/4063 3815/7669/3841
f 3882/8071/3908 4038/8072/4064 3817/7672/3843
f 3820/7677/3846 3985/7969/4011 2853/6970/2873
f 4039/8073/4065 3890/7808/3916 3991/7978/4017
f 3990/7977/4016 3890/7808/3916 4039/8073/4065
f 4040/8074/4066 3924/8075/3950 3997/8076/4023
f 4041/8077/4067 4042/8078/4068 3931/7886/3957
f 3993/8079/4019 4043/8080/4069 3926/8081/3952
f 3928/7883/3954 4002/7994/4028 4044/8082/4070
f 4042/8078/4068 3929/7884/3955 3931/7886/3957
f 3930/8083/3956 4045/8084/4071 3993/8079/4019
f 4045/8084/4071 4043/8080/4069 3993/8079/4019
f 3858/7990/3884 3925/8085/3951 4046/8086/4072
f 4047/8087/4073 3934/8088/3960 3929/7884/3955
f 4047/8087/4073 4007/8089/4033 3934/8088/3960
f 4004/7996/4030 3936/8090/3962 3895/7812/3921
f 3858/7990/3884 4046/8086/4072 4001/7993/4027
f 4003/7995/4029 3933/7888/3959 4048/8091/4074
f 3933/7888/3959 3935/7892/3961 4048/8091/4074
f 3894/7811/3920 3940/7900/3966 4049/8092/4075
f 4005/7997/4031 4009/8003/4035 3859/7760/3885
f 3713/7439/3736 3748/7525/3773 4050/8093/4076
f 3862/7756/3888 3751/7815/3776 4051/8094/4077
f 3937/8005/3963 4010/8004/4036 4052/8095/4078
f 3748/7525/3773 3948/7911/3974 4050/8093/4076
f 3946/7907/3972 3749/7819/3774 4053/8096/4079
f 4046/8086/4072 4021/8097/4047 4001/7993/4027
f 4050/8093/4076 3948/7911/3974 4054/8098/4080
f 3932/8009/3958 4055/8099/4081 3956/8010/3982
f 4001/8100/4027 4056/8101/4082 4057/8102/4083
f 3930/7891/3956 3945/7906/3971 4045/8103/4071
f 4051/8104/4077 3751/7533/3776 4013/8015/4039
f 3942/7903/3968 3955/7918/3981 3863/7759/3889
f 4001/8100/4027 4021/8035/4047 4056/8101/4082
f 4058/8105/4084 3961/7926/3987 4059/8106/4085
f 3952/7915/3978 3868/7767/3894 4060/8107/4086
f 4059/8106/4085 3961/7926/3987 4023/8039/4049
f 4010/8004/4036 3958/7923/3984 4061/8108/4087
f 4062/8109/4088 3974/8110/4000 4021/8111/4047
f 4021/8035/4047 4020/8034/4046 4063/8112/4089
f 3953/7920/3979 4019/8031/4045 4015/8113/4041
f 3955/7918/3981 4064/8114/4090 3570/7139/3593
f 4022/8038/4048 4061/8108/4087 3958/7923/3984
f 3907/7847/3933 3874/7781/3900 4019/8031/4045
f 3966/8115/3992 4065/8116/4091 4020/8034/4046
f 3599/8117/3622 3905/8118/3931 2662/8119/2680
f 4019/8031/4045 3874/7781/3900 4066/8120/4092
f 4027/8121/4053 3963/8043/3989 4025/8042/4051
f 3966/8115/3992 4067/8122/4093 4065/8116/4091
f 4068/8123/4094 3877/8049/3903 3871/7777/3897
f 3945/8124/3971 3970/8063/3996 4069/8125/4095
f 4070/8126/4096 3968/7937/3994 3956/8048/3982
f 4027/8047/4053 4028/8050/4054 3965/7933/3991
f 3967/7935/3993 4067/8127/4093 3966/7934/3992
f 4068/8128/4094 4067/8129/4093 3877/8130/3903
f 3875/7784/3901 3876/7785/3902 4025/8046/4051
f 4025/8042/4051 3876/8131/3902 4071/8132/4097
f 4067/8127/4093 3967/7935/3993 3877/7786/3903
f 3878/7787/3904 3974/8037/4000 4032/8133/4058
f 3840/8134/3866 4072/8135/4098 4031/8136/4057
f 3968/7937/3994 4069/8125/4095 3970/8063/3996
f 3971/7942/3997 3968/7937/3994 3970/8063/3996
f 3876/7785/3902 3711/7667/3734 4073/8137/4099
f 4034/8066/4060 4022/8038/4048 3962/7930/3988
f 3711/7432/3734 4074/8138/4100 4073/8139/4099
f 4032/8140/4058 3976/7957/4002 3878/8141/3904
f 4031/8057/4057 3917/8142/3943 3387/8058/3407
f 4024/8143/4050 4075/8144/4101 3969/8064/3995
f 3915/7859/3941 3978/7955/4004 3914/7858/3940
f 3973/7960/3999 4076/8145/4102 4032/8146/4058
f 3969/8064/3995 4077/8147/4103 3971/7942/3997
f 3975/7950/4001 4078/8148/4104 3980/7961/4006
f 3882/7793/3908 4036/8069/4062 4038/8149/4064
f 3744/7520/3769 4079/8150/4105 3818/7675/3844
f 3921/7870/3947 4080/8151/4106 3745/7868/3770
f 3745/7868/3770 4080/8151/4106 3852/8152/3878
f 3984/7968/4010 3884/7796/3910 3883/7795/3909
f 3821/7678/3847 3548/7679/3571 4081/8153/4107
f 3425/7799/3445 4082/8154/4108 3885/7797/3911
f 4083/8155/4109 3425/7799/3445 3886/7798/3912
f 3644/7286/3667 4084/8156/4110 3548/7088/3571
f 3119/8157/3139 3988/8158/4014 3923/8159/3949
f 3891/7804/3917 3889/7802/3915 4085/8160/4111
f 3994/7982/4020 3995/7983/4021 4086/8161/4112
f 4040/8074/4066 3991/8162/4017 3924/8075/3950
f 3999/7989/4025 4087/8163/4113 3993/7988/4019
f 3995/7983/4021 3993/7981/4019 4087/8164/4113
f 3997/8076/4023 3998/8165/4024 4088/8166/4114
f 3928/7883/3954 4044/8082/4070 4000/7992/4026
f 3998/8167/4024 4001/8168/4027 4088/8169/4114
f 4088/8169/4114 4001/8168/4027 4089/8170/4115
f 4002/7994/4028 4090/8171/4116 4044/8082/4070
f 4042/8078/4068 4047/8087/4073 3929/7884/3955
f 4043/8172/4069 3932/8173/3958 3926/8174/3952
f 4043/8172/4069 4091/8175/4117 3932/8173/3958
f 4092/8176/4118 3939/7898/3965 3938/7897/3964
f 3938/7897/3964 4093/8177/4119 4092/8176/4118
f 4092/8176/4118 3749/8178/3774 3939/7898/3965
f 4094/8179/4120 3826/8013/3852 4012/8012/4038
f 3938/7897/3964 3862/7756/3888 4095/8180/4121
f 4001/8168/4027 4057/8181/4083 4096/8182/4122
f 3862/8183/3888 4051/8184/4077 4095/8185/4121
f 4091/8186/4117 4097/8187/4123 3932/8188/3958
f 4046/8189/4072 4098/8190/4124 4021/8191/4047
f 4045/8192/4071 3945/8193/3971 4099/8194/4125
f 4098/8195/4124 4062/8109/4088 4021/8111/4047
f 4097/8187/4123 4055/8196/4081 3932/8188/3958
f 4058/8197/4084 4059/8198/4085 4100/8199/4126
f 3754/8200/3779 3498/8017/3518 3949/8016/3975
f 3946/7907/3972 4101/8201/4127 4014/8019/4040
f 4014/8019/4040 4101/8201/4127 4102/8202/4128
f 3948/7911/3974 4018/8030/4044 4054/8098/4080
f 4014/8019/4040 4103/8203/4129 4013/8015/4039
f 4014/8019/4040 4102/8202/4128 4103/8203/4129
f 3692/8021/3715 3947/7909/3973 4016/8204/4042
f 3754/8205/3779 3900/8206/3926 3654/8207/3677
f 4021/8035/4047 4063/8112/4089 4056/8101/4082
f 3899/7826/3925 3952/7915/3978 4060/8107/4086
f 4097/8208/4123 4104/8209/4130 4055/8210/4081
f 4055/8210/4081 4104/8209/4130 3956/8211/3982
f 3955/7918/3981 4105/8212/4131 4064/8114/4090
f 4018/8030/4044 3954/7917/3980 4106/8213/4132
f 3868/7767/3894 4107/8214/4133 4108/8215/4134
f 4016/8216/4042 4109/8217/4135 3954/8218/3980
f 3954/8218/3980 4109/8217/4135 4110/8219/4136
f 3340/6657/3360 4111/8220/4137 3793/7620/3819
f 4112/8221/4138 4113/8222/4139 4107/8214/4133
f 3725/8223/3749 4026/8045/4052 3835/7771/3861
f 4020/8034/4046 4065/8116/4091 4063/8112/4089
f 3956/8048/3982 4104/8224/4130 4070/8126/4096
f 4069/8225/4095 4114/8226/4140 3945/8227/3971
f 3960/7925/3986 4068/8123/4094 3871/7777/3897
f 3910/8228/3936 4115/8229/4141 3904/8041/3930
f 4068/8128/4094 4065/8230/4091 4067/8129/4093
f 3904/8041/3930 4115/8229/4141 4024/8040/4050
f 3874/7853/3900 4029/8052/4055 4066/8231/4092
f 3845/8232/3871 4022/8233/4048 4116/8234/4142
f 3845/7725/3871 4026/8045/4052 4022/8235/4048
f 3974/7948/4000 4117/8236/4143 4029/8051/4055
f 4024/8040/4050 4115/8229/4141 4118/8237/4144
f 3845/8232/3871 4116/8234/4142 4119/8238/4145
f 3876/7785/3902 4073/8137/4099 4071/8239/4097
f 4120/8240/4146 3972/7943/3998 3844/7945/3870
f 3840/8134/3866 4030/8241/4056 4072/8135/4098
f 4031/8136/4057 4030/8241/4056 3672/7952/3695
f 4030/8241/4056 4031/8136/4057 4072/8135/4098
f 3672/7952/3695 3977/7954/4003 4031/8136/4057
f 3977/7954/4003 3917/8060/3943 4031/8136/4057
f 3844/7945/3870 3981/7963/4007 4120/8240/4146
f 3842/7860/3868 4028/8242/4054 3915/7859/3941
f 3976/7957/4002 4032/8140/4058 3979/7958/4005
f 4035/8067/4061 4037/8070/4063 3847/7728/3873
f 4075/8144/4101 4077/8147/4103 3969/8064/3995
f 3975/7956/4001 3978/7955/4004 4121/8243/4147
f 3971/7942/3997 4122/8244/4148 4033/8061/4059
f 3980/7961/4006 4078/8148/4104 4123/8245/4149
f 3980/7961/4006 4124/8246/4150 3973/7960/3999
f 4077/8147/4103 4122/8244/4148 3971/7942/3997
f 3848/7731/3874 4125/8247/4151 3849/7732/3875
f 3711/7432/3734 3919/8248/3945 4074/8138/4100
f 3460/7587/3480 3358/8249/3378 3679/7358/3702
f 3711/7432/3734 3643/7515/3666 3919/8248/3945
f 3744/7520/3769 3678/7738/3701 4126/8250/4152
f 4126/8250/4152 4079/8150/4105 3744/7520/3769
f 3425/7799/3445 3240/7681/3260 4082/8154/4108
f 4082/8154/4108 4083/8155/4109 3885/7797/3911
f 3885/7797/3911 4083/8155/4109 3886/7798/3912
f 3644/7286/3667 3986/7970/4012 4084/8156/4110
f 3255/6488/3275 3922/7875/3948 3241/6458/3261
f 3176/6318/3196 4127/8251/4153 3139/6246/3159
f 2911/5759/2931 4128/8252/4154 3780/7591/3806
f 3988/7973/4014 4129/8253/4155 3068/7974/3088
f 3923/8254/3949 3988/7973/4014 3120/7972/3140
f 3887/7976/3913 3989/7975/4015 4130/8255/4156
f 3887/7976/3913 4130/8255/4156 3888/8256/3914
f 3994/7982/4020 4131/8257/4157 3931/7980/3957
f 3992/7979/4018 3891/7804/3917 4132/8258/4158
f 4131/8259/4157 4133/8260/4159 3931/8261/3957
f 4000/7992/4026 4044/8082/4070 4134/8262/4160
f 3893/7809/3919 4135/8263/4161 3860/7810/3886
f 4003/7995/4029 4136/8264/4162 4002/7994/4028
f 4042/8078/4068 4137/8265/4163 4047/8087/4073
f 3860/7750/3886 4138/8266/4164 4004/7996/4030
f 4001/8168/4027 4096/8182/4122 4089/8170/4115
f 4048/8091/4074 3935/7892/3961 4003/7995/4029
f 4139/8267/4165 4011/8268/4037 4007/8089/4033
f 4092/8176/4118 4053/8269/4079 3749/8178/3774
f 4005/7997/4031 4004/8270/4030 4009/8003/4035
f 3938/7897/3964 4095/8180/4121 4093/8177/4119
f 4096/8182/4122 4057/8181/4083 4140/8271/4166
f 3937/8272/3963 4052/8273/4078 3935/8274/3961
f 4097/8275/4123 4091/8175/4117 4141/8276/4167
f 4142/8277/4168 4098/8278/4124 4046/8086/4072
f 4053/8096/4079 4143/8279/4169 3946/7907/3972
f 4100/8199/4126 4059/8198/4085 4144/8280/4170
f 4056/8101/4082 4145/8281/4171 4057/8102/4083
f 4011/8008/4037 4146/8282/4172 3949/8020/3975
f 3946/7907/3972 4143/8279/4169 4101/8201/4127
f 4143/8279/4169 4099/8283/4125 4101/8201/4127
f 3950/7913/3976 3867/8022/3893 4147/8284/4173
f 3940/8285/3966 4015/8286/4041 4148/8287/4174
f 3949/8016/3975 4149/8288/4175 3754/8200/3779
f 4013/8015/4039 4150/8289/4176 4051/8104/4077
f 3829/7824/3855 4151/8290/4177 3867/7766/3893
f 4013/8015/4039 4103/8203/4129 4150/8289/4176
f 3900/7830/3926 4151/8291/4177 3829/7694/3855
f 3900/8206/3926 3754/8205/3779 4152/8292/4178
f 3945/8227/3971 4114/8226/4140 4099/8283/4125
f 4099/8283/4125 4114/8226/4140 4101/8201/4127
f 4101/8201/4127 4103/8203/4129 4102/8202/4128
f 4051/8293/4077 4150/8294/4176 4153/8295/4179
f 4010/8004/4036 4061/8108/4087 4154/8296/4180
f 3901/7832/3927 4155/8297/4181 3868/7833/3894
f 3868/7767/3894 4108/8215/4134 4060/8107/4086
f 4097/8298/4123 4150/8294/4176 4104/8299/4130
f 3954/7917/3980 4110/8300/4136 4106/8213/4132
f 4101/8201/4127 4114/8226/4140 4103/8203/4129
f 3629/7253/3652 3795/7622/3821 4156/8301/4182
f 4064/8114/4090 4105/8212/4131 3570/7139/3593
f 4016/8204/4042 4157/8302/4183 4109/8303/4135
f 4103/8203/4129 4114/8226/4140 4150/8289/4176
f 4107/8214/4133 4113/8222/4139 4108/8215/4134
f 4112/8221/4138 4107/8214/4133 4158/8304/4184
f 4104/8224/4130 4150/8305/4176 4070/8126/4096
f 4158/8304/4184 4113/8222/4139 4112/8221/4138
f 4022/8038/4048 4159/8306/4185 4061/8108/4087
f 3089/8307/3109 3905/8308/3931 4160/8309/4186
f 4114/8226/4140 4069/8225/4095 4150/8289/4176
f 4150/8305/4176 4069/8125/4095 4070/8126/4096
f 3630/8310/3653 4161/8311/4187 3062/8312/3082
f 4068/8128/4094 3960/8313/3986 4162/8314/4188
f 3092/8315/3112 4163/8316/4189 2593/8317/2611
f 4062/8318/4088 4117/8236/4143 3974/7948/4000
f 3062/8312/3082 4161/8311/4187 3673/8319/3696
f 3880/8320/3906 4164/8321/4190 3910/8322/3936
f 3880/8320/3906 3849/7732/3875 4165/8323/4191
f 3845/8232/3871 4119/8238/4145 4036/8324/4062
f 3979/7958/4005 4032/8140/4058 4166/8325/4192
f 3981/7963/4007 4167/8326/4193 4120/8240/4146
f 4034/8327/4060 4168/8328/4194 4169/8329/4195
f 4033/8330/4059 4168/8331/4194 4034/8332/4060
f 4123/8245/4149 4124/8246/4150 3980/7961/4006
f 4077/8333/4103 4170/8334/4196 4122/8335/4148
f 3712/7433/3735 4080/8151/4106 3919/7867/3945
f 3983/7967/4009 4171/8336/4197 3921/7870/3947
f 3921/7870/3947 4171/8336/4197 4080/8151/4106
f 3819/7676/3845 3984/7968/4010 3747/7523/3772
f 3297/8337/3317 3821/8338/3847 4172/8339/4198
f 3178/6320/3198 3549/7089/3572 3067/6634/3087
f 3068/7974/3088 4129/8253/4155 3177/8340/3197
f 3067/6490/3087 4128/8341/4154 2911/6491/2931
f 3889/7802/3915 3888/7801/3914 4085/8160/4111
f 3995/7983/4021 4173/8342/4199 4086/8161/4112
f 3995/7983/4021 4087/8164/4113 4173/8342/4199
f 3891/7804/3917 4085/8160/4111 4132/8258/4158
f 4133/8260/4159 4131/8259/4157 4174/8343/4200
f 3999/7989/4025 4175/8344/4201 4176/8345/4202
f 4133/8346/4159 4177/8347/4203 3931/7886/3957
f 3992/7979/4018 4178/8348/4204 3893/7809/3919
f 3931/7886/3957 4177/8347/4203 4041/8077/4067
f 4000/7992/4026 4175/8344/4201 3999/7989/4025
f 4090/8171/4116 4002/7994/4028 4136/8264/4162
f 4092/8349/4118 4179/8350/4205 4043/8351/4069
f 4089/8170/4115 4096/8182/4122 4180/8352/4206
f 4092/8353/4118 4045/8084/4071 4181/8354/4207
f 4092/8353/4118 4043/8080/4069 4045/8084/4071
f 4047/8087/4073 4139/8267/4165 4007/8089/4033
f 4179/8350/4205 4093/8355/4119 4043/8351/4069
f 4093/8356/4119 4095/8185/4121 4043/8172/4069
f 4095/8185/4121 4091/8175/4117 4043/8172/4069
f 4182/8357/4208 3894/7811/3920 4049/8092/4075
f 3936/8090/3962 4004/7996/4030 4005/8358/4031
f 4183/8359/4209 3823/8360/3849 4006/8361/4032
f 4184/8362/4210 4100/8363/4126 4144/8364/4170
f 4058/8197/4084 4100/8199/4126 4184/8365/4210
f 4095/8185/4121 4185/8366/4211 4091/8175/4117
f 4183/8359/4209 4186/8367/4212 3823/8360/3849
f 4186/8368/4212 4008/8369/4034 3823/8370/3849
f 4185/8366/4211 4141/8276/4167 4091/8175/4117
f 4187/8371/4213 4049/8372/4075 3940/8285/3966
f 4095/8185/4121 4051/8184/4077 4185/8366/4211
f 4045/8084/4071 4099/8373/4125 4188/8374/4214
f 4057/8102/4083 4189/8375/4215 4140/8376/4166
f 4008/8000/4034 4148/8287/4174 3947/8007/3973
f 4188/8377/4214 4099/8283/4125 4143/8279/4169
f 4153/8295/4179 4097/8298/4123 4141/8378/4167
f 4187/8371/4213 3940/8285/3966 4148/8287/4174
f 4189/8375/4215 4057/8102/4083 4145/8281/4171
f 4190/8379/4216 4062/8380/4088 4098/8381/4124
f 4155/8297/4181 3901/7832/3927 3950/7913/3976
f 4191/8382/4217 4149/8383/4175 3949/8384/3975
f 4151/8290/4177 4147/8385/4173 3867/7766/3893
f 4157/8302/4183 4016/8204/4042 3947/7909/3973
f 4149/8288/4175 4152/8386/4178 3754/8200/3779
f 3900/8206/3926 4152/8292/4178 4192/8387/4218
f 4097/8298/4123 4153/8295/4179 4150/8294/4176
f 3868/7767/3894 4155/8388/4181 4107/8214/4133
f 3903/8389/3929 2593/8390/2611 4193/8391/4219
f 4148/8392/4174 4015/8113/4041 4019/8031/4045
f 3899/7826/3925 4194/8393/4220 4017/8027/4043
f 4151/8291/4177 3900/7830/3926 4192/8394/4218
f 4017/8027/4043 4194/8393/4220 3959/8032/3985
f 4156/8301/4182 3795/7622/3821 3761/7552/3786
f 4195/8395/4221 3570/7139/3593 4105/8212/4131
f 4152/8292/4178 4196/8396/4222 4197/8397/4223
f 4149/8288/4175 4198/8398/4224 4196/8399/4222
f 4199/8400/4225 4110/8401/4136 4109/8303/4135
f 4107/8402/4133 4200/8403/4226 4158/8404/4184
f 4160/8405/4186 3340/8406/3360 3089/8407/3109
f 4195/8395/4221 4071/8132/4097 3570/7139/3593
f 4113/8408/4139 4158/8404/4184 4200/8403/4226
f 4113/8408/4139 4200/8403/4226 4201/8409/4227
f 4197/8410/4223 4196/8399/4222 4198/8398/4224
f 3311/7140/3331 3570/7139/3593 4071/8132/4097
f 4202/8411/4228 4029/8051/4055 4117/8236/4143
f 4070/8126/4096 4069/8125/4095 3968/7937/3994
f 4203/8412/4229 4028/8050/4054 4027/8047/4053
f 4204/8413/4230 4115/8229/4141 3910/8228/3936
f 4071/8414/4097 4073/8139/4099 4205/8415/4231
f 4167/8326/4193 3972/7943/3998 4120/8240/4146
f 4164/8321/4190 3880/8320/3906 4165/8323/4191
f 4169/8329/4195 4022/8233/4048 4034/8327/4060
f 3673/8319/3696 3608/8416/3631 2870/8417/2890
f 4206/8418/4232 3915/7859/3941 4028/8242/4054
f 4206/8418/4232 3978/7955/4004 3915/7859/3941
f 4207/8419/4233 3641/8420/3664 3979/7958/4005
f 4166/8325/4192 4207/8419/4233 3979/7958/4005
f 4121/8421/4147 4208/8422/4234 3975/7950/4001
f 4076/8145/4102 3973/7960/3999 4124/8246/4150
f 4209/8423/4235 4078/8148/4104 3975/7950/4001
f 4207/8419/4233 3358/8424/3378 3641/8420/3664
f 4170/8334/4196 4077/8333/4103 4210/8425/4236
f 4168/8426/4194 4033/8427/4059 4122/8428/4148
f 4211/8429/4237 4122/8335/4148 4212/8430/4238
f 4125/8247/4151 3848/7731/3874 3982/8431/4008
f 3981/7963/4007 3327/7965/3347 4167/8326/4193
f 4167/8326/4193 3327/7965/3347 4213/8432/4239
f 3712/7433/3735 3852/8152/3878 4080/8151/4106
f 3884/7796/3910 3984/7968/4010 4214/8433/4240
f 3884/7796/3910 4215/8434/4241 3920/7871/3946
f 3884/7796/3910 4216/8435/4242 4215/8434/4241
f 3013/5969/3033 4127/8251/4153 3854/7743/3880
f 3013/5969/3033 3139/6246/3159 4127/8251/4153
f 3067/6490/3087 3549/8436/3572 4128/8341/4154
f 3888/8256/3914 4130/8255/4156 4217/8437/4243
f 3991/8162/4017 4040/8074/4066 4039/8438/4065
f 3994/7982/4020 4218/8439/4244 4131/8257/4157
f 4087/8163/4113 3999/7989/4025 4219/8440/4245
f 4088/8166/4114 4220/8441/4246 3997/8076/4023
f 4000/7992/4026 4134/8262/4160 4175/8344/4201
f 3893/7809/3919 4178/8348/4204 4135/8263/4161
f 4044/8082/4070 4221/8442/4247 4134/8262/4160
f 4221/8442/4247 4044/8082/4070 4090/8171/4116
f 3894/7879/3920 4182/8443/4208 3925/7880/3951
f 3925/7880/3951 4182/8443/4208 4222/8444/4248
f 4094/8445/4120 4012/8446/4038 4223/8447/4249
f 4092/8349/4118 4093/8355/4119 4179/8350/4205
f 4092/8353/4118 4181/8354/4207 4053/8448/4079
f 4049/8092/4075 4186/8449/4212 4182/8357/4208
f 4053/8448/4079 4181/8354/4207 4188/8374/4214
f 3935/8274/3961 4052/8273/4078 4224/8450/4250
f 4049/8372/4075 4187/8371/4213 4186/8451/4212
f 4186/8451/4212 4187/8371/4213 4008/8000/4034
f 4053/8448/4079 4188/8374/4214 4143/8452/4169
f 4052/8095/4078 4010/8004/4036 4154/8296/4180
f 4141/8276/4167 4185/8366/4211 4153/8453/4179
f 4187/8371/4213 4148/8287/4174 4008/8000/4034
f 4185/8366/4211 4051/8184/4077 4153/8453/4179
f 4146/8454/4172 4225/8455/4251 3949/8384/3975
f 4145/8281/4171 4056/8101/4082 4063/8112/4089
f 3950/7913/3976 4147/8284/4173 4155/8297/4181
f 4148/8456/4174 4157/8302/4183 3947/7909/3973
f 4149/8288/4175 4196/8399/4222 4152/8386/4178
f 4060/8107/4086 4194/8393/4220 3899/7826/3925
f 4060/8107/4086 4226/8457/4252 4194/8393/4220
f 4060/8107/4086 4108/8215/4134 4226/8457/4252
f 4151/8290/4177 4227/8458/4253 4155/8459/4181
f 4151/8291/4177 4192/8394/4218 4227/8460/4253
f 4228/8461/4254 4198/8398/4224 4149/8288/4175
f 3761/7552/3786 3793/7620/3819 4156/8301/4182
f 4058/8105/4084 3960/7925/3986 3961/7926/3987
f 4107/8402/4133 4155/8462/4181 4200/8403/4226
f 3959/8032/3985 4194/8393/4220 4229/8463/4255
f 4155/8464/4181 4230/8465/4256 4231/8466/4257
f 4227/8467/4253 4230/8465/4256 4155/8464/4181
f 3793/7620/3819 4111/8220/4137 4156/8301/4182
f 4200/8403/4226 4231/8468/4257 4201/8409/4227
f 4198/8398/4224 4232/8469/4258 4197/8410/4223
f 4228/8470/4254 4232/8471/4258 4198/8472/4224
f 4063/8473/4089 4065/8474/4091 4233/8475/4259
f 3725/8223/3749 4234/8476/4260 4026/8045/4052
f 4022/8235/4048 4026/8045/4052 4234/8476/4260
f 4066/8231/4092 4029/8052/4055 4202/8477/4228
f 4115/8229/4141 4204/8413/4230 4118/8237/4144
f 4022/8233/4048 4235/8478/4261 4116/8234/4142
f 4235/8478/4261 4119/8238/4145 4116/8234/4142
f 4204/8413/4230 3910/8228/3936 4164/8479/4190
f 4118/8237/4144 4236/8480/4262 4024/8040/4050
f 4022/8233/4048 4169/8329/4195 4235/8478/4261
f 4203/8481/4229 4206/8418/4232 4028/8242/4054
f 4024/8040/4050 4236/8480/4262 4075/8482/4101
f 3849/7732/3875 4125/8247/4151 4165/8323/4191
f 3916/7862/3942 4237/8483/4263 4035/8484/4061
f 4206/8418/4232 4121/8243/4147 3978/7955/4004
f 4078/8148/4104 4209/8423/4235 4123/8245/4149
f 4238/8485/4264 3919/7867/3945 4080/8151/4106
f 3490/7518/3510 4239/8486/4265 3743/7519/3768
f 3743/7519/3768 4239/8486/4265 3819/7676/3845
f 4239/8486/4265 4240/8487/4266 3819/7676/3845
f 4240/8487/4266 4241/8488/4267 3819/7676/3845
f 3819/7676/3845 4241/8488/4267 3984/7968/4010
f 4214/8433/4240 4242/8489/4268 3884/7796/3910
f 4243/8490/4269 3920/7871/3946 4215/8434/4241
f 4242/8489/4268 4216/8435/4242 3884/7796/3910
f 3200/7680/3220 4244/8491/4270 3240/7681/3260
f 4084/8156/4110 3986/7970/4012 3987/7971/4013
f 3922/7875/3948 3779/7589/3805 3361/6697/3381
f 3780/7591/3806 4245/8492/4271 3119/7288/3139
f 4218/8439/4244 3994/7982/4020 4086/8161/4112
f 4217/8493/4243 4085/8160/4111 3888/7801/3914
f 4087/8164/4113 4219/8494/4245 4173/8342/4199
f 3997/8076/4023 4246/8495/4272 4040/8074/4066
f 4132/8258/4158 4178/8348/4204 3992/7979/4018
f 4247/8496/4273 4135/8263/4161 4178/8348/4204
f 4041/8077/4067 4248/8497/4274 4042/8078/4068
f 4088/8169/4114 4089/8170/4115 4249/8498/4275
f 4090/8171/4116 4250/8499/4276 4221/8442/4247
f 4090/8171/4116 4136/8264/4162 4250/8499/4276
f 3925/8085/3951 4222/8500/4248 4251/8501/4277
f 4094/8445/4120 4252/8502/4278 3826/8503/3852
f 4004/8270/4030 4253/8504/4279 4009/8003/4035
f 4182/8505/4208 4186/8367/4212 4183/8359/4209
f 3925/8085/3951 4251/8501/4277 4046/8086/4072
f 4140/8271/4166 4254/8506/4280 4096/8182/4122
f 4184/8362/4210 4255/8507/4281 4058/8508/4084
f 3713/7439/3736 4050/8093/4076 4006/7998/4032
f 4045/8084/4071 4188/8374/4214 4181/8354/4207
f 4011/8268/4037 4256/8509/4282 4146/8510/4172
f 4098/8381/4124 4142/8511/4168 4257/8512/4283
f 4054/8098/4080 4018/8030/4044 4258/8513/4284
f 3949/8384/3975 4225/8455/4251 4191/8382/4217
f 4191/8382/4217 4225/8455/4251 4149/8383/4175
f 4023/8514/4049 4259/8515/4285 4059/8516/4085
f 4151/8290/4177 4155/8459/4181 4147/8385/4173
f 4260/8517/4286 4228/8461/4254 4149/8288/4175
f 4194/8393/4220 4226/8457/4252 4229/8463/4255
f 4231/8468/4257 4200/8403/4226 4155/8462/4181
f 4157/8302/4183 4148/8456/4174 4066/8518/4092
f 4019/8519/4045 4066/8518/4092 4148/8456/4174
f 4199/8400/4225 4261/8520/4287 4110/8401/4136
f 4108/8215/4134 4113/8222/4139 4226/8457/4252
f 3340/8521/3360 4160/8522/4186 4262/8523/4288
f 4195/8395/4221 4263/8524/4289 4071/8132/4097
f 3811/8525/3837 4264/8526/4290 3873/8527/3899
f 3811/8528/3837 3832/8529/3858 4264/8530/4290
f 4227/8531/4253 4265/8532/4291 4230/8533/4256
f 4071/8132/4097 4263/8524/4289 4025/8042/4051
f 4065/8230/4091 4266/8534/4292 4162/8314/4188
f 4065/8474/4091 4162/8535/4188 4233/8475/4259
f 4068/8128/4094 4266/8534/4292 4065/8230/4091
f 4068/8128/4094 4162/8314/4188 4266/8534/4292
f 4027/8047/4053 4267/8536/4293 4203/8412/4229
f 4204/8413/4230 4164/8479/4190 4118/8237/4144
f 4073/8139/4099 4074/8138/4100 4205/8415/4231
f 4035/8484/4061 4237/8483/4263 4037/8537/4063
f 4037/8537/4063 4237/8483/4263 4268/8538/4294
f 4037/8070/4063 4268/8539/4294 3815/7669/3841
f 4077/8147/4103 4075/8144/4101 4210/8540/4236
f 4208/8422/4234 4209/8423/4235 3975/7950/4001
f 4170/8334/4196 4210/8425/4236 4269/8541/4295
f 4124/8246/4150 4270/8542/4296 4076/8145/4102
f 4122/8428/4148 4211/8543/4237 4168/8426/4194
f 4242/8489/4268 4271/8544/4297 4216/8435/4242
f 4082/8154/4108 4272/8545/4298 4083/8155/4109
f 4081/8153/4107 3548/7679/3571 4273/8546/4299
f 4084/8156/4110 3987/7971/4013 3854/7743/3880
f 4274/8547/4300 3176/6318/3196 3177/6319/3197
f 4128/8252/4154 4245/8492/4271 3780/7591/3806
f 4130/8255/4156 3989/7975/4015 3990/7977/4016
f 4275/8548/4301 4039/8438/4065 4040/8074/4066
f 3990/7977/4016 4039/8073/4065 4275/8549/4301
f 4218/8439/4244 4174/8550/4200 4131/8257/4157
f 4276/8551/4302 4277/8552/4303 4177/8347/4203
f 4247/8496/4273 4178/8348/4204 4132/8258/4158
f 4277/8552/4303 4041/8077/4067 4177/8347/4203
f 4220/8553/4246 4088/8169/4114 4249/8498/4275
f 4248/8497/4274 4278/8554/4304 4042/8078/4068
f 4135/8263/4161 4138/8555/4164 3860/7810/3886
f 4089/8170/4115 4180/8352/4206 4279/8556/4305
f 4280/8557/4306 4139/8267/4165 4047/8087/4073
f 4006/8361/4032 4182/8505/4208 4183/8359/4209
f 4281/8558/4307 4011/8268/4037 4139/8267/4165
f 4282/8559/4308 4142/8277/4168 4046/8086/4072
f 4192/8387/4218 4152/8292/4178 4283/8560/4309
f 4154/8296/4180 4061/8108/4087 4284/8561/4310
f 4260/8562/4286 4232/8471/4258 4228/8470/4254
f 4192/8387/4218 4285/8563/4311 4227/8564/4253
f 4157/8302/4183 4066/8518/4092 4199/8400/4225
f 4199/8400/4225 4109/8303/4135 4157/8302/4183
f 4226/8457/4252 4113/8222/4139 4229/8463/4255
f 4111/8220/4137 3340/6657/3360 4262/8565/4288
f 4263/8524/4289 4195/8395/4221 4267/8566/4293
f 4263/8524/4289 4267/8566/4293 4025/8042/4051
f 4267/8566/4293 4027/8121/4053 4025/8042/4051
f 4163/8316/4189 3092/8315/3112 3972/8567/3998
f 4235/8478/4261 4169/8329/4195 4286/8568/4312
f 4287/8569/4313 4210/8540/4236 4075/8144/4101
f 4288/8570/4314 4166/8325/4192 4032/8140/4058
f 4288/8570/4314 4207/8419/4233 4166/8325/4192
f 4288/8570/4314 4032/8140/4058 4076/8571/4102
f 4270/8542/4296 4124/8246/4150 4123/8245/4149
f 4079/8150/4105 3985/7969/4011 3818/7675/3844
f 4289/8572/4315 3984/7968/4010 4241/8488/4267
f 4290/8573/4316 3920/8574/3946 4243/8575/4269
f 4215/8434/4241 4216/8435/4242 4271/8544/4297
f 3240/7681/3260 4272/8545/4298 4082/8154/4108
f 3548/8576/3571 4084/8577/4110 4273/8578/4299
f 3255/6488/3275 3610/7216/3633 3922/7875/3948
f 3177/8340/3197 4129/8253/4155 4274/8579/4300
f 3999/7989/4025 4176/8345/4202 4291/8580/4317
f 4246/8495/4272 3997/8076/4023 4220/8441/4246
f 4133/8346/4159 4276/8551/4302 4177/8347/4203
f 4277/8552/4303 4248/8497/4274 4041/8077/4067
f 4292/8581/4318 4042/8078/4068 4278/8554/4304
f 4249/8498/4275 4089/8170/4115 4279/8556/4305
f 4042/8078/4068 4292/8581/4318 4137/8265/4163
f 4137/8265/4163 4280/8557/4306 4047/8087/4073
f 4003/7995/4029 3935/7892/3961 4293/8582/4319
f 4222/8500/4248 4182/8583/4208 4294/8584/4320
f 4222/8500/4248 4294/8584/4320 4251/8501/4277
f 4006/8361/4032 4294/8585/4320 4182/8505/4208
f 4096/8182/4122 4254/8506/4280 4180/8352/4206
f 4251/8501/4277 4282/8559/4308 4046/8086/4072
f 4253/8504/4279 4295/8586/4321 4009/8003/4035
f 4281/8558/4307 4256/8509/4282 4011/8268/4037
f 4224/8450/4250 4052/8273/4078 4296/8587/4322
f 4257/8588/4283 4142/8277/4168 4282/8559/4308
f 4052/8273/4078 4154/8589/4180 4296/8587/4322
f 4050/8093/4076 4054/8098/4080 4297/8590/4323
f 4252/8591/4278 3725/7474/3749 3826/7689/3852
f 4009/8003/4035 4298/8592/4324 3942/7903/3968
f 4146/8454/4172 4299/8593/4325 4225/8455/4251
f 4054/8098/4080 4258/8513/4284 4297/8590/4323
f 4299/8593/4325 4300/8594/4326 4225/8455/4251
f 4145/8595/4171 4063/8473/4089 4301/8596/4327
f 4225/8597/4251 4260/8517/4286 4149/8288/4175
f 4302/8598/4328 4154/8296/4180 4284/8561/4310
f 3955/7918/3981 4298/8592/4324 4105/8212/4131
f 4018/8030/4044 4106/8213/4132 4258/8513/4284
f 4258/8513/4284 4106/8213/4132 4261/8599/4287
f 4062/8318/4088 4190/8600/4216 4117/8236/4143
f 4261/8599/4287 4106/8213/4132 4110/8300/4136
f 3960/8313/3986 4303/8601/4329 4162/8314/4188
f 4061/8108/4087 4159/8306/4185 4284/8561/4310
f 4066/8518/4092 4261/8520/4287 4199/8400/4225
f 4159/8306/4185 4022/8038/4048 4304/8602/4330
f 4022/8235/4048 4234/8476/4260 4304/8603/4330
f 4118/8237/4144 4164/8479/4190 4236/8480/4262
f 4164/8321/4190 4165/8323/4191 4236/8604/4262
f 4169/8605/4195 4168/8606/4194 4305/8607/4331
f 4209/8423/4235 4270/8542/4296 4123/8245/4149
f 4211/8543/4237 4306/8608/4332 4168/8426/4194
f 4306/8608/4332 4211/8543/4237 4212/8609/4238
f 3358/8249/3378 4307/8610/4333 3679/7358/3702
f 3982/7966/4008 3850/7734/3876 4308/8611/4334
f 3327/7965/3347 3297/8612/3317 4213/8432/4239
f 4213/8613/4239 3297/8337/3317 4172/8339/4198
f 3983/8614/4009 3920/8574/3946 4290/8573/4316
f 3984/7968/4010 4289/8572/4315 4309/8615/4335
f 4214/8433/4240 3984/7968/4010 4310/8616/4336
f 3985/7969/4011 3853/7741/3879 2854/7740/2874
f 3854/8617/3880 4127/8618/4153 4084/8577/4110
f 4245/8619/4271 4311/8620/4337 3119/8157/3139
f 3119/8157/3139 4311/8620/4337 3988/8158/4014
f 4086/8161/4112 4312/8621/4338 4218/8439/4244
f 4219/8440/4245 4313/8622/4339 4173/8623/4199
f 3999/7989/4025 4313/8622/4339 4219/8440/4245
f 3999/7989/4025 4291/8580/4317 4313/8622/4339
f 4132/8258/4158 4314/8624/4340 4247/8496/4273
f 4314/8624/4340 4135/8263/4161 4247/8496/4273
f 4220/8441/4246 4249/8625/4275 4315/8626/4341
f 4138/8266/4164 4316/8627/4342 4004/7996/4030
f 4251/8501/4277 4294/8584/4320 4317/8628/4343
f 3935/8274/3961 4224/8450/4250 4293/8629/4319
f 4006/7998/4032 4050/8093/4076 4294/8630/4320
f 4294/8584/4320 4050/8631/4076 4317/8628/4343
f 4317/8628/4343 4282/8559/4308 4251/8501/4277
f 4012/8012/4038 3629/8014/3652 4318/8632/4344
f 4297/8590/4323 4317/8633/4343 4050/8093/4076
f 4295/8586/4321 4298/8592/4324 4009/8003/4035
f 4189/8634/4215 4319/8635/4345 4140/8636/4166
f 4297/8590/4323 4258/8513/4284 4317/8633/4343
f 4189/8634/4215 4145/8595/4171 4319/8635/4345
f 3942/7903/3968 4298/8592/4324 3955/7918/3981
f 4257/8512/4283 4190/8379/4216 4098/8381/4124
f 4059/8516/4085 4259/8515/4285 4320/8637/4346
f 4233/8475/4259 4301/8596/4327 4063/8473/4089
f 4321/8638/4347 4195/8395/4221 4105/8212/4131
f 4258/8513/4284 4261/8599/4287 4202/8639/4228
f 4192/8387/4218 4283/8560/4309 4285/8563/4311
f 4152/8292/4178 4197/8397/4223 4283/8560/4309
f 4160/8309/4186 3905/8308/3931 4322/8640/4348
f 4261/8641/4287 4066/8642/4092 4202/8643/4228
f 4023/8514/4049 4323/8644/4349 4259/8515/4285
f 4227/8564/4253 4285/8563/4311 4265/8645/4291
f 4111/8220/4137 4324/8646/4350 4156/8301/4182
f 3873/8527/3899 4323/8644/4349 4023/8514/4049
f 3725/8223/3749 4325/8647/4351 4234/8476/4260
f 4119/8238/4145 4325/8648/4351 4326/8649/4352
f 4203/8481/4229 4327/8650/4353 4206/8418/4232
f 4119/8238/4145 4326/8649/4352 4036/8324/4062
f 4165/8323/4191 4328/8651/4354 4329/8652/4355
f 4236/8480/4262 4329/8653/4355 4075/8482/4101
f 4165/8323/4191 4125/8247/4151 4328/8651/4354
f 4209/8423/4235 4208/8422/4234 4330/8654/4356
f 4036/8069/4062 4331/8655/4357 4038/8149/4064
f 3815/7669/3841 4332/8656/4358 3678/7356/3701
f 3817/7672/3843 4038/8072/4064 4333/8657/4359
f 4080/8151/4106 4171/8336/4197 4238/8485/4264
f 4334/8658/4360 3983/8614/4009 4290/8573/4316
f 4241/8488/4267 4335/8659/4361 4289/8572/4315
f 4215/8434/4241 4271/8544/4297 4336/8660/4362
f 3200/8661/3220 3853/8662/3879 4337/8663/4363
f 4244/8491/4270 3200/7680/3220 4337/8664/4363
f 3610/7874/3633 3425/7873/3445 4338/8665/4364
f 3176/8666/3196 4274/8579/4300 4127/8667/4153
f 4339/8668/4365 4128/8669/4154 3549/8670/3572
f 4217/8437/4243 4130/8255/4156 4340/8671/4366
f 4340/8672/4366 4085/8160/4111 4217/8493/4243
f 4291/8580/4317 4176/8345/4202 4134/8262/4160
f 4134/8262/4160 4176/8345/4202 4175/8344/4201
f 4341/8673/4367 4314/8624/4340 4132/8258/4158
f 4134/8262/4160 4221/8442/4247 4250/8499/4276
f 4342/8674/4368 4137/8265/4163 4292/8581/4318
f 4250/8499/4276 4136/8264/4162 4003/7995/4029
f 4282/8559/4308 4317/8628/4343 4257/8588/4283
f 4256/8509/4282 4299/8675/4325 4146/8510/4172
f 4317/8633/4343 4190/8379/4216 4257/8512/4283
f 4258/8513/4284 4190/8379/4216 4317/8633/4343
f 4202/8639/4228 4190/8379/4216 4258/8513/4284
f 4117/8236/4143 4190/8600/4216 4202/8411/4228
f 4343/8676/4369 3960/8313/3986 4058/8677/4084
f 4322/8678/4348 4262/8523/4288 4160/8522/4186
f 4344/8679/4370 3832/7703/3858 3959/7924/3985
f 4345/8680/4371 4113/8408/4139 4201/8409/4227
f 4345/8680/4371 4201/8409/4227 4231/8468/4257
f 4304/8681/4330 4325/8648/4351 4119/8238/4145
f 4304/8681/4330 4119/8238/4145 4235/8478/4261
f 4329/8652/4355 4236/8604/4262 4165/8323/4191
f 4346/8682/4372 4074/8683/4100 3919/8684/3945
f 4347/8685/4373 4206/8418/4232 4327/8650/4353
f 4348/8686/4374 3815/8687/3841 4268/8688/4294
f 4347/8685/4373 4121/8243/4147 4206/8418/4232
f 4349/8689/4375 4168/8426/4194 4306/8608/4332
f 4350/8690/4376 3983/8691/4009 4334/8692/4360
f 4350/8693/4376 4171/8336/4197 3983/7967/4009
f 4351/8694/4377 4289/8572/4315 4335/8659/4361
f 4352/8695/4378 3985/8696/4011 4079/8697/4105
f 4243/8575/4269 4353/8698/4379 4290/8573/4316
f 4337/8664/4363 3240/7681/3260 4244/8491/4270
f 4354/8699/4380 3549/7590/3572 3779/7589/3805
f 4086/8161/4112 4355/8700/4381 4356/8701/4382
f 4218/8439/4244 4312/8621/4338 4174/8550/4200
f 4086/8161/4112 4173/8342/4199 4355/8700/4381
f 4133/8260/4159 4174/8343/4200 4357/8702/4383
f 4133/8346/4159 4277/8552/4303 4276/8551/4302
f 4220/8441/4246 4315/8626/4341 4246/8495/4272
f 4314/8624/4340 4341/8673/4367 4135/8263/4161
f 4134/8262/4160 4250/8499/4276 4358/8703/4384
f 4135/8263/4161 4316/8704/4342 4138/8555/4164
f 4137/8265/4163 4342/8674/4368 4280/8557/4306
f 4250/8499/4276 4003/7995/4029 4293/8582/4319
f 4223/8447/4249 4012/8446/4038 4318/8705/4344
f 4318/8706/4344 3629/8707/3652 4359/8708/4385
f 3629/8709/3652 4156/8710/4182 4359/8711/4385
f 4322/8678/4348 4360/8712/4386 4262/8523/4288
f 4321/8638/4347 4267/8566/4293 4195/8395/4221
f 4260/8562/4286 4361/8713/4387 4232/8471/4258
f 4111/8714/4137 4262/8523/4288 4324/8715/4350
f 4071/8132/4097 4362/8716/4388 3311/7140/3331
f 3873/8527/3899 4264/8526/4290 4323/8644/4349
f 4232/8471/4258 4363/8717/4389 4364/8718/4390
f 4304/8603/4330 4234/8476/4260 4325/8647/4351
f 4233/8475/4259 4162/8535/4188 4365/8719/4391
f 4304/8720/4392 4366/8721/4393 4367/8722/4394
f 4325/8723/4395 4367/8722/4394 4366/8721/4393
f 4304/8681/4330 4235/8478/4261 4368/8724/4396
f 4163/8725/4189 3972/8726/3998 4167/8727/4193
f 4369/8728/4397 4327/8650/4353 4203/8481/4229
f 4286/8568/4312 4169/8329/4195 4305/8729/4331
f 4329/8653/4355 4287/8730/4313 4075/8482/4101
f 4305/8731/4331 4168/8426/4194 4370/8732/4398
f 4287/8733/4313 4269/8541/4295 4210/8425/4236
f 3815/8687/3841 4348/8686/4374 4332/8734/4358
f 4208/8422/4234 4371/8735/4399 4330/8654/4356
f 3358/8249/3378 4207/8736/4233 4307/8610/4333
f 3678/8737/3701 4332/8738/4358 4126/8739/4152
f 4372/8740/4400 4373/8741/4401 4271/8544/4297
f 4373/8741/4401 4336/8660/4362 4271/8544/4297
f 4127/8667/4153 4274/8579/4300 4374/8742/4402
f 4339/8743/4365 4245/8492/4271 4128/8252/4154
f 3990/7977/4016 4275/8549/4301 4130/8255/4156
f 4085/8160/4111 4341/8673/4367 4132/8258/4158
f 4133/8346/4159 4357/8744/4383 4277/8552/4303
f 4134/8262/4160 4375/8745/4403 4291/8580/4317
f 4248/8497/4274 4277/8552/4303 4278/8554/4304
f 4249/8498/4275 4376/8746/4404 4315/8747/4341
f 4135/8263/4161 4377/8748/4405 4316/8704/4342
f 4358/8703/4384 4375/8745/4403 4134/8262/4160
f 4249/8498/4275 4279/8556/4305 4376/8746/4404
f 4279/8556/4305 4378/8749/4406 4376/8746/4404
f 4316/8627/4342 4377/8750/4405 4004/7996/4030
f 4184/8362/4210 4144/8364/4170 4255/8507/4281
f 4280/8557/4306 4379/8751/4407 4139/8267/4165
f 4281/8558/4307 4139/8267/4165 4380/8752/4408
f 4254/8506/4280 4381/8753/4409 4180/8352/4206
f 4293/8629/4319 4224/8450/4250 4382/8754/4410
f 4224/8450/4250 4296/8587/4322 4382/8754/4410
f 4140/8271/4166 4319/8755/4345 4254/8506/4280
f 4256/8509/4282 4383/8756/4411 4299/8675/4325
f 4154/8589/4180 4384/8757/4412 4296/8587/4322
f 4059/8516/4085 4320/8637/4346 4144/8758/4170
f 4154/8296/4180 4302/8598/4328 4384/8759/4412
f 4145/8595/4171 4301/8596/4327 4319/8635/4345
f 4225/8760/4251 4300/8761/4326 4385/8762/4413
f 4225/8760/4251 4385/8762/4413 4260/8562/4286
f 4298/8592/4324 4321/8638/4347 4105/8212/4131
f 4301/8596/4327 4233/8475/4259 4386/8763/4414
f 3960/8313/3986 4343/8676/4369 4303/8601/4329
f 4232/8471/4258 4361/8713/4387 4363/8717/4389
f 3149/6949/3169 3311/6948/3331 4387/8764/4415
f 4159/8306/4185 4388/8765/4416 4284/8561/4310
f 4159/8306/4185 4304/8602/4330 4388/8765/4416
f 2593/8390/2611 4163/8725/4189 4193/8391/4219
f 4203/8766/4229 4267/8767/4293 4389/8768/4417
f 4071/8414/4097 4205/8415/4231 4390/8769/4418
f 4235/8478/4261 4286/8568/4312 4368/8724/4396
f 3673/8319/3696 4391/8770/4419 3608/8416/3631
f 4268/8538/4294 4237/8483/4263 4392/8771/4420
f 4268/8772/4294 4392/8773/4420 4348/8774/4374
f 4288/8570/4314 4393/8775/4421 4207/8419/4233
f 4347/8685/4373 4394/8776/4422 4121/8243/4147
f 4349/8689/4375 4370/8732/4398 4168/8426/4194
f 4269/8541/4295 4395/8777/4423 4170/8334/4196
f 4209/8423/4235 4396/8778/4424 4270/8542/4296
f 4395/8777/4423 4397/8779/4425 4170/8334/4196
f 4038/8072/4064 4331/8780/4357 4333/8657/4359
f 4126/8739/4152 4352/8695/4378 4079/8697/4105
f 4240/8487/4266 4335/8659/4361 4241/8488/4267
f 4214/8433/4240 4398/8781/4426 4242/8489/4268
f 4271/8544/4297 4242/8489/4268 4372/8740/4400
f 3985/8696/4011 4399/8782/4427 3853/8783/3879
f 4243/8490/4269 4215/8434/4241 4336/8660/4362
f 4354/8784/4380 4400/8785/4428 3549/8786/3572
f 4129/8253/4155 4401/8787/4429 4274/8579/4300
f 4311/8788/4337 4129/8253/4155 3988/7973/4014
f 4277/8552/4303 4402/8789/4430 4403/8790/4431
f 4357/8702/4383 4402/8791/4430 4277/8792/4303
f 4341/8673/4367 4377/8748/4405 4135/8263/4161
f 4278/8554/4304 4342/8674/4368 4292/8581/4318
f 4342/8674/4368 4379/8751/4407 4280/8557/4306
f 4250/8499/4276 4293/8582/4319 4358/8703/4384
f 4279/8556/4305 4180/8352/4206 4404/8793/4432
f 4004/7996/4030 4377/8750/4405 4253/8794/4279
f 4404/8793/4432 4180/8352/4206 4381/8753/4409
f 4293/8629/4319 4382/8754/4410 4405/8795/4433
f 4260/8562/4286 4406/8796/4434 4361/8713/4387
f 1835/8797/1847 3903/8798/3929 3599/8799/3622
f 4113/8408/4139 4345/8680/4371 4229/8800/4255
f 4232/8471/4258 4407/8801/4435 4197/8802/4223
f 4323/8644/4349 4264/8526/4290 4259/8515/4285
f 4230/8465/4256 4345/8803/4371 4231/8466/4257
f 4233/8475/4259 4365/8719/4391 4386/8763/4414
f 4389/8804/4417 4369/8728/4397 4203/8481/4229
f 4346/8805/4372 4408/8806/4436 4074/8807/4100
f 4346/8682/4372 3919/8684/3945 4409/8808/4437
f 4329/8809/4355 4410/8810/4438 4287/8811/4313
f 4393/8775/4421 4411/8812/4439 4207/8419/4233
f 4305/8731/4331 4370/8732/4398 4412/8813/4440
f 4287/8733/4313 4410/8814/4438 4269/8541/4295
f 4122/8335/4148 4413/8815/4441 4212/8430/4238
f 3850/7734/3876 4414/8816/4442 4308/8611/4334
f 4334/8658/4360 4290/8573/4316 4415/8817/4443
f 4351/8694/4377 4416/8818/4444 4289/8572/4315
f 4335/8659/4361 4417/8819/4445 4351/8694/4377
f 4289/8572/4315 4416/8818/4444 4309/8615/4335
f 3984/7968/4010 4309/8615/4335 4310/8616/4336
f 4372/8740/4400 4242/8489/4268 4418/8820/4446
f 4336/8821/4362 4419/8822/4447 4420/8823/4448
f 4084/8577/4110 4127/8618/4153 4421/8824/4449
f 4374/8825/4402 4421/8824/4449 4127/8618/4153
f 3610/7216/3633 4338/8826/4364 3922/7875/3948
f 4401/8787/4429 4374/8742/4402 4274/8579/4300
f 4339/8827/4365 4422/8828/4450 4245/8829/4271
f 3549/8670/3572 4423/8830/4451 4339/8668/4365
f 4130/8255/4156 4275/8549/4301 4340/8671/4366
f 4174/8550/4200 4312/8621/4338 4424/8831/4452
f 4173/8342/4199 4425/8832/4453 4355/8700/4381
f 4357/8702/4383 4174/8343/4200 4424/8833/4452
f 4291/8580/4317 4375/8745/4403 4426/8834/4454
f 4403/8790/4431 4278/8554/4304 4277/8552/4303
f 4378/8749/4406 4279/8556/4305 4427/8835/4455
f 4094/8445/4120 4223/8447/4249 4428/8836/4456
f 4379/8751/4407 4380/8752/4408 4139/8267/4165
f 4405/8795/4433 4382/8754/4410 4429/8837/4457
f 4295/8586/4321 4430/8838/4458 4298/8592/4324
f 4385/8762/4413 4300/8761/4326 4299/8839/4325
f 4360/8712/4386 4324/8715/4350 4262/8523/4288
f 4264/8530/4290 3832/8529/3858 4344/8840/4370
f 3959/7924/3985 4229/8841/4255 4344/8679/4370
f 4197/8397/4223 4407/8842/4435 4283/8560/4309
f 4388/8765/4416 4304/8602/4330 4368/8843/4396
f 4303/8601/4329 4365/8844/4391 4162/8314/4188
f 4390/8845/4418 4205/8846/4231 4431/8847/4459
f 4161/8311/4187 4391/8770/4419 3673/8319/3696
f 4391/8770/4419 4432/8848/4460 3608/8416/3631
f 4408/8806/4436 4346/8805/4372 4409/8849/4437
f 4205/8846/4231 4074/8850/4100 4433/8851/4461
f 4121/8421/4147 4371/8735/4399 4208/8422/4234
f 4288/8570/4314 4076/8571/4102 4434/8852/4462
f 4370/8732/4398 4349/8689/4375 4435/8853/4463
f 4209/8423/4235 4330/8654/4356 4436/8854/4464
f 4436/8855/4464 4396/8856/4424 4209/8857/4235
f 4213/8432/4239 4437/8858/4465 4167/8326/4193
f 4170/8334/4196 4413/8815/4441 4122/8335/4148
f 4125/8859/4151 3982/8860/4008 4438/8861/4466
f 4332/8738/4358 4352/8695/4378 4126/8739/4152
f 4334/8658/4360 4415/8817/4443 4439/8862/4467
f 4351/8694/4377 4417/8819/4445 4440/8863/4468
f 4415/8817/4443 4290/8573/4316 4353/8698/4379
f 4398/8781/4426 4214/8433/4240 4310/8616/4336
f 4441/8864/4469 4418/8820/4446 4398/8781/4426
f 4398/8781/4426 4418/8820/4446 4242/8489/4268
f 4372/8740/4400 4418/8820/4446 4373/8741/4401
f 4373/8741/4401 4419/8865/4447 4336/8660/4362
f 4336/8821/4362 4420/8823/4448 4243/8866/4269
f 3240/7681/3260 4337/8664/4363 4272/8545/4298
f 4083/8867/4109 4442/8868/4470 3425/8869/3445
f 3425/7873/3445 4442/8870/4470 4338/8665/4364
f 3922/7875/3948 4354/8699/4380 3779/7589/3805
f 4354/8699/4380 4443/8871/4471 4400/8872/4428
f 3549/8670/3572 4444/8873/4472 4423/8830/4451
f 4445/8874/4473 4401/8787/4429 4129/8253/4155
f 4423/8875/4451 4422/8876/4450 4339/8877/4365
f 4422/8828/4450 4311/8878/4337 4245/8829/4271
f 4356/8701/4382 4355/8700/4381 4446/8879/4474
f 4341/8673/4367 4447/8880/4475 4377/8748/4405
f 4293/8582/4319 4448/8881/4476 4358/8703/4384
f 4293/8629/4319 4405/8795/4433 4448/8882/4476
f 4377/8750/4405 4295/8883/4321 4253/8794/4279
f 4319/8755/4345 4449/8884/4477 4254/8506/4280
f 4450/8885/4478 4144/8364/4170 4320/8886/4346
f 4383/8756/4411 4451/8887/4479 4299/8675/4325
f 4321/8638/4347 4298/8592/4324 4267/8566/4293
f 4283/8560/4309 4452/8888/4480 4285/8563/4311
f 4284/8889/4310 4388/8890/4416 4453/8891/4481
f 4387/8892/4415 3630/8893/3653 3149/8894/3169
f 4364/8718/4390 4407/8801/4435 4232/8471/4258
f 3725/8223/3749 4454/8895/4482 4325/8647/4351
f 4267/8767/4293 4455/8896/4483 4389/8768/4417
f 4325/8897/4351 4456/8898/4484 4326/8899/4352
f 4205/8846/4231 4433/8851/4461 4431/8847/4459
f 4369/8728/4397 4457/8900/4485 4327/8650/4353
f 4305/8729/4331 4412/8901/4440 4286/8568/4312
f 4327/8650/4353 4458/8902/4486 4347/8685/4373
f 4435/8853/4463 4412/8813/4440 4370/8732/4398
f 4269/8541/4295 4410/8814/4438 4395/8777/4423
f 4306/8608/4332 4459/8903/4487 4349/8689/4375
f 4460/8904/4488 4436/8905/4464 4330/8906/4356
f 3817/7672/3843 4333/8657/4359 3918/7865/3944
f 3918/7866/3944 4414/8816/4442 3850/7734/3876
f 4439/8907/4467 4461/8908/4489 4334/8692/4360
f 4239/8486/4265 4417/8819/4445 4240/8487/4266
f 4240/8487/4266 4417/8819/4445 4335/8659/4361
f 4418/8820/4446 4419/8865/4447 4373/8741/4401
f 4462/8909/4490 4337/8910/4363 3853/8783/3879
f 4445/8874/4473 4129/8253/4155 4311/8788/4337
f 4275/8549/4301 4463/8911/4491 4340/8671/4366
f 4424/8831/4452 4312/8621/4338 4464/8912/4492
f 4246/8495/4272 4275/8548/4301 4040/8074/4066
f 4291/8580/4317 4465/8913/4493 4313/8622/4339
f 4315/8626/4341 4466/8914/4494 4246/8495/4272
f 4403/8790/4431 4467/8915/4495 4278/8554/4304
f 4376/8746/4404 4378/8749/4406 4468/8916/4496
f 4358/8703/4384 4469/8917/4497 4375/8745/4403
f 4404/8793/4432 4381/8753/4409 4279/8556/4305
f 4405/8795/4433 4429/8837/4457 4448/8882/4476
f 4383/8756/4411 4281/8558/4307 4380/8752/4408
f 4383/8756/4411 4256/8509/4282 4281/8558/4307
f 4382/8754/4410 4296/8587/4322 4384/8757/4412
f 4319/8635/4345 4301/8596/4327 4470/8918/4498
f 4470/8918/4498 4301/8596/4327 4471/8919/4499
f 4471/8919/4499 4301/8596/4327 4386/8763/4414
f 4406/8796/4434 4472/8920/4500 4361/8713/4387
f 4473/8921/4501 4322/8678/4348 3905/8922/3931
f 4344/8923/4370 4229/8924/4255 4345/8925/4371
f 4387/8892/4415 3311/8926/3331 4362/8927/4388
f 4390/8928/4418 4362/8716/4388 4071/8132/4097
f 4472/8920/4500 4363/8717/4389 4361/8713/4387
f 4472/8920/4500 4364/8718/4390 4363/8717/4389
f 4474/8929/4502 4391/8770/4419 4161/8311/4187
f 4475/8930/4503 4476/8931/4504 4477/8932/4505
f 4477/8932/4505 4476/8931/4504 4478/8933/4506
f 4478/8933/4506 4476/8931/4504 4479/8934/4507
f 4478/8933/4506 4479/8934/4507 4480/8935/4508
f 4481/8936/4509 4074/8807/4100 4408/8806/4436
f 4457/8900/4485 4458/8902/4486 4327/8650/4353
f 4482/8937/4510 4483/8938/4511 4484/8939/4512
f 4482/8937/4510 4485/8940/4513 4483/8938/4511
f 4486/8941/4514 4409/8808/4437 3919/8684/3945
f 4487/8942/4515 4347/8685/4373 4458/8902/4486
f 4484/8939/4512 4411/8812/4439 4393/8775/4421
f 4484/8939/4512 4485/8940/4513 4411/8812/4439
f 4484/8939/4512 4483/8938/4511 4485/8940/4513
f 4434/8943/4462 4076/8145/4102 4270/8542/4296
f 4488/8944/4516 4332/8945/4358 4348/8774/4374
f 4435/8853/4463 4349/8689/4375 4459/8903/4487
f 4459/8903/4487 4306/8608/4332 4212/8609/4238
f 4489/8946/4517 4413/8815/4441 4170/8334/4196
f 4490/8947/4518 3490/7359/3510 3679/7358/3702
f 4491/8948/4519 3490/7359/3510 4490/8947/4518
f 4461/8908/4489 4350/8690/4376 4334/8692/4360
f 4491/8949/4519 4239/8486/4265 3490/7518/3510
f 4440/8863/4468 4416/8818/4444 4351/8694/4377
f 4492/8950/4520 4309/8951/4335 4416/8952/4444
f 4310/8616/4336 4441/8864/4469 4398/8781/4426
f 4493/8953/4521 4172/8339/4198 3821/8338/3847
f 4493/8953/4521 3821/8338/3847 4081/8954/4107
f 4462/8909/4490 3853/8783/3879 4399/8782/4427
f 4494/8955/4522 4419/8865/4447 4418/8820/4446
f 4495/8956/4523 4083/8867/4109 4272/8957/4298
f 4273/8958/4299 4496/8959/4524 4081/8954/4107
f 4338/8826/4364 4497/8960/4525 3922/7875/3948
f 4497/8960/4525 4354/8699/4380 3922/7875/3948
f 4400/8785/4428 4444/8961/4472 3549/8786/3572
f 4311/8788/4337 4422/8962/4450 4445/8874/4473
f 4312/8621/4338 4086/8161/4112 4498/8963/4526
f 4498/8963/4526 4086/8161/4112 4356/8701/4382
f 4499/8964/4527 4085/8160/4111 4340/8672/4366
f 4499/8964/4527 4340/8672/4366 4500/8965/4528
f 4501/8966/4529 4173/8342/4199 4313/8967/4339
f 4275/8548/4301 4246/8495/4272 4466/8914/4494
f 4499/8964/4527 4341/8673/4367 4085/8160/4111
f 4502/8968/4530 4379/8751/4407 4342/8674/4368
f 4094/8445/4120 4428/8836/4456 4252/8502/4278
f 4427/8835/4455 4279/8556/4305 4381/8753/4409
f 4255/8507/4281 4144/8364/4170 4450/8885/4478
f 4451/8887/4479 4385/8969/4413 4299/8675/4325
f 4385/8762/4413 4406/8796/4434 4260/8562/4286
f 4302/8970/4328 4284/8889/4310 4503/8971/4531
f 4320/8637/4346 4259/8515/4285 4264/8526/4290
f 4504/8972/4532 4473/8921/4501 3905/8922/3931
f 3599/8973/3622 4504/8972/4532 3905/8922/3931
f 3630/8893/3653 4505/8974/4533 4506/8975/4534
f 4368/8976/4396 4507/8977/4535 4388/8890/4416
f 4368/8976/4396 4508/8978/4536 4507/8977/4535
f 4454/8979/4482 4456/8898/4484 4325/8897/4351
f 4509/8980/4537 4163/8725/4189 4167/8727/4193
f 4475/8930/4503 4479/8934/4507 4476/8931/4504
f 4480/8935/4508 4482/8981/4510 4478/8933/4506
f 4482/8981/4510 4510/8982/4538 4511/8983/4539
f 4482/8981/4510 4480/8935/4508 4510/8982/4538
f 4480/8935/4508 4479/8934/4507 4510/8982/4538
f 4512/8984/4540 4485/8940/4513 4482/8937/4510
f 4512/8984/4540 4510/8985/4538 4485/8940/4513
f 4036/8986/4062 4513/8987/4541 4331/8988/4357
f 4484/8939/4512 4393/8775/4421 4514/8989/4542
f 4485/8990/4513 4515/8991/4543 4411/8992/4439
f 4121/8993/4147 4516/8994/4544 4371/8995/4399
f 4438/8861/4466 3982/8860/4008 4308/8996/4334
f 4332/8738/4358 4517/8997/4545 4352/8695/4378
f 3679/8998/3702 4518/8999/4546 4490/9000/4518
f 4307/9001/4333 4518/8999/4546 3679/8998/3702
f 3919/9002/3945 4238/9003/4264 4486/9004/4514
f 4440/8863/4468 4417/8819/4445 4519/9005/4547
f 4416/8952/4444 4440/9006/4468 4492/8950/4520
f 4310/9007/4336 4520/9008/4548 4441/9009/4469
f 4493/8953/4521 4521/9010/4549 4172/8339/4198
f 3985/8696/4011 4522/9011/4550 4399/8782/4427
f 4353/8698/4379 4243/8575/4269 4523/9012/4551
f 4420/8823/4448 4494/9013/4522 4243/8866/4269
f 4419/8822/4447 4494/9013/4522 4420/8823/4448
f 4273/8578/4299 4084/8577/4110 4421/8824/4449
f 4443/8871/4471 4524/9014/4552 4400/8872/4428
f 4445/8874/4473 4525/9015/4553 4401/8787/4429
f 4356/8701/4382 4446/8879/4474 4498/8963/4526
f 4446/8879/4474 4355/8700/4381 4526/9016/4554
f 4355/8700/4381 4425/8832/4453 4526/9016/4554
f 4357/8702/4383 4424/8833/4452 4464/9017/4492
f 4357/8702/4383 4464/9017/4492 4527/9018/4555
f 4357/8702/4383 4527/9018/4555 4402/8791/4430
f 4313/8622/4339 4465/8913/4493 4528/9019/4556
f 4341/8673/4367 4529/9020/4557 4447/8880/4475
f 4428/8836/4456 4223/8447/4249 4318/8705/4344
f 4379/8751/4407 4530/9021/4558 4380/8752/4408
f 4377/8750/4405 4531/9022/4559 4295/8883/4321
f 4532/9023/4560 4533/9024/4561 4534/9025/4562
f 4533/9026/4561 4535/9027/4563 4534/9028/4562
f 4318/8705/4344 4359/9029/4385 4536/9030/4564
f 4534/9031/4562 4535/9032/4563 4537/9033/4565
f 4537/9033/4565 4535/9032/4563 4538/9034/4566
f 4302/9035/4328 4503/9036/4531 4384/8757/4412
f 4298/9037/4324 4539/9038/4567 4267/8767/4293
f 3903/9039/3929 4540/9040/4568 3599/8973/3622
f 4406/8796/4434 4541/9041/4569 4472/8920/4500
f 4540/9040/4568 4504/8972/4532 3599/8973/3622
f 3630/8310/3653 4506/9042/4534 4474/8929/4502
f 4364/8718/4390 4542/9043/4570 4407/8801/4435
f 4156/9044/4182 4543/9045/4571 4359/9046/4385
f 3630/8310/3653 4474/8929/4502 4161/8311/4187
f 4388/8890/4416 4507/8977/4535 4453/8891/4481
f 4455/8896/4483 4544/9047/4572 4389/8768/4417
f 4472/8920/4500 4542/9043/4570 4364/8718/4390
f 4365/8719/4391 4545/9048/4573 4386/8763/4414
f 4389/8804/4417 4544/9049/4572 4369/8728/4397
f 4431/8847/4459 4433/8851/4461 4546/9050/4574
f 4477/9051/4505 4545/9052/4573 4475/9053/4503
f 4408/8806/4436 4409/8849/4437 4481/8936/4509
f 4409/8849/4437 4547/9054/4575 4481/8936/4509
f 4074/8850/4100 4481/9055/4509 4433/8851/4461
f 3608/7861/3631 4237/8483/4263 3916/7862/3942
f 4409/8849/4437 4486/9056/4514 4547/9054/4575
f 4288/8570/4314 4434/8852/4462 4393/8775/4421
f 4170/8334/4196 4397/8779/4425 4489/8946/4517
f 4488/8944/4516 4517/9057/4545 4332/8945/4358
f 4172/8339/4198 4548/9058/4576 4213/8613/4239
f 4519/9005/4547 4492/9059/4520 4440/8863/4468
f 4353/8698/4379 4523/9012/4551 4415/8817/4443
f 4309/8951/4335 4520/9008/4548 4310/9007/4336
f 4520/9008/4548 4549/9060/4577 4441/9009/4469
f 4441/8864/4469 4549/9061/4577 4418/8820/4446
f 4418/8820/4446 4549/9061/4577 4550/9062/4578
f 4550/9062/4578 4551/9063/4579 4418/8820/4446
f 4418/8820/4446 4551/9063/4579 4494/8955/4522
f 4083/8867/4109 4495/8956/4523 4442/8868/4470
f 4374/8742/4402 4401/8787/4429 4525/9015/4553
f 4354/8699/4380 4552/9064/4580 4443/8871/4471
f 4400/8872/4428 4524/9014/4552 4553/9065/4581
f 4554/9066/4582 4555/9067/4583 4400/8785/4428
f 4464/8912/4492 4312/8621/4338 4556/9068/4584
f 4527/9018/4555 4464/9017/4492 4556/9069/4584
f 4313/8967/4339 4528/9070/4556 4501/8966/4529
f 4291/8580/4317 4528/9019/4556 4465/8913/4493
f 4426/8834/4454 4375/8745/4403 4557/9071/4585
f 4375/8745/4403 4469/8917/4497 4557/9071/4585
f 4467/8915/4495 4342/8674/4368 4278/8554/4304
f 4469/8917/4497 4358/8703/4384 4558/9072/4586
f 4533/9024/4561 4532/9023/4560 4559/9073/4587
f 4533/9024/4561 4559/9073/4587 4560/9074/4588
f 4561/9075/4589 4562/9076/4590 4563/9077/4591
f 4534/9078/4562 4537/9079/4565 4564/9080/4592
f 4562/9081/4590 4565/9082/4593 4563/9083/4591
f 4562/9081/4590 4566/9084/4594 4565/9082/4593
f 4535/9032/4563 4567/9085/4595 4538/9034/4566
f 4563/9083/4591 4565/9082/4593 4568/9086/4596
f 4569/9087/4597 3725/9088/3749 4252/8502/4278
f 4537/9033/4565 4538/9034/4566 4570/9089/4598
f 4385/8762/4413 4571/9090/4599 4406/8796/4434
f 4284/8889/4310 4453/8891/4481 4503/8971/4531
f 4320/9091/4346 4264/9092/4290 4572/9093/4600
f 4322/8678/4348 4473/8921/4501 4573/9094/4601
f 3725/9095/3749 4569/9096/4597 4454/9097/4482
f 4267/8767/4293 4539/9038/4567 4455/8896/4483
f 3630/8893/3653 4387/8892/4415 4505/8974/4533
f 4303/9098/4329 4479/9099/4507 4365/9100/4391
f 4365/9100/4391 4479/9099/4507 4545/9052/4573
f 4545/9052/4573 4479/9099/4507 4475/9053/4503
f 4368/8976/4396 4286/9101/4312 4574/9102/4602
f 4167/8727/4193 4575/9103/4603 4509/8980/4537
f 4478/8933/4506 4482/8981/4510 4477/8932/4505
f 4167/8727/4193 4576/9104/4604 4575/9103/4603
f 4510/8985/4538 4479/9105/4507 4485/8940/4513
f 4412/9106/4440 4577/9107/4605 4286/9108/4312
f 4487/8942/4515 4578/9109/4606 4347/8685/4373
f 4347/9110/4373 4578/9111/4606 4394/9112/4422
f 4394/9112/4422 4516/8994/4544 4121/8993/4147
f 4395/8777/4423 4579/9113/4607 4580/9114/4608
f 4270/9115/4296 4581/9116/4609 4434/9117/4462
f 4582/9118/4610 4435/8853/4463 4459/8903/4487
f 4371/8995/4399 4460/8904/4488 4330/8906/4356
f 4413/8815/4441 4583/9119/4611 4212/8430/4238
f 4439/8862/4467 4415/8817/4443 4584/9120/4612
f 4239/8486/4265 4519/9005/4547 4417/8819/4445
f 4352/8695/4378 4522/9011/4550 3985/8696/4011
f 4350/8693/4376 4238/8485/4264 4171/8336/4197
f 4415/8817/4443 4523/9012/4551 4585/9121/4613
f 4523/9012/4551 4243/8575/4269 4586/9122/4614
f 4587/9123/4615 4494/8955/4522 4551/9063/4579
f 4273/8578/4299 4421/8824/4449 4588/9124/4616
f 4374/9125/4402 4589/9126/4617 4421/9127/4449
f 4589/9126/4617 4374/9125/4402 4525/9128/4553
f 4552/9064/4580 4524/9014/4552 4443/8871/4471
f 4445/9129/4473 4422/9130/4450 4590/9131/4618
f 4340/8671/4366 4591/9132/4619 4500/9133/4528
f 4275/8548/4301 4592/9134/4620 4593/9135/4621
f 4173/8342/4199 4501/8966/4529 4425/8832/4453
f 4426/8834/4454 4557/9071/4585 4291/8580/4317
f 4467/8915/4495 4403/8790/4431 4594/9136/4622
f 4377/8750/4405 4595/9137/4623 4596/9138/4624
f 4377/8750/4405 4596/9138/4624 4531/9022/4559
f 4532/9023/4560 4564/9139/4592 4559/9073/4587
f 4254/8506/4280 4597/9140/4625 4381/8753/4409
f 4380/8752/4408 4530/9021/4558 4383/8756/4411
f 4532/9023/4560 4534/9025/4562 4564/9139/4592
f 4598/9141/4626 4599/9142/4627 4561/9075/4589
f 4562/9076/4590 4561/9075/4589 4599/9142/4627
f 4295/8883/4321 4596/9138/4624 4430/9143/4458
f 4598/9141/4626 4561/9075/4589 4563/9077/4591
f 4319/8755/4345 4600/9144/4628 4449/8884/4477
f 4533/9026/4561 4567/9145/4595 4535/9027/4563
f 4601/9146/4629 4602/9147/4630 4603/9148/4631
f 4566/9084/4594 4604/9149/4632 4565/9082/4593
f 4605/9150/4633 4563/9083/4591 4606/9151/4634
f 4565/9082/4593 4604/9149/4632 4568/9086/4596
f 4255/8507/4281 4343/9152/4369 4058/8508/4084
f 4567/9085/4595 4570/9089/4598 4538/9034/4566
f 4571/9090/4599 4541/9041/4569 4406/8796/4434
f 4607/9153/4635 4568/9086/4596 4608/9154/4636
f 4572/9093/4600 4609/9155/4637 4320/9091/4346
f 4473/8921/4501 4504/8972/4532 4573/9094/4601
f 4570/9089/4598 4610/9156/4638 4611/9157/4639
f 4612/9158/4640 4613/9159/4641 4614/9160/4642
f 4541/9041/4569 4615/9161/4643 4472/8920/4500
f 4610/9156/4638 4616/9162/4644 4611/9157/4639
f 4617/9163/4645 4610/9156/4638 4618/9164/4646
f 4617/9163/4645 4618/9164/4646 4607/9165/4635
f 4507/8977/4535 4619/9166/4647 4453/8891/4481
f 4390/9167/4418 4431/9168/4459 4362/9169/4388
f 4607/9153/4635 4608/9154/4636 4620/9170/4648
f 4617/9163/4645 4616/9162/4644 4610/9156/4638
f 4617/9163/4645 4620/9171/4648 4616/9162/4644
f 4607/9153/4635 4620/9170/4648 4617/9172/4645
f 4472/8920/4500 4615/9161/4643 4542/9043/4570
f 4507/8977/4535 4508/8978/4536 4621/9173/4649
f 4368/8976/4396 4574/9102/4602 4508/8978/4536
f 4163/8725/4189 4509/8980/4537 4622/9174/4650
f 4477/8932/4505 4482/8981/4510 4623/9175/4651
f 4575/9103/4603 4576/9104/4604 4509/8980/4537
f 4547/9054/4575 4624/9176/4652 4481/8936/4509
f 4329/8652/4355 4625/9177/4653 4626/9178/4654
f 4326/9179/4352 4513/8987/4541 4036/8986/4062
f 4481/9055/4509 4627/9180/4655 4433/8851/4461
f 4625/9177/4653 4329/8652/4355 4328/8651/4354
f 4626/9181/4654 4410/8810/4438 4329/8809/4355
f 4457/8900/4485 4487/8942/4515 4458/8902/4486
f 4486/9182/4514 4624/9183/4652 4547/9184/4575
f 4484/8939/4512 4514/8989/4542 4482/8937/4510
f 4576/9104/4604 4167/8727/4193 4437/9185/4465
f 4392/8773/4420 4628/9186/4656 4348/8774/4374
f 4394/9112/4422 4629/9187/4657 4516/8994/4544
f 4207/9188/4233 4411/9189/4439 4307/9190/4333
f 4630/9191/4658 4460/8904/4488 4371/8995/4399
f 4396/8856/4424 4631/9192/4659 4270/9115/4296
f 4270/9115/4296 4631/9192/4659 4581/9116/4609
f 4395/8777/4423 4580/9114/4608 4397/8779/4425
f 4212/8430/4238 4583/9119/4611 4459/9193/4487
f 4439/8907/4467 4632/9194/4660 4461/8908/4489
f 4439/8907/4467 4584/9195/4612 4632/9194/4660
f 4461/8908/4489 4632/9194/4660 4350/8690/4376
f 4517/8997/4545 4522/9011/4550 4352/8695/4378
f 4239/8486/4265 4633/9196/4661 4519/9005/4547
f 4584/9120/4612 4415/8817/4443 4585/9121/4613
f 4492/8950/4520 4634/9197/4662 4635/9198/4663
f 4492/9059/4520 4633/9196/4661 4634/9199/4662
f 4519/9005/4547 4633/9196/4661 4492/9059/4520
f 4492/8950/4520 4635/9198/4663 4309/8951/4335
f 4309/8951/4335 4635/9198/4663 4520/9008/4548
f 4523/9012/4551 4586/9122/4614 4585/9121/4613
f 4551/9063/4579 4550/9062/4578 4587/9123/4615
f 4586/9200/4614 4494/9201/4522 4587/9202/4615
f 4494/9201/4522 4586/9200/4614 4243/9203/4269
f 4081/8954/4107 4496/8959/4524 4493/8953/4521
f 4337/8664/4363 4495/9204/4523 4272/8545/4298
f 4589/9126/4617 4636/9205/4664 4421/9127/4449
f 4637/9206/4665 4638/9207/4666 4639/9208/4667
f 4640/9209/4668 4639/9210/4667 4638/9211/4666
f 4590/9212/4618 4641/9213/4669 4589/9126/4617
f 4640/9209/4668 4642/9214/4670 4639/9210/4667
f 4642/9214/4670 4640/9209/4668 4643/9215/4671
f 4643/9216/4671 4590/9217/4618 4642/9218/4670
f 4589/9126/4617 4525/9128/4553 4590/9212/4618
f 4639/9208/4667 4423/8830/4451 4444/8873/4472
f 4644/9219/4672 4444/9220/4472 4645/9221/4673
f 4497/8960/4525 4552/9064/4580 4354/8699/4380
f 4423/8875/4451 4639/9222/4667 4422/8876/4450
f 4590/9223/4618 4525/9015/4553 4445/8874/4473
f 4444/8961/4472 4400/8785/4428 4555/9067/4583
f 4553/9224/4581 4554/9066/4582 4400/8785/4428
f 4591/9132/4619 4340/8671/4366 4463/8911/4491
f 4646/9225/4674 4556/9068/4584 4312/8621/4338
f 4647/9226/4675 4446/8879/4474 4526/9016/4554
f 4647/9226/4675 4526/9016/4554 4425/8832/4453
f 4648/9227/4676 4499/8964/4527 4500/8965/4528
f 4499/8964/4527 4529/9020/4557 4341/8673/4367
f 4466/8914/4494 4315/8626/4341 4376/9228/4404
f 4527/9018/4555 4403/9229/4431 4402/8791/4430
f 4594/9136/4622 4342/8674/4368 4467/8915/4495
f 4378/8749/4406 4427/8835/4455 4468/8916/4496
f 4447/8880/4475 4595/9230/4623 4377/8748/4405
f 4358/9231/4384 4448/8882/4476 4649/9232/4677
f 4650/9233/4678 4379/8751/4407 4502/8968/4530
f 4650/9233/4678 4530/9021/4558 4379/8751/4407
f 4651/9234/4679 4559/9073/4587 4564/9139/4592
f 4652/9235/4680 4599/9236/4627 4598/9237/4626
f 4448/8882/4476 4429/8837/4457 4649/9232/4677
f 4599/9142/4627 4652/9238/4680 4562/9076/4590
f 4596/9138/4624 4295/8883/4321 4531/9022/4559
f 4560/9239/4588 4567/9145/4595 4533/9026/4561
f 4530/9021/4558 4653/9240/4681 4383/8756/4411
f 4598/9241/4626 4605/9242/4633 4654/9243/4682
f 4652/9238/4680 4566/9244/4594 4562/9076/4590
f 4597/9140/4625 4254/8506/4280 4449/8884/4477
f 4598/9241/4626 4563/9245/4591 4605/9242/4633
f 4384/8757/4412 4429/8837/4457 4382/8754/4410
f 4655/9246/4683 4656/9247/4684 4657/9248/4685
f 4605/9150/4633 4606/9151/4634 4658/9249/4686
f 4659/9250/4687 4604/9149/4632 4566/9084/4594
f 4564/9251/4592 4537/9033/4565 4660/9252/4688
f 4430/9253/4458 4661/9254/4689 4298/9037/4324
f 4659/9250/4687 4662/9255/4690 4604/9149/4632
f 4571/9256/4599 4385/8969/4413 4451/8887/4479
f 4663/9257/4691 4657/9248/4685 4656/9247/4684
f 4539/9038/4567 4298/9037/4324 4661/9254/4689
f 4606/9151/4634 4563/9083/4591 4664/9258/4692
f 4537/9033/4565 4570/9089/4598 4660/9252/4688
f 4656/9247/4684 4665/9259/4693 4663/9257/4691
f 4663/9257/4691 4665/9259/4693 4666/9260/4694
f 4568/9086/4596 4607/9153/4635 4563/9083/4591
f 4601/9146/4629 4667/9261/4695 4612/9262/4640
f 4660/9252/4688 4570/9089/4598 4611/9157/4639
f 4668/9263/4696 4320/9091/4346 4609/9155/4637
f 4664/9264/4692 4618/9164/4646 4669/9265/4697
f 4568/9086/4596 4604/9149/4632 4608/9154/4636
f 4604/9149/4632 4662/9255/4690 4670/9266/4698
f 4671/9267/4699 4470/8918/4498 4471/8919/4499
f 4612/9268/4640 4667/9269/4695 4613/9270/4641
f 4618/9164/4646 4610/9156/4638 4570/9089/4598
f 4573/9094/4601 4504/8972/4532 4540/9040/4568
f 4672/9271/4700 4612/9158/4640 4614/9160/4642
f 4673/9272/4701 4455/8896/4483 4539/9038/4567
f 4614/9160/4642 4613/9159/4641 4674/9273/4702
f 4675/9274/4703 4572/9093/4600 4264/9092/4290
f 4265/8645/4291 4285/8563/4311 4452/8888/4480
f 4543/9045/4571 4156/9044/4182 4324/9275/4350
f 4265/9276/4291 4345/9277/4371 4230/9278/4256
f 4407/8801/4435 4542/9043/4570 4615/9161/4643
f 4507/8977/4535 4621/9173/4649 4676/9279/4704
f 4676/9280/4704 4621/9281/4649 4454/9282/4705
f 4677/9283/4706 4545/9052/4573 4477/9051/4505
f 4622/9174/4650 4509/8980/4537 4576/9104/4604
f 4623/9175/4651 4482/8981/4510 4678/9284/4707
f 4433/8851/4461 4627/9180/4655 4546/9050/4574
f 4624/9183/4652 4627/9180/4655 4481/9055/4509
f 4627/9180/4655 4679/9285/4708 4546/9050/4574
f 4479/9286/4507 4515/8991/4543 4485/8990/4513
f 4628/9287/4656 4392/9288/4420 4237/9289/4263
f 4680/9290/4709 4482/9291/4510 4514/9292/4542
f 4328/9293/4354 4125/8859/4151 4438/8861/4466
f 4628/9186/4656 4681/9294/4710 4348/8774/4374
f 4624/9183/4652 4486/9182/4514 4682/9295/4711
f 4683/9296/4712 4412/8813/4440 4435/8853/4463
f 4410/8814/4438 4579/9113/4607 4395/8777/4423
f 4684/9297/4713 4517/9057/4545 4488/8944/4516
f 4518/8999/4546 4307/9001/4333 4685/9298/4714
f 4632/9194/4660 4584/9195/4612 4350/8690/4376
f 4686/9299/4715 4239/9300/4265 4491/9301/4519
f 4238/9302/4264 4350/9303/4376 4687/9304/4716
f 4686/9305/4715 4633/9196/4661 4239/8486/4265
f 4585/9121/4613 4586/9122/4614 4688/9306/4717
f 4688/9307/4717 4587/9202/4615 4549/9060/4577
f 4586/9200/4614 4587/9202/4615 4688/9307/4717
f 4549/9060/4577 4587/9202/4615 4550/9308/4578
f 4689/9309/4718 4337/9310/4363 4462/9311/4490
f 4496/8959/4524 4273/8958/4299 4588/9312/4616
f 4497/9313/4525 4338/8665/4364 4442/8870/4470
f 4690/9314/4719 4637/9315/4665 4644/9219/4672
f 4637/9206/4665 4639/9208/4667 4644/9316/4672
f 4644/9316/4672 4639/9208/4667 4444/8873/4472
f 4642/9317/4670 4422/8876/4450 4639/9222/4667
f 4642/9218/4670 4590/9217/4618 4422/9318/4450
f 4645/9221/4673 4444/9220/4472 4691/9319/4720
f 4691/9320/4720 4552/9064/4580 4497/8960/4525
f 4692/9321/4721 4591/9132/4619 4463/8911/4491
f 4275/8549/4301 4693/9322/4722 4463/8911/4491
f 4498/8963/4526 4646/9225/4674 4312/8621/4338
f 4499/8964/4527 4648/9227/4676 4529/9020/4557
f 4466/8914/4494 4376/9228/4404 4694/9323/4723
f 4529/9020/4557 4695/9324/4724 4696/9325/4725
f 4529/9020/4557 4696/9325/4725 4447/8880/4475
f 4696/9325/4725 4595/9230/4623 4447/8880/4475
f 4695/9324/4724 4697/9326/4726 4657/9327/4685
f 4698/9328/4727 4697/9329/4726 4695/9330/4724
f 4699/9331/4728 4651/9234/4679 4700/9332/4729
f 4701/9333/4730 4652/9235/4680 4699/9334/4728
f 4652/9235/4680 4651/9335/4679 4699/9334/4728
f 4651/9234/4679 4564/9139/4592 4700/9332/4729
f 4651/9234/4679 4560/9074/4588 4559/9073/4587
f 4598/9336/4626 4560/9074/4588 4651/9234/4679
f 4652/9235/4680 4598/9237/4626 4651/9335/4679
f 4697/9329/4726 4702/9337/4731 4655/9338/4683
f 4697/9326/4726 4655/9339/4683 4657/9327/4685
f 4598/9340/4626 4654/9341/4682 4560/9342/4588
f 4703/9343/4732 4704/9344/4733 4698/9345/4727
f 4654/9243/4682 4705/9346/4734 4560/9239/4588
f 4703/9343/4732 4603/9347/4631 4704/9344/4733
f 4603/9148/4631 4602/9147/4630 4704/9348/4733
f 4706/9349/4735 4654/9243/4682 4605/9242/4633
f 4429/8837/4457 4384/8757/4412 4707/9350/4736
f 4704/9348/4733 4602/9147/4630 4708/9351/4737
f 4659/9352/4687 4566/9244/4594 4652/9238/4680
f 4596/9138/4624 4661/9353/4689 4430/9143/4458
f 4449/8884/4477 4600/9144/4628 4597/9140/4625
f 4709/9354/4738 4656/9247/4684 4655/9246/4683
f 4602/9147/4630 4601/9146/4629 4708/9351/4737
f 4319/8755/4345 4710/9355/4739 4600/9144/4628
f 4383/8756/4411 4711/9356/4740 4451/8887/4479
f 4656/9247/4684 4709/9354/4738 4712/9357/4741
f 4711/9356/4740 4571/9256/4599 4451/8887/4479
f 4656/9247/4684 4712/9357/4741 4665/9259/4693
f 4384/8757/4412 4503/9036/4531 4713/9358/4742
f 4657/9248/4685 4663/9257/4691 4714/9359/4743
f 4601/9146/4629 4715/9360/4744 4667/9261/4695
f 4601/9146/4629 4603/9148/4631 4715/9360/4744
f 4567/9085/4595 4669/9265/4697 4618/9164/4646
f 4712/9357/4741 4666/9260/4694 4665/9259/4693
f 4712/9361/4741 4672/9271/4700 4666/9362/4694
f 4567/9085/4595 4618/9164/4646 4570/9089/4598
f 4453/8891/4481 4619/9166/4647 4503/8971/4531
f 4540/9040/4568 3903/9039/3929 4360/8712/4386
f 4666/9362/4694 4672/9271/4700 4614/9160/4642
f 4660/9252/4688 4611/9157/4639 4716/9363/4745
f 4563/9083/4591 4618/9364/4646 4664/9258/4692
f 4607/9153/4635 4618/9364/4646 4563/9083/4591
f 4360/8712/4386 4573/9094/4601 4540/9040/4568
f 4717/9365/4746 4718/9366/4747 4193/8391/4219
f 4667/9269/4695 4715/9367/4744 4613/9270/4641
f 4604/9149/4632 4670/9266/4698 4608/9154/4636
f 4714/9359/4743 4663/9257/4691 4674/9368/4702
f 4666/9362/4694 4614/9160/4642 4663/9369/4691
f 4663/9369/4691 4614/9160/4642 4674/9273/4702
f 4611/9157/4639 4616/9162/4644 4716/9363/4745
f 4619/9166/4647 4507/8977/4535 4719/9370/4748
f 4471/8919/4499 4386/8763/4414 4720/9371/4749
f 4719/9370/4748 4507/8977/4535 4676/9279/4704
f 4715/9372/4744 4674/9373/4702 4613/9374/4641
f 4407/9375/4435 4452/9376/4480 4283/9377/4309
f 4455/8896/4483 4721/9378/4750 4544/9047/4572
f 4608/9154/4636 4670/9266/4698 4620/9170/4648
f 4193/8391/4219 4163/8725/4189 4717/9365/4746
f 4544/9049/4572 4721/9379/4750 4369/8728/4397
f 4454/9380/4751 4456/9381/4752 4621/9381/4753
f 4369/8728/4397 4722/9382/4754 4457/8900/4485
f 4622/9174/4650 4576/9104/4604 4723/9383/4755
f 4479/9286/4507 4724/9384/4756 4515/8991/4543
f 4576/9104/4604 4725/9385/4757 4723/9383/4755
f 4627/9180/4655 4624/9183/4652 4679/9285/4708
f 4576/9104/4604 4437/9185/4465 4725/9385/4757
f 4726/9386/4758 4412/8813/4440 4683/9296/4712
f 4681/9294/4710 4727/9387/4759 4348/8774/4374
f 4624/9183/4652 4682/9295/4711 4679/9285/4708
f 4371/8995/4399 4516/8994/4544 4630/9191/4658
f 4515/9388/4543 4307/9389/4333 4411/9390/4439
f 4582/9118/4610 4728/9391/4760 4435/8853/4463
f 4679/9285/4708 4682/9295/4711 4729/9392/4761
f 4397/8779/4425 4413/8815/4441 4489/8946/4517
f 4437/8858/4465 4213/8432/4239 4730/9393/4762
f 4682/9295/4711 4731/9394/4763 4729/9392/4761
f 4213/9395/4239 4548/9396/4576 4732/9397/4764
f 4687/9304/4716 4635/9198/4663 4686/9299/4715
f 4584/9120/4612 4585/9121/4613 4350/9398/4376
f 4686/9299/4715 4635/9198/4663 4634/9197/4662
f 4686/9305/4715 4634/9199/4662 4633/9196/4661
f 4688/9307/4717 4635/9198/4663 4687/9304/4716
f 4687/9304/4716 4350/9303/4376 4688/9307/4717
f 4350/9303/4376 4585/9399/4613 4688/9307/4717
f 4688/9307/4717 4520/9008/4548 4635/9198/4663
f 4520/9008/4548 4688/9307/4717 4549/9060/4577
f 4640/9209/4668 4638/9211/4666 4733/9400/4765
f 4690/9314/4719 4644/9219/4672 4645/9221/4673
f 4734/9401/4766 4691/9402/4720 4497/9403/4525
f 4691/9319/4720 4735/9404/4767 4645/9221/4673
f 4691/9405/4720 4444/8961/4472 4736/9406/4768
f 4552/9064/4580 4553/9065/4581 4524/9014/4552
f 4444/8961/4472 4555/9067/4583 4736/9406/4768
f 4554/9066/4582 4553/9224/4581 4555/9067/4583
f 4446/8879/4474 4647/9226/4675 4737/9407/4769
f 4463/8911/4491 4693/9322/4722 4692/9321/4721
f 4693/9322/4722 4275/8549/4301 4593/9408/4621
f 4275/8548/4301 4466/8914/4494 4592/9134/4620
f 4529/9020/4557 4648/9227/4676 4738/9409/4770
f 4527/9018/4555 4594/9410/4622 4403/9229/4431
f 4738/9409/4770 4695/9324/4724 4529/9020/4557
f 4502/8968/4530 4342/8674/4368 4739/9411/4771
f 4468/8916/4496 4427/8835/4455 4740/9412/4772
f 4558/9072/4586 4358/8703/4384 4741/9413/4773
f 4358/8703/4384 4649/9414/4677 4741/9413/4773
f 4450/8885/4478 4742/9415/4774 4255/8507/4281
f 4595/9137/4623 4696/9416/4725 4596/9138/4624
f 4695/9324/4724 4657/9327/4685 4696/9325/4725
f 4698/9328/4727 4743/9417/4775 4697/9329/4726
f 4700/9332/4729 4564/9139/4592 4744/9418/4776
f 4697/9329/4726 4743/9417/4775 4702/9337/4731
f 4698/9345/4727 4745/9419/4777 4703/9343/4732
f 4698/9345/4727 4704/9344/4733 4743/9420/4775
f 4655/9338/4683 4702/9337/4731 4709/9421/4738
f 4743/9422/4775 4704/9348/4733 4708/9351/4737
f 4703/9343/4732 4745/9419/4777 4603/9347/4631
f 4705/9346/4734 4654/9243/4682 4706/9349/4735
f 4696/9416/4725 4657/9248/4685 4714/9359/4743
f 4567/9145/4595 4560/9239/4588 4705/9346/4734
f 4384/8757/4412 4746/9423/4778 4747/9424/4779
f 4384/8757/4412 4713/9358/4742 4746/9423/4778
f 4745/9425/4777 4748/9426/4780 4603/9148/4631
f 4470/9427/4498 4710/9355/4739 4319/8755/4345
f 4705/9428/4734 4749/9429/4781 4567/9085/4595
f 4661/9254/4689 4673/9272/4701 4539/9038/4567
f 4601/9146/4629 4612/9262/4640 4708/9351/4737
f 4664/9258/4692 4750/9430/4782 4606/9151/4634
f 4567/9085/4595 4749/9429/4781 4669/9265/4697
f 4669/9265/4697 4750/9431/4782 4664/9264/4692
f 4572/9093/4600 4751/9432/4783 4609/9155/4637
f 4603/9148/4631 4752/9433/4784 4715/9360/4744
f 4714/9359/4743 4674/9368/4702 4753/9434/4785
f 4751/9432/4783 4572/9093/4600 4675/9274/4703
f 4715/9435/4744 4752/9436/4784 4754/9437/4786
f 4662/9255/4690 4755/9438/4787 4670/9266/4698
f 4360/8712/4386 4756/9439/4788 4324/8715/4350
f 4455/8896/4483 4673/9272/4701 4721/9378/4750
f 4264/8530/4290 4344/8840/4370 4675/9440/4703
f 4407/9375/4435 4757/9441/4789 4452/9376/4480
f 4407/8801/4435 4615/9161/4643 4757/9442/4789
f 4715/9435/4744 4754/9437/4786 4674/9443/4702
f 4545/9048/4573 4677/9444/4706 4386/8763/4414
f 4721/9379/4750 4758/9445/4790 4369/8728/4397
f 4616/9446/4644 4620/9170/4648 4759/9447/4791
f 4286/9108/4312 4760/9448/4792 4574/9449/4602
f 4369/9450/4397 4758/9451/4790 4722/9452/4754
f 4477/8932/4505 4623/9175/4651 4677/9453/4706
f 4479/9099/4507 4303/9098/4329 4724/9454/4756
f 4457/8900/4485 4722/9382/4754 4487/8942/4515
f 4482/8981/4510 4680/9455/4709 4678/9284/4707
f 4680/9456/4709 4761/9457/4793 4678/9458/4707
f 4410/9459/4438 4626/9460/4654 4762/9461/4794
f 4412/8813/4440 4726/9386/4758 4577/9462/4605
f 4393/8775/4421 4763/9463/4795 4514/8989/4542
f 4410/9459/4438 4762/9461/4794 4579/9464/4607
f 4434/8852/4462 4763/9463/4795 4393/8775/4421
f 4435/8853/4463 4728/9391/4760 4683/9296/4712
f 4348/8774/4374 4727/9387/4759 4488/8944/4516
f 4583/9465/4611 4764/9466/4796 4459/8903/4487
f 4213/9395/4239 4732/9397/4764 4730/9467/4762
f 4486/9468/4514 4238/9302/4264 4682/9469/4711
f 4238/9302/4264 4687/9304/4716 4682/9469/4711
f 4491/9301/4519 4765/9470/4797 4686/9299/4715
f 4399/8782/4427 4522/9011/4550 4462/8909/4490
f 4766/9471/4798 4767/9472/4799 4643/9473/4671
f 4768/9474/4800 4637/9315/4665 4690/9314/4719
f 4769/9475/4801 4589/9126/4617 4641/9213/4669
f 4690/9314/4719 4645/9221/4673 4770/9476/4802
f 4691/9320/4720 4553/9065/4581 4552/9064/4580
f 4553/9224/4581 4736/9406/4768 4555/9067/4583
f 4498/8963/4526 4771/9477/4803 4646/9225/4674
f 4425/8832/4453 4501/8966/4529 4647/9226/4675
f 4501/8966/4529 4772/9478/4804 4647/9226/4675
f 4291/8580/4317 4773/9479/4805 4528/9019/4556
f 4291/8580/4317 4557/9071/4585 4773/9479/4805
f 4648/9227/4676 4695/9324/4724 4738/9409/4770
f 4468/8916/4496 4774/9480/4806 4376/8746/4404
f 4558/9072/4586 4775/9481/4807 4469/8917/4497
f 4776/9482/4808 4698/9328/4727 4695/9330/4724
f 4594/9136/4622 4739/9411/4771 4342/8674/4368
f 4252/8502/4278 4428/8836/4456 4777/9483/4809
f 4318/8705/4344 4777/9483/4809 4428/8836/4456
f 4778/9484/4810 4745/9419/4777 4698/9345/4727
f 4450/8885/4478 4779/9485/4811 4742/9415/4774
f 4652/9238/4680 4780/9486/4812 4659/9352/4687
f 4702/9337/4731 4781/9487/4813 4782/9488/4814
f 4702/9337/4731 4743/9417/4775 4781/9487/4813
f 4450/8885/4478 4320/8886/4346 4779/9485/4811
f 4596/9138/4624 4753/9434/4785 4661/9353/4689
f 4596/9138/4624 4696/9416/4725 4753/9434/4785
f 4702/9337/4731 4783/9489/4815 4709/9421/4738
f 4702/9337/4731 4782/9488/4814 4783/9489/4815
f 4781/9490/4813 4783/9491/4815 4782/9492/4814
f 4564/9493/4592 4660/9494/4688 4784/9495/4816
f 4384/8757/4412 4785/9496/4817 4707/9350/4736
f 4653/9240/4681 4786/9497/4818 4383/8756/4411
f 4605/9150/4633 4658/9249/4686 4706/9498/4735
f 4384/8757/4412 4747/9424/4779 4785/9496/4817
f 4600/9144/4628 4710/9355/4739 4597/9140/4625
f 4383/8756/4411 4786/9497/4818 4711/9356/4740
f 4714/9359/4743 4753/9434/4785 4696/9416/4725
f 4705/9428/4734 4787/9499/4819 4749/9429/4781
f 4660/9252/4688 4716/9363/4745 4784/9500/4816
f 4753/9434/4785 4673/9501/4701 4661/9353/4689
f 4612/9262/4640 4788/9502/4820 4708/9351/4737
f 4612/9158/4640 4672/9271/4700 4788/9503/4820
f 4603/9148/4631 4748/9426/4780 4752/9433/4784
f 4671/9267/4699 4471/8919/4499 4789/9504/4821
f 4751/9432/4783 4675/9274/4703 4609/9155/4637
f 4322/8678/4348 4573/9094/4601 4360/8712/4386
f 4668/9263/4696 4609/9155/4637 4790/9505/4822
f 4791/9506/4823 4756/9439/4788 4360/8712/4386
f 4609/9155/4637 4675/9274/4703 4790/9505/4822
f 4791/9506/4823 4792/9507/4824 4756/9439/4788
f 4386/8763/4414 4793/9508/4825 4720/9371/4749
f 4452/8888/4480 4794/9509/4826 4265/8645/4291
f 4324/9510/4350 4792/9511/4824 4543/9512/4571
f 4756/9439/4788 4792/9507/4824 4324/8715/4350
f 4676/9279/4704 4795/9513/4827 4719/9370/4748
f 4676/9280/4704 4454/9282/4705 4795/9514/4827
f 4795/9514/4827 4454/9282/4705 4508/9515/4536
f 4796/9516/4828 4391/8770/4419 4474/8929/4502
f 4755/9438/4787 4620/9170/4648 4670/9266/4698
f 4795/9517/4827 4574/9449/4602 4797/9518/4829
f 4795/9517/4827 4508/9519/4536 4574/9449/4602
f 4797/9518/4829 4574/9449/4602 4760/9448/4792
f 4760/9448/4792 4286/9108/4312 4577/9107/4605
f 4798/9520/4830 3608/7861/3631 4432/9521/4460
f 4628/9522/4656 4237/8483/4263 3608/7861/3631
f 4799/9523/4831 4800/9524/4832 4628/9186/4656
f 4800/9524/4832 4681/9294/4710 4628/9186/4656
f 4801/9525/4833 4328/9293/4354 4438/8861/4466
f 4725/9385/4757 4437/9185/4465 4730/9526/4762
f 4679/9285/4708 4729/9392/4761 4546/9050/4574
f 4578/9111/4606 4629/9187/4657 4394/9112/4422
f 4436/8855/4464 4802/9527/4834 4396/8856/4424
f 4396/8856/4424 4802/9527/4834 4631/9192/4659
f 4582/9118/4610 4803/9528/4835 4728/9391/4760
f 4459/8903/4487 4764/9466/4796 4582/9118/4610
f 4729/9392/4761 4731/9394/4763 4804/9529/4836
f 4490/9000/4518 4518/8999/4546 4491/9530/4519
f 4682/9469/4711 4687/9304/4716 4731/9531/4763
f 4686/9299/4715 4765/9470/4797 4731/9531/4763
f 4687/9304/4716 4686/9299/4715 4731/9531/4763
f 4517/8997/4545 4805/9532/4837 4522/9011/4550
f 4548/9058/4576 4172/8339/4198 4521/9010/4549
f 4640/9209/4668 4806/9533/4838 4643/9215/4671
f 4807/9534/4839 4640/9209/4668 4808/9535/4840
f 4638/9536/4666 4637/9315/4665 4768/9474/4800
f 4643/9473/4671 4806/9537/4838 4766/9471/4798
f 4636/9205/4664 4589/9126/4617 4769/9475/4801
f 4643/9538/4671 4767/9539/4799 4590/9212/4618
f 4770/9476/4802 4809/9540/4841 4690/9314/4719
f 4770/9541/4802 4810/9542/4842 4811/9543/4843
f 4812/9544/4844 4810/9545/4842 4735/9546/4767
f 4770/9541/4802 4735/9547/4767 4810/9542/4842
f 4770/9476/4802 4645/9221/4673 4735/9404/4767
f 4734/9401/4766 4812/9544/4844 4691/9402/4720
f 4691/9319/4720 4812/9548/4844 4735/9404/4767
f 4691/9405/4720 4736/9406/4768 4553/9224/4581
f 4498/8963/4526 4446/8879/4474 4813/9549/4845
f 4647/9226/4675 4814/9550/4846 4737/9407/4769
f 4591/9132/4619 4815/9551/4847 4500/9133/4528
f 4528/9019/4556 4773/9479/4805 4816/9552/4848
f 4466/8914/4494 4694/9323/4723 4592/9134/4620
f 4500/9133/4528 4815/9551/4847 4648/9553/4676
f 4648/9553/4676 4815/9551/4847 4695/9330/4724
f 4776/9482/4808 4695/9330/4724 4815/9551/4847
f 4558/9072/4586 4741/9413/4773 4817/9554/4849
f 4739/9411/4771 4818/9555/4850 4502/8968/4530
f 4502/8968/4530 4818/9555/4850 4650/9233/4678
f 4649/9232/4677 4819/9556/4851 4741/9557/4773
f 4650/9233/4678 4818/9555/4850 4530/9021/4558
f 4530/9021/4558 4818/9555/4850 4820/9558/4852
f 4381/8753/4409 4597/9140/4625 4821/9559/4853
f 4649/9232/4677 4429/8837/4457 4707/9350/4736
f 4781/9560/4813 4743/9422/4775 4708/9351/4737
f 4708/9351/4737 4788/9502/4820 4781/9560/4813
f 4783/9561/4815 4712/9357/4741 4709/9354/4738
f 4710/9355/4739 4470/9427/4498 4822/9562/4854
f 4749/9429/4781 4823/9563/4855 4669/9265/4697
f 4672/9271/4700 4824/9564/4856 4788/9503/4820
f 4669/9265/4697 4823/9563/4855 4750/9431/4782
f 4672/9271/4700 4712/9361/4741 4824/9564/4856
f 4822/9565/4854 4470/8918/4498 4671/9267/4699
f 4659/9566/4687 4825/9567/4857 4662/9568/4690
f 4503/9036/4531 4619/9569/4647 4713/9358/4742
f 4571/9090/4599 4826/9570/4858 4541/9041/4569
f 4193/8391/4219 4718/9366/4747 3903/8389/3929
f 4662/9255/4690 4825/9571/4857 4755/9438/4787
f 4675/9440/4703 4668/9572/4696 4790/9573/4822
f 4615/9161/4643 4541/9041/4569 4827/9574/4859
f 4784/9500/4816 4716/9363/4745 4828/9575/4860
f 4717/9365/4746 4163/8725/4189 4718/9366/4747
f 4163/8725/4189 4829/9576/4861 4718/9366/4747
f 4265/9276/4291 4794/9577/4826 4345/9277/4371
f 4452/9376/4480 4757/9441/4789 4794/9578/4826
f 4569/9096/4597 4830/9579/4862 4454/9097/4482
f 4673/9272/4701 4753/9580/4785 4721/9378/4750
f 4831/9581/4863 4832/9582/4864 4615/9161/4643
f 4615/9161/4643 4832/9582/4864 4833/9583/4865
f 4753/9580/4785 4758/9584/4790 4721/9378/4750
f 4616/9162/4644 4834/9585/4866 4716/9363/4745
f 4620/9170/4648 4755/9438/4787 4759/9447/4791
f 4760/9448/4792 4577/9107/4605 4835/9586/4867
f 4678/9587/4707 4761/9588/4793 4623/9589/4651
f 4723/9383/4755 4836/9590/4868 4622/9174/4650
f 4835/9591/4867 4577/9592/4605 4837/9593/4869
f 4625/9594/4653 4762/9595/4794 4626/9596/4654
f 4577/9592/4605 4726/9597/4758 4837/9593/4869
f 3608/7861/3631 4798/9520/4830 4628/9522/4656
f 4838/9598/4870 4726/9386/4758 4683/9296/4712
f 4723/9383/4755 4725/9385/4757 4730/9526/4762
f 4839/9599/4871 4683/9296/4712 4728/9391/4760
f 4800/9524/4832 4727/9387/4759 4681/9294/4710
f 4629/9187/4657 4840/9600/4872 4516/8994/4544
f 4840/9600/4872 4841/9601/4873 4630/9191/4658
f 4841/9601/4873 4460/8904/4488 4630/9191/4658
f 4630/9191/4658 4516/8994/4544 4840/9600/4872
f 4841/9601/4873 4802/9602/4834 4460/8904/4488
f 4460/8904/4488 4802/9602/4834 4436/8905/4464
f 4397/8779/4425 4583/9119/4611 4413/8815/4441
f 4438/8861/4466 4308/8996/4334 4842/9603/4874
f 4684/9297/4713 4843/9604/4875 4517/9057/4545
f 4491/9301/4519 4518/9605/4546 4765/9470/4797
f 4800/9606/4832 4805/9532/4837 4517/8997/4545
f 4732/9607/4764 4548/9058/4576 4521/9010/4549
f 4522/9011/4550 4805/9532/4837 4462/8909/4490
f 4808/9535/4840 4640/9209/4668 4733/9400/4765
f 4844/9608/4876 4421/9609/4449 4636/9610/4664
f 4845/9611/4877 4641/9213/4669 4590/9212/4618
f 4769/9475/4801 4641/9213/4669 4845/9611/4877
f 4846/9612/4878 4847/9613/4879 4848/9614/4880
f 4809/9615/4841 4846/9612/4878 4849/9616/4881
f 4850/9617/4882 4690/9618/4719 4809/9615/4841
f 4847/9619/4879 4851/9620/4883 4852/9621/4884
f 4846/9612/4878 4811/9543/4843 4847/9613/4879
f 4497/9622/4525 4851/9623/4883 4734/9624/4766
f 4852/9621/4884 4851/9620/4883 4853/9625/4885
f 4847/9619/4879 4811/9626/4843 4851/9620/4883
f 4846/9612/4878 4809/9615/4841 4811/9543/4843
f 4809/9615/4841 4770/9541/4802 4811/9543/4843
f 4811/9627/4843 4810/9628/4842 4851/9629/4883
f 4851/9623/4883 4810/9630/4842 4734/9624/4766
f 4734/9401/4766 4810/9545/4842 4812/9544/4844
f 4498/8963/4526 4813/9549/4845 4771/9477/4803
f 4593/9408/4621 4592/9631/4620 4693/9322/4722
f 4692/9321/4721 4815/9551/4847 4591/9132/4619
f 4646/9225/4674 4771/9477/4803 4556/9068/4584
f 4501/8966/4529 4528/9070/4556 4772/9478/4804
f 4528/9070/4556 4816/9632/4848 4772/9478/4804
f 4376/9228/4404 4774/9633/4806 4694/9323/4723
f 4557/9071/4585 4469/8917/4497 4854/9634/4886
f 4527/9018/4555 4855/9635/4887 4594/9410/4622
f 4854/9634/4886 4469/8917/4497 4775/9481/4807
f 4776/9636/4808 4778/9484/4810 4698/9345/4727
f 4468/8916/4496 4740/9412/4772 4774/9480/4806
f 4699/9331/4728 4700/9332/4729 4744/9418/4776
f 4594/9136/4622 4856/9637/4888 4739/9411/4771
f 4558/9072/4586 4817/9554/4849 4775/9481/4807
f 4739/9638/4771 4856/9639/4888 4857/9640/4889
f 4857/9641/4889 4818/9555/4850 4739/9411/4771
f 4741/9413/4773 4819/9642/4851 4817/9554/4849
f 4858/9643/4890 4819/9556/4851 4649/9232/4677
f 4777/9483/4809 4318/8705/4344 4536/9030/4564
f 4859/9644/4891 4427/8835/4455 4821/9559/4853
f 4427/8835/4455 4381/8753/4409 4821/9559/4853
f 4857/9640/4889 4744/9418/4776 4820/9645/4852
f 4744/9418/4776 4564/9139/4592 4820/9645/4852
f 4858/9643/4890 4649/9232/4677 4707/9350/4736
f 4778/9484/4810 4748/9646/4780 4745/9419/4777
f 4786/9497/4818 4653/9240/4681 4530/9021/4558
f 4564/9647/4592 4784/9648/4816 4820/9558/4852
f 4659/9566/4687 4860/9649/4892 4825/9567/4857
f 4787/9650/4819 4705/9346/4734 4706/9349/4735
f 4597/9140/4625 4710/9355/4739 4821/9559/4853
f 4747/9424/4779 4746/9423/4778 4861/9651/4893
f 4783/9561/4815 4824/9652/4856 4712/9357/4741
f 4320/9091/4346 4668/9263/4696 4779/9653/4811
f 4746/9423/4778 4713/9358/4742 4861/9651/4893
f 4826/9654/4858 4571/9256/4599 4711/9356/4740
f 4822/9565/4854 4671/9267/4699 4789/9504/4821
f 4862/9655/4894 4713/9358/4742 4619/9569/4647
f 4830/9656/4862 4536/9030/4564 4359/9029/4385
f 4862/9655/4894 4619/9569/4647 4863/9657/4895
f 4748/9658/4780 4864/9659/4896 4752/9436/4784
f 4471/8919/4499 4720/9371/4749 4789/9504/4821
f 4619/9166/4647 4719/9370/4748 4863/9660/4895
f 4830/9579/4862 4359/9661/4385 4543/9662/4571
f 4865/9663/4897 4792/9664/4824 4791/9665/4823
f 4615/9161/4643 4827/9574/4859 4831/9581/4863
f 4866/9666/4898 4719/9370/4748 4795/9513/4827
f 4716/9363/4745 4834/9585/4866 4828/9575/4860
f 4867/9667/4899 4722/9668/4754 4753/9669/4785
f 4797/9518/4829 4866/9670/4898 4795/9517/4827
f 4722/9671/4754 4758/9672/4790 4753/9673/4785
f 4754/9437/4786 4868/9674/4900 4674/9443/4702
f 4753/9669/4785 4674/9675/4702 4867/9667/4899
f 4832/9582/4864 4625/9676/4653 4833/9583/4865
f 4616/9162/4644 4759/9677/4791 4834/9585/4866
f 4622/9174/4650 4836/9590/4868 4163/8725/4189
f 4625/9676/4653 4328/9678/4354 4833/9583/4865
f 4391/8770/4419 4796/9516/4828 4432/8848/4460
f 4487/9679/4515 4722/9668/4754 4578/9111/4606
f 4722/9668/4754 4869/9680/4901 4578/9111/4606
f 4869/9680/4901 4629/9187/4657 4578/9111/4606
f 4727/9387/4759 4800/9524/4832 4870/9681/4902
f 4631/9192/4659 4802/9527/4834 4581/9116/4609
f 4871/9682/4903 4580/9114/4608 4579/9113/4607
f 4839/9599/4871 4728/9391/4760 4803/9528/4835
f 4307/9001/4333 4515/9683/4543 4685/9298/4714
f 4397/8779/4425 4580/9114/4608 4583/9119/4611
f 4727/9387/4759 4843/9604/4875 4488/8944/4516
f 4684/9297/4713 4488/8944/4516 4843/9604/4875
f 4517/9057/4545 4843/9604/4875 4800/9524/4832
f 4731/9684/4763 4872/9685/4904 4804/9686/4836
f 4765/9687/4797 4518/9688/4546 4731/9684/4763
f 4689/9689/4718 4462/8909/4490 4805/9532/4837
f 4496/8959/4524 4873/9690/4905 4493/8953/4521
f 4496/8959/4524 4588/9312/4616 4873/9690/4905
f 4689/9691/4718 4874/9692/4906 4337/9693/4363
f 4495/8956/4523 4337/9693/4363 4874/9692/4906
f 4495/8956/4523 4874/9692/4906 4442/8868/4470
f 4421/9694/4449 4844/9695/4876 4588/9696/4616
f 4640/9209/4668 4807/9534/4839 4806/9533/4838
f 4767/9539/4799 4845/9611/4877 4590/9212/4618
f 4768/9697/4800 4690/9618/4719 4850/9617/4882
f 4875/9698/4907 4876/9699/4908 4852/9621/4884
f 4848/9700/4880 4847/9619/4879 4876/9699/4908
f 4846/9612/4878 4848/9614/4880 4877/9701/4909
f 4876/9699/4908 4847/9619/4879 4852/9621/4884
f 4851/9620/4883 4878/9702/4910 4853/9625/4885
f 4497/9703/4525 4878/9702/4910 4851/9620/4883
f 4813/9549/4845 4446/8879/4474 4879/9704/4911
f 4647/9226/4675 4772/9478/4804 4814/9550/4846
f 4692/9321/4721 4693/9322/4722 4815/9551/4847
f 4776/9636/4808 4592/9134/4620 4694/9323/4723
f 4527/9018/4555 4556/9069/4584 4771/9705/4803
f 4693/9322/4722 4776/9482/4808 4815/9551/4847
f 4694/9323/4723 4774/9633/4806 4880/9706/4912
f 4855/9635/4887 4881/9707/4913 4744/9418/4776
f 4854/9634/4886 4775/9481/4807 4882/9708/4914
f 4855/9635/4887 4856/9639/4888 4594/9410/4622
f 4744/9418/4776 4856/9639/4888 4855/9635/4887
f 4775/9481/4807 4817/9554/4849 4882/9708/4914
f 4701/9333/4730 4780/9709/4812 4652/9235/4680
f 4744/9418/4776 4857/9640/4889 4856/9639/4888
f 4427/8835/4455 4859/9644/4891 4740/9412/4772
f 4817/9554/4849 4819/9642/4851 4780/9710/4812
f 4820/9558/4852 4818/9555/4850 4857/9641/4889
f 4819/9556/4851 4858/9643/4890 4780/9711/4812
f 4255/8507/4281 4742/9415/4774 4883/9712/4915
f 4883/9712/4915 4742/9415/4774 4779/9485/4811
f 4820/9558/4852 4786/9497/4818 4530/9021/4558
f 4659/9566/4687 4780/9711/4812 4860/9649/4892
f 4707/9350/4736 4785/9496/4817 4860/9649/4892
f 4883/9712/4915 4343/9152/4369 4255/8507/4281
f 4781/9490/4813 4788/9713/4820 4884/9714/4916
f 4820/9558/4852 4784/9648/4816 4786/9497/4818
f 4785/9496/4817 4825/9567/4857 4860/9649/4892
f 4785/9496/4817 4747/9424/4779 4825/9567/4857
f 4885/9715/4917 4824/9716/4856 4783/9491/4815
f 4710/9355/4739 4822/9562/4854 4886/9717/4918
f 4747/9424/4779 4861/9651/4893 4825/9567/4857
f 4786/9497/4818 4784/9648/4816 4711/9356/4740
f 4658/9249/4686 4606/9151/4634 4750/9430/4782
f 4784/9648/4816 4826/9654/4858 4711/9356/4740
f 4861/9651/4893 4713/9358/4742 4825/9567/4857
f 4825/9567/4857 4713/9358/4742 4862/9655/4894
f 4779/9485/4811 4668/9718/4696 4887/9719/4919
f 4784/9720/4816 4828/9721/4860 4826/9570/4858
f 4360/9722/4386 4888/9723/4920 4791/9665/4823
f 4826/9570/4858 4828/9721/4860 4541/9041/4569
f 4541/9041/4569 4828/9721/4860 4827/9574/4859
f 4343/8676/4369 4887/9724/4919 4303/8601/4329
f 4825/9567/4857 4862/9655/4894 4755/9725/4787
f 4863/9660/4895 4719/9370/4748 4866/9666/4898
f 4344/8840/4370 4668/9572/4696 4675/9440/4703
f 4543/9662/4571 4889/9726/4921 4830/9579/4862
f 4543/9727/4571 4792/9728/4824 4889/9729/4921
f 4505/8974/4533 4890/9730/4922 4506/8975/4534
f 4827/9574/4859 4828/9721/4860 4831/9581/4863
f 4505/8974/4533 4387/8892/4415 4891/9731/4923
f 4864/9659/4896 4754/9437/4786 4752/9436/4784
f 4864/9659/4896 4868/9674/4900 4754/9437/4786
f 4828/9721/4860 4834/9732/4866 4831/9581/4863
f 4793/9508/4825 4386/8763/4414 4892/9733/4924
f 4386/8763/4414 4677/9444/4706 4892/9733/4924
f 4474/8929/4502 4506/9042/4534 4796/9516/4828
f 4862/9655/4894 4866/9734/4898 4755/9725/4787
f 4431/8847/4459 4546/9050/4574 4893/9735/4925
f 4831/9581/4863 4834/9732/4866 4832/9582/4864
f 4866/9670/4898 4797/9518/4829 4835/9586/4867
f 4892/9736/4924 4677/9737/4706 4894/9738/4926
f 4866/9739/4898 4837/9740/4869 4755/9741/4787
f 4891/9731/4923 4799/9523/4831 4895/9742/4927
f 4674/9675/4702 4868/9743/4900 4867/9667/4899
f 4677/9737/4706 4623/9589/4651 4894/9738/4926
f 4834/9732/4866 4625/9676/4653 4832/9582/4864
f 4797/9518/4829 4760/9448/4792 4835/9586/4867
f 4867/9667/4899 4869/9680/4901 4722/9668/4754
f 4623/9589/4651 4761/9588/4793 4894/9738/4926
f 4163/8725/4189 4836/9590/4868 4896/9744/4928
f 4891/9731/4923 4897/9745/4929 4799/9523/4831
f 4796/9516/4828 4798/9746/4830 4432/8848/4460
f 4834/9747/4866 4898/9748/4930 4762/9595/4794
f 4868/9674/4900 4680/9749/4709 4899/9750/4931
f 4867/9667/4899 4841/9601/4873 4869/9680/4901
f 4899/9751/4931 4802/9602/4834 4867/9667/4899
f 4629/9187/4657 4869/9680/4901 4840/9600/4872
f 4869/9680/4901 4841/9601/4873 4840/9600/4872
f 4867/9667/4899 4802/9602/4834 4841/9601/4873
f 4899/9752/4931 4680/9290/4709 4514/9292/4542
f 4762/9753/4794 4898/9754/4930 4579/9113/4607
f 4898/9754/4930 4871/9682/4903 4579/9113/4607
f 4838/9598/4870 4683/9296/4712 4839/9599/4871
f 4899/9752/4931 4514/9292/4542 4763/9755/4795
f 4802/9527/4834 4434/9117/4462 4581/9116/4609
f 4759/9756/4791 4582/9118/4610 4764/9466/4796
f 4759/9756/4791 4803/9528/4835 4582/9118/4610
f 4900/9757/4932 4580/9114/4608 4871/9682/4903
f 4583/9119/4611 4901/9758/4933 4764/9759/4796
f 4870/9681/4902 4843/9604/4875 4727/9387/4759
f 4800/9524/4832 4843/9604/4875 4870/9681/4902
f 3918/7865/3944 4333/8657/4359 4902/9760/4934
f 4799/9523/4831 4897/9745/4929 4805/9761/4837
f 4799/9523/4831 4805/9761/4837 4800/9524/4832
f 4903/9762/4935 4732/9607/4764 4521/9010/4549
f 4904/9763/4936 4689/9764/4718 4805/9765/4837
f 4905/9766/4937 4733/9767/4765 4638/9536/4666
f 4905/9766/4937 4638/9536/4666 4768/9474/4800
f 4845/9768/4877 4767/9769/4799 4766/9770/4798
f 4875/9698/4907 4852/9621/4884 4906/9771/4938
f 4849/9616/4881 4846/9612/4878 4877/9701/4909
f 4853/9625/4885 4878/9702/4910 4907/9772/4939
f 4813/9549/4845 4908/9773/4940 4771/9477/4803
f 4908/9773/4940 4813/9549/4845 4879/9704/4911
f 4737/9407/4769 4879/9704/4911 4446/8879/4474
f 4592/9631/4620 4776/9482/4808 4693/9322/4722
f 4879/9704/4911 4737/9407/4769 4814/9550/4846
f 4772/9478/4804 4816/9632/4848 4814/9550/4846
f 4814/9550/4846 4816/9632/4848 4701/9333/4730
f 4816/9552/4848 4773/9479/4805 4854/9634/4886
f 4527/9018/4555 4771/9705/4803 4855/9635/4887
f 4771/9705/4803 4881/9707/4913 4855/9635/4887
f 4701/9333/4730 4816/9632/4848 4854/9774/4886
f 4773/9479/4805 4557/9071/4585 4854/9634/4886
f 4881/9775/4913 4908/9773/4940 4699/9334/4728
f 4908/9773/4940 4701/9333/4730 4699/9334/4728
f 4881/9707/4913 4699/9331/4728 4744/9418/4776
f 4854/9634/4886 4882/9708/4914 4701/9776/4730
f 4774/9633/4806 4740/9777/4772 4880/9706/4912
f 4882/9708/4914 4780/9710/4812 4701/9776/4730
f 4880/9778/4912 4740/9412/4772 4859/9644/4891
f 4817/9554/4849 4780/9710/4812 4882/9708/4914
f 4780/9711/4812 4858/9643/4890 4860/9649/4892
f 4909/9779/4941 4569/9087/4597 4252/8502/4278
f 4778/9484/4810 4886/9780/4918 4748/9646/4780
f 4858/9643/4890 4707/9350/4736 4860/9649/4892
f 4821/9559/4853 4886/9717/4918 4859/9644/4891
f 4864/9659/4896 4748/9658/4780 4886/9781/4918
f 4710/9355/4739 4886/9717/4918 4821/9559/4853
f 4823/9563/4855 4749/9429/4781 4787/9499/4819
f 4788/9713/4820 4824/9716/4856 4910/9782/4942
f 4822/9565/4854 4789/9504/4821 4864/9783/4896
f 4536/9030/4564 4830/9656/4862 4569/9087/4597
f 4864/9783/4896 4789/9504/4821 4911/9784/4943
f 4789/9504/4821 4720/9371/4749 4911/9784/4943
f 4887/9724/4919 4668/9785/4696 4303/8601/4329
f 4863/9657/4895 4866/9734/4898 4862/9655/4894
f 4911/9784/4943 4720/9371/4749 4793/9508/4825
f 4757/9441/4789 4912/9786/4944 4794/9578/4826
f 4344/8840/4370 4913/9787/4945 4303/9098/4329
f 4889/9729/4921 4792/9728/4824 4914/9788/4946
f 4864/9659/4896 4894/9738/4926 4868/9674/4900
f 4915/9789/4947 4891/9731/4923 4387/8892/4415
f 4916/9790/4948 4796/9791/4828 4506/8975/4534
f 4866/9670/4898 4835/9586/4867 4837/9792/4869
f 4894/9738/4926 4761/9588/4793 4868/9674/4900
f 4868/9674/4900 4899/9750/4931 4867/9793/4899
f 4625/9594/4653 4834/9747/4866 4762/9595/4794
f 4680/9749/4709 4868/9674/4900 4761/9588/4793
f 4755/9741/4787 4837/9740/4869 4838/9794/4870
f 4834/9795/4866 4917/9796/4949 4871/9682/4903
f 4303/9098/4329 4918/9797/4950 4724/9454/4756
f 4759/9798/4791 4917/9796/4949 4834/9795/4866
f 4899/9799/4931 4763/9800/4795 4802/9801/4834
f 4834/9795/4866 4871/9682/4903 4898/9754/4930
f 4839/9599/4871 4755/9802/4787 4838/9598/4870
f 4838/9598/4870 4837/9803/4869 4726/9386/4758
f 4901/9758/4933 4917/9796/4949 4759/9798/4791
f 4919/9804/4951 4730/9526/4762 4920/9805/4952
f 4723/9383/4755 4730/9526/4762 4836/9590/4868
f 4763/9806/4795 4434/9117/4462 4802/9527/4834
f 4900/9757/4932 4871/9682/4903 4917/9796/4949
f 4900/9757/4932 4901/9758/4933 4580/9114/4608
f 4580/9114/4608 4901/9758/4933 4583/9119/4611
f 4921/9807/4953 4730/9467/4762 4732/9397/4764
f 4897/9808/4929 4904/9809/4936 4805/9810/4837
f 4521/9010/4549 4493/8953/4521 4903/9762/4935
f 4493/8953/4521 4873/9690/4905 4922/9811/4954
f 4808/9812/4840 4806/9537/4838 4807/9813/4839
f 4923/9814/4955 4852/9621/4884 4924/9815/4956
f 4923/9814/4955 4906/9771/4938 4852/9621/4884
f 4849/9616/4881 4925/9816/4957 4809/9615/4841
f 4852/9621/4884 4853/9625/4885 4907/9772/4939
f 4850/9617/4882 4809/9615/4841 4925/9816/4957
f 4874/9817/4906 4497/9313/4525 4442/8870/4470
f 4879/9704/4911 4814/9550/4846 4908/9773/4940
f 4771/9477/4803 4908/9773/4940 4881/9775/4913
f 4814/9550/4846 4701/9333/4730 4908/9773/4940
f 4694/9323/4723 4880/9706/4912 4776/9636/4808
f 4880/9706/4912 4778/9484/4810 4776/9636/4808
f 4777/9483/4809 4909/9779/4941 4252/8502/4278
f 4777/9483/4809 4536/9030/4564 4909/9779/4941
f 4778/9484/4810 4880/9706/4912 4886/9780/4918
f 4859/9644/4891 4886/9717/4918 4880/9778/4912
f 4883/9712/4915 4779/9485/4811 4926/9818/4958
f 4926/9818/4958 4343/9152/4369 4883/9712/4915
f 4783/9491/4815 4781/9490/4813 4885/9715/4917
f 4926/9818/4958 4779/9485/4811 4343/9152/4369
f 4787/9499/4819 4706/9819/4735 4823/9563/4855
f 4886/9717/4918 4822/9562/4854 4864/9820/4896
f 4824/9716/4856 4885/9715/4917 4910/9782/4942
f 4779/9485/4811 4887/9719/4919 4343/9152/4369
f 4658/9821/4686 4750/9431/4782 4823/9563/4855
f 4360/8712/4386 3903/9039/3929 4888/9822/4920
f 4864/9659/4896 4793/9823/4825 4894/9738/4926
f 4911/9824/4943 4793/9823/4825 4864/9659/4896
f 4718/9366/4747 4829/9576/4861 4927/9825/4959
f 4793/9823/4825 4928/9826/4960 4894/9738/4926
f 4865/9663/4897 4929/9827/4961 4792/9664/4824
f 4344/8840/4370 4303/9098/4329 4668/9572/4696
f 4615/9161/4643 4930/9828/4962 4757/9442/4789
f 4792/9829/4824 4929/9830/4961 4914/9831/4946
f 4912/9786/4944 4931/9832/4963 4794/9578/4826
f 4454/9097/4482 4513/8987/4541 4326/9179/4352
f 4932/9833/4964 4933/9834/4965 4920/9805/4952
f 4896/9744/4928 4836/9590/4868 4920/9805/4952
f 4920/9805/4952 4836/9590/4868 4919/9804/4951
f 4755/9802/4787 4839/9599/4871 4759/9756/4791
f 4836/9590/4868 4730/9526/4762 4919/9804/4951
f 4917/9796/4949 4901/9758/4933 4900/9757/4932
f 4724/9384/4756 4918/9835/4950 4515/8991/4543
f 4839/9599/4871 4803/9528/4835 4759/9756/4791
f 4920/9836/4952 4730/9837/4762 4921/9838/4953
f 4759/9756/4791 4764/9466/4796 4901/9839/4933
f 4518/9688/4546 4872/9685/4904 4731/9684/4763
f 4872/9685/4904 4518/9688/4546 4685/9840/4714
f 4808/9812/4840 4766/9471/4798 4806/9537/4838
f 4934/9841/4966 4905/9842/4937 4768/9697/4800
f 4808/9843/4840 4733/9767/4765 4905/9766/4937
f 4849/9616/4881 4877/9701/4909 4848/9614/4880
f 4849/9616/4881 4848/9614/4880 4876/9844/4908
f 4925/9816/4957 4934/9841/4966 4850/9617/4882
f 4850/9617/4882 4934/9841/4966 4768/9697/4800
f 4852/9621/4884 4907/9772/4939 4924/9815/4956
f 4497/9313/4525 4874/9817/4906 4878/9845/4910
f 4781/9490/4813 4884/9714/4916 4885/9715/4917
f 4909/9779/4941 4536/9030/4564 4569/9087/4597
f 4706/9819/4735 4658/9821/4686 4823/9563/4855
f 4788/9713/4820 4910/9782/4942 4884/9714/4916
f 4791/9665/4823 4888/9723/4920 4865/9663/4897
f 3903/8389/3929 4718/9366/4747 4927/9825/4959
f 4793/9823/4825 4892/9736/4924 4928/9826/4960
f 4362/8927/4388 4915/9789/4947 4387/8892/4415
f 4889/9726/4921 4513/8987/4541 4830/9579/4862
f 4935/9846/4967 4936/9847/4968 4303/9098/4329
f 4894/9738/4926 4928/9826/4960 4892/9736/4924
f 4891/9731/4923 4895/9742/4927 4505/8974/4533
f 4891/9848/4923 4915/9849/4947 4897/9850/4929
f 4303/9098/4329 4937/9851/4969 4918/9797/4950
f 4914/9788/4946 4938/9852/4970 4889/9729/4921
f 4896/9744/4928 4829/9576/4861 4163/8725/4189
f 4939/9853/4971 4932/9854/4964 4914/9855/4946
f 4933/9834/4965 4829/9576/4861 4896/9744/4928
f 4914/9855/4946 4940/9856/4972 4938/9857/4970
f 4933/9834/4965 4896/9744/4928 4920/9805/4952
f 4932/9854/4964 4940/9856/4972 4914/9855/4946
f 4798/9858/4830 4796/9791/4828 4916/9790/4948
f 4920/9836/4952 4921/9838/4953 4932/9859/4964
f 4932/9859/4964 4921/9838/4953 4940/9860/4972
f 4798/9858/4830 4799/9523/4831 4628/9186/4656
f 4941/9861/4973 4546/9050/4574 4804/9529/4836
f 4804/9529/4836 4546/9050/4574 4729/9392/4761
f 4732/9607/4764 4903/9762/4935 4921/9862/4953
f 4942/9863/4974 4904/9864/4936 4897/9865/4929
f 4904/9866/4936 4943/9867/4975 4689/9691/4718
f 4903/9762/4935 4493/8953/4521 4922/9811/4954
f 4944/9868/4976 4874/9692/4906 4689/9691/4718
f 4934/9869/4966 4808/9843/4840 4905/9766/4937
f 4766/9471/4798 4808/9812/4840 4845/9870/4877
f 4849/9616/4881 4934/9841/4966 4925/9816/4957
f 4845/9871/4877 4808/9872/4840 4945/9873/4977
f 4636/9610/4664 4769/9874/4801 4844/9608/4876
f 4946/9875/4978 4878/9876/4910 4944/9868/4976
f 4907/9877/4939 4946/9878/4978 4924/9879/4956
f 4944/9868/4976 4878/9876/4910 4874/9692/4906
f 4946/9878/4978 4907/9877/4939 4878/9880/4910
f 4927/9825/4959 4888/9881/4920 3903/8389/3929
f 4888/9723/4920 4929/9827/4961 4865/9663/4897
f 4937/9851/4969 4303/9098/4329 4936/9847/4968
f 4930/9828/4962 4912/9882/4944 4757/9442/4789
f 4513/8987/4541 4454/9097/4482 4830/9579/4862
f 4915/9849/4947 4362/9883/4388 4431/8847/4459
f 4929/9884/4961 4939/9853/4971 4914/9855/4946
f 4915/9849/4947 4431/8847/4459 4893/9735/4925
f 4833/9583/4865 4930/9828/4962 4615/9161/4643
f 4932/9833/4964 4939/9885/4971 4933/9834/4965
f 4345/9886/4371 4947/9887/4979 4344/9888/4370
f 4913/9787/4945 4948/9889/4980 4303/9098/4329
f 4345/9277/4371 4949/9890/4981 4947/9891/4979
f 4799/9523/4831 4798/9858/4830 4950/9892/4982
f 4938/9857/4970 4940/9856/4972 4951/9893/4983
f 4794/9577/4826 4949/9890/4981 4345/9277/4371
f 4794/9578/4826 4931/9832/4963 4949/9894/4981
f 4438/8861/4466 4842/9603/4874 4801/9525/4833
f 4918/9835/4950 4685/9895/4714 4515/8991/4543
f 4952/9896/4984 4941/9861/4973 4897/9850/4929
f 4872/9685/4904 4953/9897/4985 4804/9686/4836
f 4941/9861/4973 4942/9898/4974 4897/9850/4929
f 3918/7865/3944 4902/9760/4934 4414/9899/4442
f 4943/9867/4975 4944/9868/4976 4689/9691/4718
f 4954/9900/4986 4769/9475/4801 4845/9611/4877
f 4844/9608/4876 4769/9874/4801 4954/9901/4986
f 4955/9902/4987 4924/9879/4956 4946/9878/4978
f 4934/9903/4966 4849/9904/4881 4956/9905/4988
f 4954/9900/4986 4845/9611/4877 4945/9906/4977
f 4875/9907/4907 4923/9908/4955 4924/9879/4956
f 4957/9909/4989 4876/9910/4908 4875/9907/4907
f 4957/9909/4989 4849/9911/4881 4876/9910/4908
f 4923/9908/4955 4875/9907/4907 4906/9912/4938
f 4884/9714/4916 4910/9782/4942 4885/9715/4917
f 4890/9730/4922 4916/9790/4948 4506/8975/4534
f 4829/9576/4861 4933/9834/4965 4939/9885/4971
f 4833/9583/4865 4801/9913/4833 4930/9828/4962
f 4328/9293/4354 4801/9525/4833 4833/9914/4865
f 4799/9523/4831 4950/9892/4982 4895/9742/4927
f 4940/9856/4972 4958/9915/4990 4951/9893/4983
f 4913/9787/4945 4959/9916/4991 4948/9889/4980
f 4344/8840/4370 4960/9917/4992 4913/9787/4945
f 4938/9918/4970 4951/9919/4983 4961/9920/4993
f 4958/9915/4990 4940/9856/4972 4962/9921/4994
f 4303/9098/4329 4948/9889/4980 4935/9846/4967
f 4940/9856/4972 4963/9922/4995 4962/9921/4994
f 4938/9918/4970 4961/9920/4993 4889/9923/4921
f 4921/9838/4953 4964/9924/4996 4940/9860/4972
f 4889/9726/4921 4961/9925/4993 4965/9926/4997
f 4940/9927/4972 4964/9928/4996 4963/9929/4995
f 4931/9930/4963 4801/9931/4833 4965/9932/4997
f 4921/9862/4953 4903/9762/4935 4964/9933/4996
f 4942/9863/4974 4943/9934/4975 4904/9864/4936
f 4966/9935/4998 4944/9868/4976 4943/9867/4975
f 4966/9935/4998 4946/9875/4978 4944/9868/4976
f 4922/9811/4954 4873/9690/4905 4588/9312/4616
f 4967/9936/4999 4946/9937/4978 4968/9938/5000
f 4922/9939/4954 4588/9696/4616 4844/9695/4876
f 4967/9936/4999 4955/9940/4987 4946/9937/4978
f 4934/9941/4966 4969/9942/5001 4808/9943/4840
f 4875/9907/4907 4924/9879/4956 4957/9909/4989
f 4957/9909/4989 4924/9879/4956 4955/9902/4987
f 4956/9905/4988 4849/9904/4881 4957/9944/4989
f 4888/9881/4920 4927/9825/4959 4970/9945/5002
f 4970/9946/5002 4929/9827/4961 4888/9723/4920
f 4912/9882/4944 4930/9828/4962 4971/9947/5003
f 4505/8974/4533 4972/9948/5004 4890/9730/4922
f 4829/9576/4861 4973/9949/5005 4927/9825/4959
f 4973/9949/5005 4829/9576/4861 4939/9885/4971
f 4890/9730/4922 4972/9948/5004 4916/9790/4948
f 4505/8974/4533 4895/9742/4927 4972/9948/5004
f 4893/9735/4925 4546/9050/4574 4941/9861/4973
f 4913/9787/4945 4960/9917/4992 4959/9916/4991
f 4974/9950/5006 4685/9895/4714 4918/9835/4950
f 4961/9920/4993 4975/9951/5007 4963/9952/4995
f 4948/9889/4980 4976/9953/5008 4935/9846/4967
f 4974/9954/5006 4872/9685/4904 4685/9840/4714
f 4977/9955/5009 4978/9956/5010 4948/9957/4980
f 4344/9958/4370 4947/9959/4979 4960/9960/4992
f 4978/9956/5010 4979/9961/5011 4948/9957/4980
f 4976/9953/5008 4948/9889/4980 4979/9962/5011
f 4947/9963/4979 4980/9964/5012 4960/9965/4992
f 4931/9832/4963 4981/9966/5013 4949/9894/4981
f 4931/9967/4963 4965/9968/4997 4981/9969/5013
f 4942/9863/4974 4982/9970/5014 4943/9934/4975
f 4966/9971/4998 4968/9938/5000 4946/9937/4978
f 4955/9940/4987 4967/9936/4999 4983/9972/5015
f 4969/9973/5001 4945/9873/4977 4808/9872/4840
f 4984/9974/5016 4934/9903/4966 4956/9905/4988
f 4927/9825/4959 4973/9949/5005 4970/9945/5002
f 4970/9945/5002 4939/9885/4971 4929/9975/4961
f 4973/9949/5005 4939/9885/4971 4970/9945/5002
f 4937/9851/4969 4936/9847/4968 4935/9846/4967
f 4889/9726/4921 4985/9976/5017 4513/8987/4541
f 4972/9948/5004 4798/9858/4830 4916/9790/4948
f 4895/9742/4927 4950/9892/4982 4972/9948/5004
f 4915/9849/4947 4952/9896/4984 4897/9850/4929
f 4935/9977/4967 4976/9978/5008 4986/9979/5018
f 4972/9948/5004 4950/9892/4982 4798/9858/4830
f 4889/9726/4921 4965/9926/4997 4985/9976/5017
f 4987/9980/5019 4988/9981/5020 4958/9915/4990
f 4958/9915/4990 4975/9982/5007 4951/9893/4983
f 4958/9915/4990 4988/9981/5020 4975/9982/5007
f 4951/9919/4983 4975/9951/5007 4961/9920/4993
f 4959/9983/4991 4960/9984/4992 4989/9985/5021
f 4975/9951/5007 4990/9986/5022 4963/9952/4995
f 4960/9984/4992 4978/9956/5010 4977/9955/5009
f 4801/9931/4833 4991/9987/5023 4965/9932/4997
f 4992/9988/5024 4982/9989/5014 4942/9990/4974
f 4976/9953/5008 4979/9962/5011 4993/9991/5025
f 4949/9894/4981 4981/9966/5013 4947/9992/4979
f 4965/9993/4997 4964/9994/4996 4981/9995/5013
f 4976/9978/5008 4993/9996/5025 4994/9997/5026
f 4994/9998/5026 4993/9999/5025 4982/10000/5014
f 4982/10001/5014 4995/10002/5027 4943/10003/4975
f 4982/10001/5014 4993/10004/5025 4995/10002/5027
f 4903/9762/4935 4922/9811/4954 4964/9933/4996
f 4996/10005/5028 4968/10006/5000 4966/10007/4998
f 4955/9940/4987 4983/9972/5015 4997/10008/5029
f 4955/9940/4987 4998/10009/5030 4957/10010/4989
f 4954/10011/4986 4945/9873/4977 4969/9973/5001
f 4968/9938/5000 4999/10012/5031 4967/9936/4999
f 4983/9972/5015 4967/9936/4999 5000/10013/5032
f 5000/10013/5032 4967/9936/4999 4999/10012/5031
f 4937/9851/4969 4935/9846/4967 4986/10014/5018
f 4915/9849/4947 4893/9735/4925 5001/10015/5033
f 5001/10015/5033 4893/9735/4925 4941/9861/4973
f 5002/10016/5034 4987/9980/5019 4958/9915/4990
f 4958/9915/4990 4962/9921/4994 5002/10016/5034
f 4987/9980/5019 4975/9982/5007 4988/9981/5020
f 5001/10015/5033 4941/9861/4973 4952/9896/4984
f 4987/9980/5019 4990/10017/5022 4975/9982/5007
f 4941/10018/4973 4804/9686/4836 4953/9897/4985
f 4990/10017/5022 4962/9921/4994 4963/9922/4995
f 4976/9978/5008 4994/9997/5026 5003/10019/5035
f 4989/9985/5021 4960/9984/4992 4977/9955/5009
f 4994/10020/5026 4982/9989/5014 4974/9954/5006
f 4991/10021/5023 5004/10022/5036 4965/10023/4997
f 4947/9963/4979 5005/10024/5037 4980/9964/5012
f 4947/9992/4979 4981/9966/5013 5005/10025/5037
f 4960/10026/4992 4980/10027/5012 4978/10028/5010
f 4961/9920/4993 4964/10029/4996 4965/10030/4997
f 4963/9952/4995 4964/10029/4996 4961/9920/4993
f 5006/10031/5038 4993/10032/5025 4979/10033/5011
f 4995/10002/5027 4957/10010/4989 4943/10003/4975
f 4997/10008/5029 4957/10010/4989 5007/10034/5039
f 4996/10005/5028 4983/9972/5015 4968/10006/5000
f 4996/10005/5028 4997/10008/5029 4983/9972/5015
f 4968/10006/5000 4983/9972/5015 5008/10035/5040
f 4957/10010/4989 4998/10009/5030 5007/10034/5039
f 4984/9974/5016 4969/10036/5001 4934/9903/4966
f 4912/9882/4944 4971/9947/5003 5009/10037/5041
f 4930/9828/4962 4801/9913/4833 4971/9947/5003
f 4912/9882/4944 5009/10037/5041 4931/10038/4963
f 4513/8987/4541 4985/9976/5017 4331/8988/4357
f 4915/9849/4947 5001/10015/5033 4952/9896/4984
f 4986/9979/5018 5003/10019/5035 4918/9835/4950
f 4986/9979/5018 4976/9978/5008 5003/10019/5035
f 4931/10039/4963 5009/10040/5041 4801/10041/4833
f 5003/10019/5035 4974/9950/5006 4918/9835/4950
f 4985/10042/5017 4965/10023/4997 5010/10043/5042
f 4959/9916/4991 4989/10044/5021 4948/9889/4980
f 4948/9889/4980 4989/10044/5021 4977/10045/5009
f 4941/10018/4973 4953/9897/4985 4992/9988/5024
f 5003/10019/5035 4994/9997/5026 5011/10046/5043
f 4941/10018/4973 4992/9988/5024 4942/9990/4974
f 4902/9760/4934 5012/10047/5044 4414/9899/4442
f 4991/10048/5023 5012/10049/5044 5004/10050/5036
f 5010/10043/5042 4965/10023/4997 5004/10022/5036
f 5010/10043/5042 5004/10022/5036 5012/10047/5044
f 4980/10051/5012 4979/10052/5011 4978/10053/5010
f 4981/10054/5013 5013/10055/5045 4969/9973/5001
f 4964/9994/4996 5013/10056/5045 4981/9995/5013
f 4993/10004/5025 4957/10010/4989 4995/10002/5027
f 5006/10031/5038 4979/10033/5011 5014/10057/5046
f 4981/9966/5013 4969/10058/5001 5005/10025/5037
f 4980/10051/5012 4984/10059/5016 4979/10052/5011
f 4993/10032/5025 5015/10060/5047 5016/10061/5048
f 4979/10033/5011 4984/9974/5016 5014/10057/5046
f 4964/9933/4996 4922/9811/4954 5017/10062/5049
f 4943/10003/4975 4996/10005/5028 4966/10007/4998
f 4993/10032/5025 5016/10061/5048 4957/9944/4989
f 4943/10003/4975 4957/10010/4989 4996/10005/5028
f 4980/10051/5012 5005/10063/5037 4984/10059/5016
f 4957/10010/4989 4997/10008/5029 4996/10005/5028
f 5014/10057/5046 4984/9974/5016 5016/10061/5048
f 5013/10055/5045 4954/10011/4986 4969/9973/5001
f 4969/10064/5001 4984/10065/5016 5005/10066/5037
f 4922/9939/4954 4844/9695/4876 5017/10067/5049
f 4998/10009/5030 4955/9940/4987 4997/10008/5029
f 5016/10061/5048 4956/9905/4988 4957/9944/4989
f 4984/9974/5016 4956/9905/4988 5016/10061/5048
f 4844/9695/4876 4954/10068/4986 5017/10067/5049
f 4918/9797/4950 4937/9851/4969 4986/10014/5018
f 4971/10069/5003 4801/10041/4833 5009/10040/5041
f 4962/9921/4994 4987/9980/5019 5002/10016/5034
f 5010/10043/5042 4331/8780/4357 4985/10042/5017
f 4990/10017/5022 4987/9980/5019 4962/9921/4994
f 4333/8657/4359 4331/8780/4357 5010/10043/5042
f 4872/9685/4904 4992/9988/5024 4953/9897/4985
f 4872/9685/4904 4974/9954/5006 4992/9988/5024
f 4902/9760/4934 4333/8657/4359 5010/10043/5042
f 4902/9760/4934 5010/10043/5042 5012/10047/5044
f 4982/9989/5014 4992/9988/5024 4974/9954/5006
f 4308/8611/4334 5012/10049/5044 4991/10048/5023
f 4308/8611/4334 4414/8816/4442 5012/10049/5044
f 4964/9933/4996 5017/10062/5049 5013/10070/5045
f 4993/10032/5025 5018/10071/5050 5015/10060/5047
f 5006/10031/5038 5018/10071/5050 4993/10032/5025
f 5006/10031/5038 5019/10072/5051 5018/10071/5050
f 5016/10061/5048 5015/10060/5047 5020/10073/5052
f 5014/10057/5046 5016/10061/5048 5019/10072/5051
f 5007/10034/5039 4998/10009/5030 4997/10008/5029
f 4954/10074/4986 5013/10075/5045 5017/10076/5049
f 4983/9972/5015 5000/10013/5032 5021/10077/5053
f 4968/9938/5000 5008/10078/5040 4999/10012/5031
f 5003/10019/5035 5011/10046/5043 4974/9950/5006
f 4842/9603/4874 4308/8996/4334 4801/9525/4833
f 4801/9525/4833 4308/8996/4334 4991/10079/5023
f 4994/10020/5026 4974/9954/5006 5011/10080/5043
f 5006/10031/5038 5014/10057/5046 5019/10072/5051
f 4983/9972/5015 5021/10077/5053 5008/10035/5040
f 5018/10071/5050 5020/10073/5052 5015/10060/5047
f 5016/10061/5048 5020/10073/5052 5019/10072/5051
f 5000/10013/5032 5022/10081/5054 5021/10077/5053
f 4999/10012/5031 5022/10081/5054 5000/10013/5032
f 4999/10012/5031 5023/10082/5055 5022/10081/5054
f 5018/10071/5050 5019/10072/5051 5020/10073/5052
f 5008/10078/5040 5023/10082/5055 4999/10012/5031
f 5024/10083/5056 5025/10084/5057 5026/10085/5058
f 5008/10078/5040 5027/10086/5059 5023/10082/5055
f 5028/10087/5060 5024/10088/5056 5029/10089/5061
f 5024/10088/5056 5026/10090/5058 5029/10089/5061
f 5024/10088/5056 5030/10091/5062 5031/10092/5063
f 5028/10087/5060 5029/10089/5061 5030/10091/5062
f 5008/10078/5040 5021/10093/5053 5027/10086/5059
f 5021/10077/5053 5030/10094/5064 5032/10095/5065
f 5028/10087/5060 5030/10091/5062 5024/10088/5056
f 5021/10077/5053 5022/10081/5054 5033/10096/5066
f 5023/10082/5055 5027/10086/5059 5022/10081/5054
f 5024/10083/5056 5031/10097/5063 5025/10084/5057
f 5026/10085/5058 5025/10084/5057 5034/10098/5067
f 5021/10077/5053 5033/10096/5066 5030/10094/5064
f 5033/10096/5066 5022/10081/5054 5027/10086/5059
f 5026/10085/5058 5035/10099/5068 5029/10100/5061
f 5029/10089/5061 5036/10101/5069 5030/10091/5062
f 5029/10089/5061 5037/10102/5070 5036/10101/5069
f 5031/10097/5063 5038/10103/5071 5025/10084/5057
f 5025/10084/5057 5038/10103/5071 5034/10098/5067
f 5030/10091/5062 5036/10101/5069 5031/10092/5063
f 5026/10085/5058 5034/10098/5067 5035/10099/5068
f 5038/10103/5071 5039/10104/5072 5034/10098/5067
f 5037/10102/5070 5040/10105/5073 5036/10101/5069
f 5041/10106/5074 5031/10092/5063 5036/10101/5069
f 5029/10107/5061 5035/10108/5068 5042/10109/5075
f 5034/10098/5067 5039/10104/5072 5035/10099/5068
f 5037/10102/5070 5029/10089/5061 5042/10110/5075
f 5031/10111/5063 5041/10112/5074 5043/10113/5076
f 5031/10097/5063 5039/10104/5072 5038/10103/5071
f 5037/10102/5070 5042/10110/5075 5040/10105/5073
f 5040/10105/5073 5041/10106/5074 5036/10101/5069
f 5031/10097/5063 5043/10114/5076 5039/10104/5072
f 5035/10099/5068 5039/10104/5072 5043/10114/5076
f 5042/10110/5075 5041/10106/5074 5040/10105/5073
f 5042/10109/5075 5035/10108/5068 5041/10112/5074
f 5041/10112/5074 5035/10108/5068 5043/10113/5076
